Игрок;Координаты;Очки;Копья;Мечи;Топоры;Лазы;ЛК;ТК;Тараны;Каты;Пал;Двор
9731;431|582;9537;4300;12604;0;192;713;0;6;127;0;0
9731;507|583;10636;0;0;6084;143;2000;0;600;10;1;8
9731;499|586;10013;4751;12260;0;463;501;0;4;150;0;0
9731;517|576;11243;2355;6981;0;260;214;0;1;124;1;0
9731;500|589;10070;4484;13416;25;200;435;0;2;102;1;1
9731;508|586;10355;4439;11676;0;228;757;0;8;200;1;1
9731;504|590;10495;0;0;5862;139;2569;0;600;10;0;7
9731;525|601;10753;4503;14291;1;121;231;0;1;150;0;4
9731;430|580;9976;3491;10561;0;341;879;199;5;150;0;6
9731;472|604;10083;4657;13548;0;241;374;0;0;71;0;0
9731;428|580;9840;3700;11060;480;392;760;191;0;141;0;2
9731;462|599;9550;4872;14773;0;203;228;0;5;64;0;2
9731;408|553;9765;4109;12285;0;300;541;0;5;45;0;0
9731;479|608;8663;3600;7873;0;716;1590;0;10;212;0;0
9731;397|536;9903;3613;10672;1;400;905;0;5;220;0;0
8Taras8;431|575;9495;10192;10474;0;150;0;0;10;0;1;18
8Taras8;428|575;9316;10264;10407;0;200;0;0;10;0;1;18
8Taras8;427|576;9309;9251;9267;0;370;0;0;5;0;1;34
8Taras8;417|575;1463;515;535;0;0;0;0;0;0;0;0
8Taras8;413|568;9386;10250;9844;0;380;0;0;10;0;1;17
8Taras8;408|555;5960;3127;3303;0;410;0;0;15;0;0;0
8Taras8;458|601;9315;0;0;10095;199;2122;0;500;0;1;12
8Taras8;458|600;1941;1212;1095;0;0;0;0;0;0;0;0
8Taras8;454|600;5757;0;1;6284;100;2334;0;290;0;1;0
8Taras8;466|601;11112;5385;4690;0;490;1122;0;20;300;0;6
AdreNoliN;459|540;7851;0;0;9499;28;1603;0;597;0;0;6
AdreNoliN;458|540;7122;10781;9588;0;71;0;0;0;0;1;0
AdreNoliN;433|589;1388;0;0;0;0;0;0;0;0;0;0
AdreNoliN;434|550;6852;11932;8731;0;260;0;0;5;0;0;0
AdreNoliN;456|545;7029;4262;2814;0;72;0;0;0;0;1;0
AdreNoliN;489|538;7851;0;0;7842;73;2010;0;664;0;0;5
AdreNoliN;448|548;7851;0;0;9934;54;1357;0;517;0;0;7
AdreNoliN;454|570;6852;12081;8237;0;347;0;0;8;0;0;0
AdreNoliN;448|547;6816;9618;3221;0;1044;0;0;25;0;0;0
AdreNoliN;436|568;7636;0;0;9807;31;2256;0;454;0;0;5
AdreNoliN;459|541;8421;5086;5040;0;29;0;0;0;0;0;0
AdreNoliN;441|539;6879;12124;8973;0;533;0;0;17;0;0;0
AdreNoliN;447|548;6849;12518;9543;0;489;0;0;31;0;0;0
AdreNoliN;415|540;6769;9480;9482;17;758;0;200;53;0;0;0
AdreNoliN;420|528;6849;11526;9908;0;203;0;0;2;0;0;0
AdreNoliN;417|529;6812;12162;8562;0;579;0;0;2;0;0;0
AdreNoliN;413|543;6849;12137;9016;0;347;0;0;1;0;0;0
AdreNoliN;401|525;6849;11480;9715;0;321;0;0;3;0;0;0
AdreNoliN;407|540;6849;10442;10982;0;209;0;0;2;0;0;0
AdreNoliN;398|515;6852;10368;10358;0;556;0;0;3;0;0;0
AdreNoliN;396|527;4213;0;0;0;0;0;0;0;0;0;0
AdreNoliN;396|525;6927;1915;1825;0;300;0;0;24;0;0;0
AdreNoliN;446|549;6849;11033;5947;0;757;0;0;23;0;0;0
AdreNoliN;478|582;6849;14941;7188;0;563;0;0;8;0;0;0
AdreNoliN;460|578;6863;12029;9118;0;342;0;0;4;0;0;0
AdreNoliN;447|572;6849;12203;7716;0;370;0;0;2;0;0;0
AdreNoliN;454|580;6849;14002;7050;0;371;0;0;1;0;0;0
AdreNoliN;456|589;6849;11868;9418;0;280;0;0;1;0;0;0
AdreNoliN;445|571;6820;10343;9859;0;486;0;100;33;0;0;0
AdreNoliN;425|571;6852;10696;10475;0;256;0;0;2;0;0;0
AdreNoliN;431|580;6852;9404;10422;0;350;0;0;3;0;0;0
AdreNoliN;404|504;6998;9356;8276;0;242;0;327;16;0;0;5
AdreNoliN;404|507;7598;0;0;8488;36;1512;0;572;0;0;5
AdreNoliN;448|546;7629;0;0;9131;30;1648;0;550;0;0;5
AdreNoliN;448|550;6849;12457;7854;0;719;0;0;28;0;0;0
AdreNoliN;446|547;6849;10416;6846;0;730;0;0;22;0;0;0
AdreNoliN;502|535;7122;10330;8989;0;394;0;0;0;0;1;0
AdreNoliN;408|505;6849;11851;9147;0;424;0;0;1;0;0;0
AdreNoliN;402|501;6849;10142;10817;0;441;0;0;2;0;0;0
AdreNoliN;453|550;5494;0;0;11373;65;1749;0;939;0;1;0
AdreNoliN;442|539;6911;11008;7775;0;703;0;0;17;0;0;0
AdreNoliN;442|553;5494;0;0;10258;33;1932;0;953;0;1;0
AdreNoliN;432|570;5470;0;0;9422;69;2408;0;836;0;1;0
AdreNoliN;441|587;6852;10828;10617;0;203;0;0;1;0;0;0
AdreNoliN;404|553;5470;0;0;9921;25;2978;0;855;0;1;0
AdreNoliN;445|593;6801;12031;8729;0;514;0;0;28;0;0;0
AdreNoliN;439|540;6835;11110;10061;0;343;0;0;1;0;0;0
AdreNoliN;430|541;6849;11144;10137;0;284;0;0;1;0;0;0
AdreNoliN;427|548;6849;10502;10180;0;580;0;0;2;0;0;0
AdreNoliN;436|562;6849;10891;9920;0;519;0;0;1;0;0;0
AdreNoliN;428|555;6849;10754;9929;0;581;0;0;1;0;0;0
AdreNoliN;487|596;6863;7002;10554;0;485;0;0;6;0;0;0
AdreNoliN;398|531;6669;11235;9372;0;630;0;0;25;0;0;0
AdreNoliN;398|524;6646;9950;10167;0;972;0;0;21;0;0;0
AdreNoliN;416|566;6835;10375;7099;0;943;0;0;4;0;0;0
AdreNoliN;440|541;6828;11543;10233;0;501;0;0;9;0;0;0
AdreNoliN;432|538;7654;0;0;7017;29;2167;0;445;0;0;5
Apprentice;535|570;9966;9379;696;0;293;0;1632;0;20;0;0
Apprentice;535|572;11583;10;10;6350;50;3000;0;300;10;0;2
Apprentice;529|575;9966;9997;500;0;346;0;1544;0;20;0;0
Apprentice;528|576;9923;10;10;6947;50;2996;0;299;10;0;0
Apprentice;532|574;9966;10;10;6913;50;3000;0;300;10;0;0
Apprentice;534|574;10375;9325;493;0;378;0;1630;0;20;0;0
Apprentice;530|575;9966;10;10;6913;50;3000;0;300;10;0;0
Apprentice;535|571;10040;10;10;8886;50;2283;0;1000;10;1;0
Apprentice;530|576;10178;9945;483;0;350;0;1554;0;20;0;0
Apprentice;535|575;11550;9994;500;0;323;0;1440;0;20;0;0
Apprentice;538|575;10040;10;10;9087;50;2283;0;1000;10;0;0
Apprentice;528|577;10030;10;10;7000;50;2966;0;300;10;0;0
Apprentice;534|575;10040;10;10;6011;50;3000;0;300;10;0;0
Apprentice;536|574;10237;9901;9941;0;298;0;0;0;20;0;0
Apprentice;538|574;10078;9888;500;0;347;0;1561;5;20;0;0
Apprentice;533|575;10401;10;10;6861;50;3000;0;300;10;0;0
Apprentice;528|578;9902;9985;491;0;354;0;1556;0;20;0;0
Apprentice;526|579;9966;10;10;7000;50;2965;0;300;10;0;0
Apprentice;533|578;10495;8;8;5003;50;2723;0;300;10;0;0
Apprentice;515|583;10001;473;10;7000;50;2836;25;300;10;0;0
Apprentice;535|579;9966;10000;500;0;289;0;1292;0;20;0;0
Apprentice;535|578;9902;9930;500;0;347;0;1566;0;20;0;0
Apprentice;529|580;9988;10;10;6925;50;2996;0;299;10;0;0
Apprentice;537|577;9902;10;10;6980;50;3000;0;300;10;0;0
Apprentice;539|578;9966;8109;490;0;306;0;1347;0;20;0;0
Apprentice;538|576;11020;6235;224;0;154;0;652;0;20;0;0
Apprentice;537|578;9902;9;9;5430;50;2902;0;300;10;0;0
Apprentice;517|587;9966;10000;500;0;344;0;1544;0;20;0;0
Apprentice;531|582;9966;10;10;5915;50;3000;0;300;10;0;0
Apprentice;522|586;9976;10;10;7000;50;2920;0;300;45;0;0
Apprentice;533|579;9902;10;10;6157;50;3000;0;300;10;0;0
Apprentice;532|582;9902;9992;1790;0;334;0;1505;0;20;0;0
Apprentice;527|585;9966;9174;495;0;361;0;1677;0;20;0;0
Apprentice;540|578;9902;7895;491;0;5167;0;0;0;20;0;0
Apprentice;532|584;10262;10;10;5407;50;2895;0;300;10;0;0
Apprentice;536|579;9290;10;10;2837;40;1448;0;259;10;0;0
Apprentice;545|581;9902;9798;9810;0;288;0;56;0;20;0;0
Apprentice;527|587;9902;7429;7435;0;300;0;131;0;20;0;0
Apprentice;544|581;9976;10;10;7000;50;2990;0;300;10;0;0
Apprentice;532|590;9902;9215;9204;0;523;0;0;0;0;1;0
Apprentice;544|582;9902;7798;7770;0;300;0;22;0;20;0;0
Apprentice;528|589;9902;10165;10165;0;415;0;0;0;0;0;0
Apprentice;532|578;9924;10;10;6982;50;2998;0;300;10;0;0
Apprentice;535|576;9902;9523;491;0;372;0;1627;0;20;0;0
Apprentice;534|576;9690;9505;9474;0;300;0;0;0;20;0;2
Apprentice;536|577;9637;10;10;5448;50;2630;0;300;0;0;1
Apprentice;535|577;9457;9994;495;0;272;0;1612;0;20;0;0
Apprentice;510|515;11244;10;10;2003;26;1442;0;170;10;0;3
Apprentice;530|525;10157;10;10;4088;45;2191;0;300;10;0;0
Apprentice;529|525;10237;8555;464;0;379;0;1718;0;20;0;0
Apprentice;543|524;11486;10;7;2201;24;1216;0;300;10;0;2
Apprentice;541|521;10301;10;10;4219;50;2249;0;300;10;0;0
Apprentice;440|436;10301;3822;194;0;212;0;884;0;20;0;2
Apprentice;441|436;9939;370;50;0;20;0;56;0;19;0;0
Apprentice;443|431;10301;7;7;1365;27;975;0;210;10;0;1
Apprentice;440|435;9902;105;50;1200;29;680;0;107;10;0;0
Apprentice;444|433;10334;250;50;0;283;0;0;0;20;0;0
Apprentice;448|434;10160;332;50;0;20;0;81;0;20;0;0
Apprentice;446|432;10351;2380;145;0;168;0;693;0;20;0;1
Apprentice;443|434;9902;1995;114;0;91;0;407;0;20;0;2
Apprentice;503|584;10043;10483;10449;0;205;0;0;0;19;0;0
Apprentice;504|583;9966;10636;10677;0;290;0;0;0;20;0;0
Apprentice;504|585;10043;9892;9882;0;300;0;0;0;20;0;0
Apprentice;500|585;9902;10;20;7000;50;2992;0;300;10;0;0
Apprentice;507|585;9966;9971;9972;0;255;0;0;0;20;0;0
Apprentice;505|593;9923;10;10;7000;50;2964;0;300;10;0;0
Apprentice;503|594;11550;173;29;6500;50;2825;43;300;10;0;0
Apprentice;505|598;9923;9906;9893;0;300;0;0;0;20;0;0
Apprentice;505|599;11550;7693;7689;0;300;0;314;0;20;0;0
Apprentice;548|587;9902;8731;8742;0;300;0;0;0;105;0;0
Apprentice;501|596;11550;8831;8849;0;300;0;250;0;20;0;0
Apprentice;512|598;11550;8780;8760;0;241;0;293;0;20;0;0
Apprentice;510|598;11550;90;10;6980;50;2795;0;300;10;0;0
Apprentice;509|601;11321;8730;8715;0;245;0;320;0;17;0;0
Apprentice;543|591;9902;9731;9749;0;243;0;199;0;60;0;0
Apprentice;546|594;9902;10189;10211;0;300;0;0;0;20;0;0
Apprentice;488|605;10066;9349;9338;0;300;0;0;0;20;0;0
Apprentice;496|604;9690;9995;9999;0;287;0;0;0;20;0;0
Apprentice;496|605;9782;9786;9809;0;475;0;0;0;20;0;0
Apprentice;485|606;9902;10414;10430;0;398;0;0;0;0;0;0
Apprentice;485|607;9707;9702;9697;0;338;0;0;0;20;0;0
Apprentice;460|599;9707;10353;10330;0;300;0;0;0;20;0;0
Apprentice;457|602;9902;9947;9973;0;300;0;0;0;20;0;0
Apprentice;464|605;9902;10230;10250;0;300;0;0;0;20;0;4
Apprentice;535|595;9902;9700;9692;0;300;0;208;0;20;0;0
Apprentice;535|599;9654;9924;9934;0;621;0;0;0;20;0;0
Apprentice;450|475;10117;7238;369;0;342;0;1453;0;20;0;0
Apprentice;455|469;10393;5140;299;0;253;0;1073;0;20;0;0
Apprentice;455|467;11566;3165;170;0;184;0;796;0;20;1;3
Apprentice;454|468;10160;10;10;6723;50;3000;0;300;10;0;2
Apprentice;448|477;9912;7238;387;0;352;0;1544;0;20;0;0
Apprentice;446|477;9955;10;10;4560;46;2106;0;272;10;0;0
Apprentice;449|469;10544;6555;348;0;253;0;1101;0;20;0;0
Apprentice;448|467;10452;6791;383;0;323;0;1164;0;20;0;2
Apprentice;443|476;9902;10;10;6795;50;3000;0;297;10;0;2
Apprentice;452|462;10160;7;7;3695;44;2440;0;300;10;0;0
Apprentice;444|474;9584;5090;263;0;290;0;1096;0;20;0;0
Apprentice;445|475;11244;3111;187;0;161;0;667;0;20;0;0
Apprentice;449|466;10452;10;10;6835;50;2911;0;300;10;0;0
Apprentice;450|465;10160;6680;355;0;333;0;1432;0;20;0;0
Apprentice;443|473;9912;6952;371;0;366;0;1612;0;20;0;0
Apprentice;450|464;10160;10;10;5630;50;3000;0;300;10;0;2
Apprentice;445|474;9912;10;10;4178;42;2018;0;264;10;0;2
Apprentice;454|458;10160;383;50;0;20;0;93;0;20;0;0
Apprentice;439|477;9924;3912;350;0;214;0;896;0;20;0;0
Apprentice;443|469;10452;10;10;6535;50;3000;0;300;10;0;2
Apprentice;453|467;10109;6195;350;0;315;0;1346;0;20;0;0
Apprentice;442|472;10452;3764;245;0;239;0;1006;0;20;0;0
Apprentice;444|469;10452;5452;311;0;266;0;1175;0;20;0;1
Apprentice;439|478;9344;3300;353;0;201;0;858;0;20;0;0
Apprentice;439|469;10452;7309;368;0;349;0;1568;0;20;0;0
Apprentice;440|470;10299;10;10;7000;38;2116;0;300;10;0;0
Apprentice;437|472;9894;3875;273;0;228;0;854;0;20;0;0
Apprentice;447|472;9692;771;7;4651;50;2107;0;223;10;0;2
Apprentice;442|475;10409;10;10;1371;31;740;0;142;10;0;0
Apprentice;439|470;10544;10;10;6100;50;3000;0;300;10;0;2
Apprentice;448|475;10117;10;10;7000;22;710;0;300;10;0;1
Apprentice;440|471;10452;7779;391;0;322;0;1446;0;20;0;0
Apprentice;445|477;9976;7438;420;0;355;0;1520;0;20;0;0
Apprentice;439|472;10246;10;10;5845;47;2515;0;300;10;0;0
Apprentice;438|475;9902;10;10;6900;50;3000;0;276;10;0;2
Apprentice;439|473;10452;4903;335;0;301;0;1053;0;20;0;0
Apprentice;453|466;10224;7;7;4858;50;2649;0;300;10;0;1
Apprentice;437|469;10452;4810;254;0;268;0;1172;0;20;0;0
Apprentice;444|471;9984;19;10;7000;50;2955;0;300;10;0;0
Apprentice;437|468;10452;10;10;7000;48;2351;0;300;10;1;2
Apprentice;446|474;9450;4038;246;0;296;0;1322;0;20;0;0
Apprentice;456|469;9923;10;10;6225;50;3000;0;300;10;0;2
Apprentice;450|444;10833;4068;4048;0;343;0;0;0;20;1;0
Apprentice;427|460;9841;6021;308;0;296;0;1279;0;20;0;0
Apprentice;428|458;10378;7972;432;0;381;0;1712;0;20;0;0
Apprentice;430|456;10371;6690;349;0;292;0;1315;0;0;0;0
Apprentice;426|460;9841;6941;363;0;357;0;1526;0;20;0;0
Apprentice;427|457;10431;10;10;2755;50;3000;0;211;10;0;0
Apprentice;430|455;9902;10;10;2363;50;3000;0;145;10;0;1
Apprentice;429|455;9931;5993;300;0;291;0;1274;0;0;0;0
Apprentice;425|454;10160;6963;395;0;354;0;1518;0;20;0;0
Apprentice;437|473;9902;10;10;6809;50;3000;0;300;10;0;0
Apprentice;511|542;10237;10;10;2719;35;1480;0;300;10;0;0
Apprentice;510|547;9988;43;10;7000;50;1986;0;300;10;0;0
Apprentice;512|541;10237;9325;466;0;331;0;1436;0;20;0;0
Apprentice;514|542;10237;10;10;3120;45;1542;0;232;10;0;2
Apprentice;508|545;11318;48;7;3239;18;1094;0;243;10;0;0
Apprentice;517|546;10237;8569;450;0;400;0;1770;0;20;0;0
Apprentice;511|548;10544;9489;500;0;360;0;1579;0;20;0;0
Apprentice;510|548;10237;27;10;7000;50;1987;0;300;10;0;0
Apprentice;510|557;10168;9891;500;0;902;0;1368;0;20;0;0
Apprentice;512|553;10378;9168;485;0;363;0;1604;0;55;1;0
Apprentice;511|544;10237;9596;495;0;363;0;1602;0;20;1;0
Apprentice;511|543;10237;10;10;2711;35;1527;0;300;10;0;8
Apprentice;511|550;10168;10000;500;0;398;0;1717;0;20;0;0
Apprentice;507|544;10237;10;10;7000;50;1984;0;300;10;0;0
Apprentice;515|550;9966;10;10;7000;50;1901;0;300;10;0;0
Apprentice;515|556;9994;10000;500;0;350;0;1549;0;20;0;0
Apprentice;515|547;11579;3994;200;0;180;0;713;0;20;0;0
Apprentice;527|549;10058;105;60;7000;50;1993;0;300;10;0;2
Apprentice;525|545;10160;640;60;6964;50;1996;140;300;10;0;0
Apprentice;522|549;10301;148;10;7000;50;1985;0;300;10;0;0
Apprentice;530|553;11244;5979;300;0;176;0;383;0;18;0;0
Apprentice;531|561;10065;41;10;6298;44;2148;0;300;10;0;2
Apprentice;526|542;11594;152;139;3156;31;976;0;300;10;0;0
Apprentice;530|562;11993;4969;254;0;75;0;552;0;20;0;0
Apprentice;553|578;9902;10000;500;0;257;0;1551;0;20;0;2
Apprentice;555|579;9902;500;39;0;200;0;3261;0;20;1;0
Apprentice;559|574;10246;10;10;5001;50;2237;0;300;10;0;0
Apprentice;556|580;9902;47;38;6765;50;3000;0;250;10;0;4
Apprentice;558|584;9902;10000;500;0;352;0;1552;0;20;0;0
Apprentice;464|602;3384;2208;150;0;0;0;0;0;0;0;0
Apprentice;530|606;5594;6937;6888;0;300;0;0;0;0;0;0
Apprentice;513|610;8596;6627;6631;0;300;0;0;0;0;0;0
Apprentice;536|606;1963;0;0;0;0;0;0;0;0;0;0
Apprentice;534|577;913;0;0;0;0;0;0;0;0;0;0
Audi Q4;464|565;9771;0;0;7433;10;2713;0;400;0;0;4
Audi Q4;471|570;9771;0;0;10875;10;1350;0;800;0;1;4
Audi Q4;464|562;9353;9918;6150;2000;500;798;0;10;0;1;4
Audi Q4;495|583;9771;0;0;7643;10;2351;0;400;0;0;4
Audi Q4;441|576;9771;0;0;7642;10;2349;0;400;0;0;4
Audi Q4;464|571;9353;10306;5532;2000;500;798;0;10;0;0;0
Audi Q4;470|574;9353;8039;8039;2000;500;798;0;10;0;0;4
Audi Q4;462|570;9771;0;0;7642;10;2321;0;400;0;0;4
Audi Q4;469|571;9353;10803;5275;2000;500;798;0;10;0;0;4
Audi Q4;467|572;9771;0;0;7642;10;2321;0;400;0;0;4
Audi Q4;465|575;9353;11962;3395;2000;500;798;0;10;0;0;0
Audi Q4;459|564;9353;12481;3597;2000;500;798;0;10;0;0;0
Audi Q4;465|571;9771;0;0;7642;10;2321;0;400;0;0;4
Audi Q4;462|578;9353;10402;4393;2000;500;798;0;10;0;0;4
Audi Q4;464|579;9353;9888;3487;2000;500;798;0;10;0;0;4
Audi Q4;454|573;9353;10070;5528;2000;500;798;0;10;0;0;0
Audi Q4;455|568;9771;0;0;7901;10;2528;0;400;0;0;4
Audi Q4;461|572;9771;0;0;7642;10;2321;0;400;0;0;4
Audi Q4;453|571;9353;14505;1289;2000;500;798;0;10;0;0;0
Audi Q4;460|575;9353;8139;8136;2000;500;798;0;10;0;0;0
Audi Q4;470|572;9353;7736;7862;2000;500;798;0;10;0;0;4
Audi Q4;463|578;9771;0;0;7642;10;2221;0;400;0;0;4
Audi Q4;479|591;9353;8820;3164;2000;500;798;0;10;0;0;4
Audi Q4;438|568;9353;10515;5323;2000;500;798;0;10;0;0;4
Audi Q4;469|574;9353;8559;4508;2000;500;798;0;10;0;0;0
Audi Q4;464|564;9353;7799;7799;2000;500;798;0;10;0;0;4
Audi Q4;466|563;9353;8130;7948;2000;500;798;0;10;0;0;4
Audi Q4;461|565;9771;0;0;7901;10;2529;0;400;0;0;4
Audi Q4;456|574;9771;0;0;7647;10;2321;0;400;0;0;4
Audi Q4;456|571;9395;7178;8160;2000;500;798;0;10;0;1;0
Audi Q4;449|593;9771;0;0;6501;10;2946;0;400;0;0;4
Audi Q4;499|605;9353;7919;7048;2000;500;798;0;10;0;0;4
Audi Q4;430|578;9353;7799;7799;2000;500;798;0;10;0;0;0
Audi Q4;472|603;9771;0;0;7647;10;2347;0;400;0;0;4
Audi Q4;454|597;9353;8010;7828;2000;500;798;0;10;0;0;0
Audi Q4;448|591;9353;7799;7799;2000;500;798;0;10;0;0;4
Audi Q4;431|578;9353;3645;2348;2000;500;798;0;10;0;0;0
Audi Q4;467|569;9771;0;0;8152;10;2530;0;400;0;0;0
Audi Q4;449|592;9771;0;0;6501;10;2946;0;400;0;0;0
Audi Q4;449|589;9353;2875;2488;2000;500;798;0;10;0;0;0
Audi Q4;490|584;9353;3531;1893;2000;500;798;0;10;0;0;4
Audi Q4;467|598;9353;2221;2666;2000;500;798;0;10;0;0;0
Audi Q4;480|602;9353;2536;2232;2000;500;798;0;10;0;0;0
Audi Q4;416|567;3365;100;100;33;0;0;0;0;0;0;0
Audi Q4;533|537;9865;7316;7316;1500;500;798;0;10;0;1;3
Audi Q4;533|513;10297;0;0;7813;10;2429;0;400;0;1;4
Audi Q4;500|528;9907;6566;5251;2000;500;798;0;10;0;1;4
Audi Q4;511|531;10247;0;0;7743;10;2539;0;400;0;0;5
Audi Q4;531|528;10597;0;0;5144;10;2576;0;400;0;0;4
Audi Q4;542|527;12354;2334;2333;0;500;0;500;10;0;1;1
Audi Q4;532|528;10247;0;0;7547;500;2296;0;400;0;0;4
Audi Q4;513|532;9953;2500;1970;300;500;798;0;10;0;0;4
Corvhael;448|418;10480;100;10;0;20;0;16;0;7;0;0
Corvhael;449|418;9914;100;10;0;20;0;20;0;0;0;0
Corvhael;456|418;11901;100;10;0;20;0;20;0;10;0;0
Corvhael;522|541;11681;0;0;4071;40;1065;0;97;8;0;0
Corvhael;537|555;11681;0;0;3268;146;1235;0;84;5;0;0
Corvhael;498|542;11681;0;0;2992;55;1392;0;50;5;0;0
Corvhael;524|496;11681;0;0;3716;57;1179;0;70;8;0;0
Corvhael;506|537;10339;0;0;7331;110;2605;0;500;12;0;0
Corvhael;510|537;10339;0;0;5545;100;2482;0;500;15;0;0
Corvhael;516|504;10339;0;0;7767;110;2332;0;650;0;0;0
Corvhael;501|555;10339;9705;9897;0;273;0;40;3;20;0;0
Corvhael;518|528;10339;9282;9247;126;300;0;192;0;20;0;0
Corvhael;504|539;10339;0;0;6916;110;2764;0;475;0;0;0
Corvhael;515|546;10339;5;0;6892;95;3000;5;650;15;0;0
Corvhael;502|542;10339;0;0;6787;110;2800;0;472;0;0;0
Corvhael;494|542;10339;50;0;7439;110;2372;0;650;15;0;0
Corvhael;513|540;10339;0;0;6717;110;2800;0;462;15;0;0
Corvhael;488|544;10339;0;0;7569;110;2382;0;650;0;0;0
Corvhael;528|523;10339;0;0;7819;110;2477;0;500;15;0;0
Corvhael;497|549;10339;0;8;7689;110;2800;0;650;15;0;0
Corvhael;517|543;10339;0;0;3116;80;1449;0;397;0;0;0
Corvhael;541|523;10339;87;252;8163;100;2092;0;660;15;0;0
Corvhael;520|543;10339;9257;9258;0;175;0;215;0;20;0;0
Corvhael;490|545;10339;0;0;7457;110;2800;0;650;15;0;0
Corvhael;509|536;10339;0;0;5550;100;2211;0;500;15;0;0
Corvhael;500|551;10339;0;0;7757;95;821;0;500;15;0;0
Corvhael;516|547;10339;0;0;7435;67;1386;0;500;15;0;0
Corvhael;502|541;10339;0;0;6747;110;2800;0;480;0;0;0
Corvhael;495|550;10339;0;0;7495;110;2463;0;600;0;0;0
Corvhael;493|550;10339;0;0;7117;110;2744;0;450;0;0;0
Corvhael;493|552;10339;0;0;6967;110;2690;0;500;15;0;0
Corvhael;493|551;10339;0;0;8831;90;2264;0;500;0;0;0
Corvhael;500|552;10339;0;0;8777;110;821;0;550;0;0;0
Corvhael;500|553;10339;9485;9874;0;230;0;79;0;19;0;0
Corvhael;515|551;10339;0;0;5189;90;1717;0;500;15;0;0
Corvhael;509|538;10339;0;0;6961;110;2758;0;470;0;0;0
Corvhael;501|554;10339;0;0;7767;90;2093;0;500;15;0;0
Corvhael;493|553;10339;0;0;7019;110;2677;0;500;15;0;0
Corvhael;516|555;10339;0;0;10267;98;1871;0;500;15;0;0
Corvhael;514|554;10339;0;0;11003;98;1687;0;500;15;0;0
Corvhael;510|549;10339;9766;9899;0;265;0;29;0;20;0;0
Corvhael;519|555;10339;0;0;10347;80;1860;0;500;15;0;0
Corvhael;523|554;10339;9901;9901;1;250;1;0;0;20;0;0
Corvhael;517|556;10339;0;0;10350;80;1859;0;500;15;0;0
Corvhael;501|558;10339;0;0;9187;95;1743;0;500;15;0;0
Corvhael;516|558;10339;0;0;8251;110;2789;0;500;15;0;0
Corvhael;518|555;10339;0;0;7517;90;2243;0;500;15;0;0
Corvhael;512|552;10339;0;0;7747;100;1745;0;500;15;0;0
Corvhael;494|553;10339;0;0;8362;90;1247;0;500;15;0;0
Corvhael;525|555;10339;0;0;7793;110;2716;0;650;15;0;0
Corvhael;524|557;10339;0;0;8069;105;2292;0;600;15;0;0
Corvhael;524|555;10339;8107;8094;0;260;0;601;0;20;0;0
Corvhael;521|558;10339;0;0;7457;110;2800;0;650;15;0;0
Corvhael;519|557;10339;0;0;6803;110;2756;0;480;15;0;0
Corvhael;514|558;10339;9722;9904;0;260;0;40;0;20;0;0
Corvhael;549|538;10339;15;10;7431;110;2398;83;500;15;0;0
Corvhael;520|558;10339;0;0;6577;110;2800;0;490;15;0;0
Corvhael;518|559;10339;9913;9881;0;280;0;0;1;20;0;0
Corvhael;513|560;10339;0;0;6967;110;2710;0;484;15;0;0
Corvhael;518|553;10339;0;0;7970;90;1985;0;500;15;0;0
Corvhael;518|560;10339;0;0;6713;110;2796;0;466;15;0;0
Corvhael;504|537;10339;0;0;7735;100;2503;0;500;15;0;0
Corvhael;494|551;10339;0;0;7167;110;2670;0;500;0;0;0
Corvhael;534|553;10339;0;0;8001;110;2405;0;500;15;0;0
Corvhael;515|563;10339;0;0;7766;110;2383;0;500;15;0;0
Corvhael;530|556;10339;0;0;7734;110;2339;0;500;15;0;0
Corvhael;512|555;10339;1;0;7737;90;1731;0;500;15;0;0
Corvhael;517|563;10339;0;0;8015;110;2491;0;351;15;0;0
Corvhael;518|562;10339;9885;9884;2;285;0;0;0;20;0;0
Corvhael;506|536;10339;0;0;7635;110;2523;0;500;15;0;0
Corvhael;518|564;10339;0;0;8471;88;789;0;399;15;0;0
Corvhael;527|561;10339;0;0;7009;105;2682;0;500;15;0;0
Corvhael;511|564;10339;0;0;7786;100;2487;0;500;15;0;0
Corvhael;523|560;10339;0;0;7806;110;2373;0;500;15;0;0
Corvhael;517|557;10339;24;0;7721;90;2075;0;500;15;0;0
Corvhael;522|526;10339;0;0;5743;88;2031;52;500;15;0;0
Corvhael;516|565;10339;3;0;7773;105;2383;0;500;15;0;0
Corvhael;521|562;10339;0;3;7810;110;2328;0;500;0;0;0
Corvhael;510|566;10339;0;0;7766;110;2382;0;500;15;0;0
Corvhael;498|553;10339;0;0;7290;100;2117;0;500;15;0;0
Corvhael;519|564;10339;0;0;8111;100;2465;0;460;15;0;0
Corvhael;515|566;10339;7524;7530;0;285;0;792;0;20;0;0
Corvhael;517|567;10339;7442;7458;51;285;28;790;0;20;0;0
Corvhael;515|568;10339;0;0;7707;110;2515;0;500;10;0;0
Corvhael;514|567;10339;0;0;8107;110;2463;0;453;15;0;0
Corvhael;521|541;10339;0;0;8318;61;1432;0;500;15;0;0
Corvhael;518|566;10339;9820;9891;0;255;0;0;0;19;0;0
Corvhael;527|563;10339;0;1;8106;110;2462;0;454;15;0;0
Corvhael;516|568;10339;8930;8998;22;275;0;284;11;19;0;0
Corvhael;523|565;10339;0;0;8107;110;2463;0;453;15;0;0
Corvhael;528|565;10339;0;0;8107;110;2462;0;454;15;0;0
Corvhael;519|543;10339;0;0;3437;60;1423;0;392;10;0;0
Corvhael;531|555;10339;0;0;8959;90;2202;0;500;15;0;0
Corvhael;509|568;10339;0;0;7738;110;2339;0;500;15;0;0
Corvhael;510|536;10339;0;0;5098;100;2171;0;500;0;0;0
Corvhael;516|546;10339;0;0;6639;80;1842;0;500;15;0;0
Corvhael;507|578;10339;7828;7619;0;220;120;612;0;46;0;0
Corvhael;514|546;10339;0;0;4407;80;1661;0;500;15;0;0
Corvhael;517|570;10339;58;0;7801;100;809;0;500;15;0;0
Corvhael;505|538;10339;0;0;7363;110;2621;0;500;0;0;0
Corvhael;517|549;10339;9858;9882;0;300;11;0;3;20;0;0
Corvhael;537|554;10339;9892;9915;0;300;0;0;0;20;0;0
Corvhael;456|443;9525;3331;4;0;74;0;609;0;20;0;0
Corvhael;456|437;11324;4930;10;0;147;0;778;0;20;0;0
Corvhael;454|441;9141;1383;2;0;40;0;264;0;20;0;0
Corvhael;451|440;10238;1246;2;3411;69;296;270;254;20;0;0
Corvhael;450|441;10238;4678;10;0;108;0;581;0;20;0;0
Corvhael;455|437;10339;1141;1;92;40;44;240;90;20;0;0
Corvhael;452|438;10174;51;2;6677;40;526;10;355;11;0;2
Corvhael;454|439;10339;1266;2;2156;90;1027;275;236;20;0;0
Corvhael;455|435;9518;1603;10;0;44;0;305;0;20;1;0
Corvhael;446|442;9620;1685;0;0;31;0;287;0;20;0;0
Corvhael;452|436;9723;1273;2;2534;59;38;263;198;20;0;0
Corvhael;449|439;10339;1243;1;2700;110;61;275;342;20;0;0
Corvhael;452|435;10339;51;1;6498;40;531;39;341;10;0;0
Corvhael;452|434;10339;92;2;5938;71;539;36;351;10;0;0
Corvhael;448|437;9976;1489;6;3940;200;230;20;269;20;0;0
Corvhael;450|433;10339;2537;10;6;141;0;357;3;25;0;0
Corvhael;445|437;10154;6082;10;0;60;0;375;0;20;0;0
Corvhael;448|436;10339;1869;2;208;97;561;395;316;20;0;1
Corvhael;443|436;10154;292;10;6873;40;854;65;500;20;0;0
Corvhael;448|430;9976;245;10;4783;200;1115;0;158;17;0;0
Corvhael;448|432;10339;1601;10;110;45;386;329;8;20;0;0
Corvhael;448|427;10339;1561;10;84;47;782;300;8;20;0;0
Corvhael;442|435;10339;1820;10;101;40;750;346;350;20;0;0
Corvhael;445|428;10381;1817;10;110;46;1123;346;10;20;0;0
Corvhael;442|427;10339;3657;4;0;94;0;696;0;20;0;0
Corvhael;441|427;9747;2545;10;0;60;0;410;0;20;0;0
Corvhael;443|428;10339;3046;4;0;76;0;543;0;20;0;0
Corvhael;454|425;10812;1489;4;0;40;0;266;0;20;1;0
Corvhael;440|425;10339;4315;4;0;99;0;809;0;20;0;2
Corvhael;441|424;10339;1588;10;513;40;537;291;60;20;0;0
Corvhael;439|425;10339;1238;10;2072;55;1030;254;264;20;0;0
Corvhael;444|429;10381;1546;10;92;43;37;297;18;20;0;0
Corvhael;454|434;10339;1483;1;0;94;0;300;0;20;1;0
Corvhael;447|431;10339;3175;5;0;105;0;626;0;20;0;0
Corvhael;454|435;10040;134;1;6315;33;624;28;204;4;0;0
Corvhael;446|439;10339;4768;9;0;174;0;944;0;20;0;0
Corvhael;451|439;10154;1253;2;3244;55;250;272;249;20;0;0
Corvhael;447|437;10339;237;9;6125;89;706;78;500;20;0;0
Corvhael;444|438;10339;261;10;5013;85;1875;79;500;20;0;0
Corvhael;436|424;10339;1583;10;85;60;1025;296;410;20;0;0
Corvhael;451|441;11116;2928;3;0;142;0;481;0;20;0;0
Corvhael;444|426;9348;1411;10;0;35;5;213;0;20;1;0
Corvhael;449|427;9298;1478;1;0;40;0;216;0;20;0;0
Corvhael;484|489;10339;9859;10;0;239;0;1614;0;67;1;0
Corvhael;480|492;10339;8211;10;0;150;0;1246;0;64;0;0
Corvhael;487|490;10339;8397;10;0;280;0;1800;0;100;0;0
Corvhael;474|493;10339;9870;7;0;244;0;1611;0;67;0;0
Corvhael;483|487;10339;9200;10;0;167;0;1457;0;100;1;0
Corvhael;475|487;10339;5625;10;0;207;0;831;0;68;0;0
Corvhael;449|490;9848;2050;10;0;60;0;377;0;20;0;0
Corvhael;448|491;10444;240;10;3412;34;1789;71;159;20;0;0
Corvhael;479|485;10339;9567;10;0;184;0;1052;0;100;0;0
Corvhael;478|488;10339;7556;10;0;228;0;1729;0;64;0;0
Corvhael;472|488;10339;5891;6;0;190;0;923;0;51;0;0
Corvhael;477|489;10339;8237;10;0;244;0;1517;0;67;0;0
Corvhael;476|494;10339;8035;876;0;226;0;1458;0;67;0;0
Corvhael;479|484;11681;2428;10;0;104;0;351;0;20;0;0
Corvhael;478|489;10339;8454;10;0;236;0;1510;0;68;0;0
Corvhael;481|480;10339;250;10;7499;110;1940;80;500;20;0;0
Corvhael;488|490;10339;4297;8;0;227;0;1481;0;100;0;0
Corvhael;480|483;10339;7748;10;0;211;0;469;0;66;1;0
Corvhael;450|491;10339;346;3;7928;83;1726;104;263;20;0;0
Corvhael;446|492;10339;211;10;7861;80;1778;74;134;20;0;0
Corvhael;475|490;10339;9971;10;0;246;0;991;0;67;0;0
Corvhael;447|485;10339;250;10;8503;110;1853;80;500;20;0;0
Corvhael;488|489;10339;250;10;6616;110;2625;80;466;20;0;0
Corvhael;476|493;10339;10084;8;0;165;0;1032;0;77;1;0
Corvhael;433|479;10339;250;10;7619;100;1926;80;500;20;0;0
Corvhael;481|488;10339;11522;10;0;223;0;1164;0;100;1;0
Corvhael;432|471;10339;0;0;7392;100;2045;0;500;0;0;0
Corvhael;431|470;10339;0;0;7624;60;1663;0;420;5;0;0
Corvhael;433|469;10339;50;0;7113;80;2027;20;500;10;0;0
Corvhael;430|472;10339;0;0;7102;80;2010;0;500;0;0;0
Corvhael;450|428;10362;267;10;0;103;0;40;0;10;0;0
Corvhael;513|585;10339;0;0;9885;110;746;0;500;15;0;0
Corvhael;516|586;10339;0;0;9021;109;2597;0;500;15;0;0
Corvhael;514|586;10339;0;0;9980;110;762;0;500;13;0;0
Corvhael;511|588;10339;0;0;6867;110;2735;0;484;15;0;0
Corvhael;514|585;10339;0;0;9744;110;746;0;500;15;0;0
Corvhael;521|586;10339;0;0;8695;110;2624;0;500;12;0;0
Corvhael;525|586;10339;0;0;6842;110;2735;0;489;15;0;0
Corvhael;543|577;10339;9910;9683;0;300;20;9;0;30;0;0
Corvhael;519|587;10339;0;0;6867;110;2735;0;484;15;0;0
Corvhael;520|590;10339;9805;9908;0;300;0;0;0;20;0;0
Corvhael;536|584;10339;9956;9700;0;292;20;1;0;30;0;0
Corvhael;546|578;11681;3598;3883;0;267;0;35;0;17;0;0
Corvhael;540|584;10339;9731;9682;0;281;40;20;0;39;0;0
Corvhael;530|588;10339;0;0;6879;110;2736;4;484;10;0;0
Corvhael;536|586;10339;9567;9636;0;290;0;85;0;19;0;0
Corvhael;522|591;10339;9747;9921;0;290;0;0;0;19;0;0
Corvhael;526|591;10339;9833;9629;0;300;20;30;0;30;0;0
Corvhael;543|585;10339;9758;9883;0;290;13;0;0;19;0;0
Corvhael;523|591;10339;0;0;6874;110;2732;0;485;15;0;0
Corvhael;512|594;10339;8795;7788;0;280;282;276;0;80;0;0
Corvhael;535|587;10339;9914;9893;0;300;0;0;0;20;0;0
Corvhael;517|595;10339;9633;9192;0;218;80;80;0;63;0;0
Corvhael;516|593;10339;0;0;6624;110;2800;0;500;0;0;0
Corvhael;528|592;10339;0;0;7217;110;2627;0;500;15;0;0
Corvhael;518|594;10339;4982;4981;0;300;0;28;0;20;0;0
Corvhael;530|592;10339;9924;9708;0;300;20;0;3;30;0;0
Corvhael;511|594;10339;0;0;7743;110;2526;0;500;0;0;0
Corvhael;541|588;10339;0;0;9079;110;2642;0;500;15;0;0
Corvhael;525|591;10339;0;0;7217;110;2627;0;500;15;0;0
Corvhael;531|590;10339;0;0;7275;110;2613;0;500;15;0;0
Corvhael;525|593;10339;9920;9698;0;292;20;7;0;30;0;0
Corvhael;542|586;10339;9587;10031;0;300;0;30;0;20;0;0
Corvhael;522|595;10339;9816;9897;0;290;0;0;0;19;0;0
Corvhael;542|587;10339;0;0;7217;110;2627;0;500;15;0;0
Corvhael;514|596;10339;0;0;7207;110;2630;0;500;15;0;0
Corvhael;539|591;10339;9904;9903;0;300;0;0;0;20;0;0
Corvhael;525|594;10339;9873;9870;0;300;0;0;8;20;0;0
Corvhael;529|595;10339;9793;9920;0;290;0;0;0;19;0;0
Corvhael;540|589;10339;0;0;6843;110;2746;0;480;15;0;0
Corvhael;535|594;10339;9908;9899;0;300;0;0;0;20;0;0
Corvhael;511|600;10339;0;0;6711;110;2784;0;500;0;0;0
Corvhael;554|586;10339;9674;9695;0;300;0;73;0;20;0;0
Corvhael;526|597;10339;9903;9903;0;300;0;0;0;20;0;0
Corvhael;535|596;10339;9656;9665;0;300;0;80;0;20;0;0
Corvhael;513|597;10339;9911;9894;0;300;0;0;0;20;0;0
Corvhael;547|589;10339;9951;9695;0;300;20;0;0;30;0;0
Corvhael;545|593;10339;0;0;7263;110;2616;0;500;15;0;0
Corvhael;532|597;10339;0;0;8911;110;2624;0;500;15;0;0
Corvhael;544|591;10339;9903;9904;0;300;0;0;0;20;0;0
Corvhael;525|598;10339;9746;9867;0;290;25;0;0;19;0;0
Corvhael;552|586;10339;9587;9603;0;300;0;94;0;20;0;0
Corvhael;539|596;10339;9633;9616;0;300;0;93;0;20;0;0
Corvhael;520|603;10339;0;0;6847;110;2745;0;480;15;0;0
Corvhael;526|601;10339;0;0;8883;90;2221;0;500;15;0;0
Corvhael;521|601;10339;0;0;6843;110;2746;0;480;15;0;0
Corvhael;515|597;10339;0;0;7207;110;2630;0;500;15;0;0
Corvhael;524|605;10339;0;0;7275;110;2613;0;500;15;0;0
Corvhael;538|601;10339;0;0;7622;110;2526;0;500;15;0;0
Corvhael;519|606;10339;0;0;9683;110;2611;0;500;15;0;0
Corvhael;533|603;10339;0;0;7275;110;2613;0;500;15;0;0
Corvhael;514|607;10339;0;0;8897;100;2212;0;500;15;0;0
Corvhael;517|605;10339;0;0;6851;110;2744;0;480;15;0;0
Corvhael;473|606;10339;0;0;9247;110;2745;0;480;15;0;0
Corvhael;506|610;10339;9919;9888;0;300;0;0;0;20;0;0
Corvhael;537|601;10339;9925;9882;0;300;0;0;0;20;0;0
Corvhael;502|423;8282;50;0;2650;40;800;40;20;10;0;0
Corvhael;458|422;10339;2181;2;0;54;0;386;0;20;0;0
Corvhael;455|421;9068;879;5;600;20;271;147;80;20;0;0
Corvhael;454|423;10339;184;8;4764;86;1923;30;420;16;0;0
Corvhael;451|419;10339;1442;7;0;65;0;279;0;20;0;3
Corvhael;443|423;10339;3691;6;0;109;0;788;0;20;0;0
Corvhael;452|418;9698;2303;4;0;73;0;555;0;20;0;0
Corvhael;439|423;10339;5715;7;0;129;0;992;0;20;0;0
Corvhael;442|423;9857;2680;5;68;60;40;492;17;20;0;0
Corvhael;438|423;10339;1636;10;426;36;567;330;263;20;0;0
Corvhael;441|422;10339;224;10;5568;71;1359;33;455;7;0;1
Corvhael;443|422;10399;239;10;3296;47;883;35;355;12;0;1
Corvhael;440|422;10464;4440;4;0;112;0;881;0;20;0;0
Corvhael;437|420;10339;6750;6;0;134;0;1028;0;20;0;0
Corvhael;437|417;10339;4947;6;0;127;0;888;0;20;0;0
Corvhael;443|413;10339;4861;6;0;95;0;821;0;20;0;0
Corvhael;438|417;10238;5308;6;0;139;0;646;0;20;0;0
Corvhael;435|421;9274;1371;48;0;40;0;279;0;20;0;0
Corvhael;447|415;10339;2221;4;0;52;0;458;0;20;0;4
Corvhael;442|412;10412;3209;7;0;128;0;607;0;20;1;0
Corvhael;440|412;9802;5782;6;0;200;0;543;0;20;0;0
Corvhael;440|414;10238;3419;5;0;126;0;973;0;20;0;0
Corvhael;431|416;10339;4068;4;0;102;0;773;0;20;0;0
Corvhael;454|420;10339;1594;2;0;51;0;287;0;20;0;2
Damosha;493|538;11151;0;0;0;1395;0;0;5;0;0;0
Damosha;451|512;10311;7567;6555;0;350;0;331;5;0;1;0
Damosha;492|535;10311;0;0;8840;255;2103;0;405;5;0;4
Damosha;390|485;37;0;0;0;0;0;0;0;0;0;0
Damosha;489|540;10311;0;0;8612;255;2640;0;405;5;0;4
Damosha;488|534;10311;0;0;6692;255;2640;0;405;5;0;4
Damosha;493|534;10311;0;0;6736;255;2629;0;405;5;0;4
Damosha;495|539;10311;8902;7150;0;108;0;123;0;0;1;0
Damosha;453|515;10311;0;0;9296;255;1989;0;405;5;0;4
Damosha;491|534;10311;9125;4540;0;97;0;686;0;0;1;0
Damosha;469|491;11280;7429;10;0;800;0;0;5;0;0;0
Damosha;489|534;10311;0;0;6756;255;2624;0;405;5;0;4
Damosha;486|511;11837;7890;10;0;505;0;0;5;0;0;0
Damosha;493|533;10311;0;0;6692;255;2640;0;405;5;0;4
Damosha;462|515;10146;0;0;7130;255;2375;0;405;5;0;4
Damosha;493|535;9976;0;0;9268;107;2550;0;405;5;0;4
Damosha;492|537;10311;0;0;9476;255;1944;0;405;5;0;4
Damosha;492|533;9899;0;0;9140;255;2129;0;405;5;0;4
Damosha;488|539;10311;9242;7359;0;100;0;117;0;0;1;0
Damosha;489|533;10311;0;0;7828;255;2836;0;405;5;0;4
Damosha;459|520;10311;0;0;10976;255;1569;0;405;5;0;4
Damosha;455|529;10311;0;0;9180;255;2104;0;405;5;0;4
Damosha;463|530;10311;0;0;7530;255;2176;0;405;5;0;4
Damosha;460|528;10311;0;0;7532;255;2203;0;405;5;0;4
Damosha;463|531;10311;0;0;7543;255;2320;0;405;5;0;4
Damosha;524|531;12105;0;0;3525;28;1108;0;0;0;0;5
Damosha;460|530;10311;0;0;7567;255;2207;0;405;5;0;4
Damosha;461|531;4982;0;0;7505;0;2699;0;973;0;0;0
Damosha;448|515;10311;0;0;7564;255;2422;0;405;5;0;4
Damosha;451|518;10311;0;0;8848;255;2465;0;405;5;0;4
Damosha;445|516;10311;0;0;7828;255;2356;0;405;5;0;4
Damosha;466|532;11410;7218;10;0;800;0;0;5;0;0;0
Damosha;432|493;10311;7194;745;0;100;0;159;0;0;0;0
Damosha;455|514;10311;0;0;14138;255;811;0;843;5;0;0
Damosha;435|512;10311;10366;10258;0;100;0;0;0;0;0;0
Damosha;427|499;10311;6999;513;0;100;0;0;0;0;0;0
Damosha;428|513;10311;10369;10316;0;100;0;0;0;0;0;0
Damosha;428|525;10311;10374;10373;0;100;0;0;0;0;0;0
Damosha;428|524;10311;10494;10493;0;100;0;0;0;0;0;0
Damosha;426|515;10311;10014;10013;0;100;0;0;0;0;0;0
Damosha;427|521;10311;10369;10102;0;100;0;0;0;0;0;0
Damosha;425|521;10311;10364;10340;0;100;0;0;0;0;0;0
Damosha;426|526;10311;10374;10373;0;100;0;0;0;0;0;0
Damosha;425|515;10311;10014;10013;0;100;0;0;0;0;0;0
Damosha;424|520;10311;10374;10373;0;100;0;0;0;0;0;0
Damosha;423|491;10311;7438;2383;0;100;0;467;0;188;0;0
Damosha;426|524;10311;10374;10373;0;100;0;0;0;0;0;0
Damosha;424|491;10311;5238;3635;0;100;0;372;0;270;0;0
Damosha;433|542;4978;0;0;7170;255;3201;0;1005;0;0;0
Damosha;426|519;10311;10369;10296;0;100;0;0;0;0;0;0
Damosha;423|523;10311;10494;10493;0;100;0;0;0;0;0;0
Damosha;422|516;10311;10014;10013;0;100;0;0;0;0;0;0
Damosha;424|523;10311;10254;10253;0;100;0;0;0;0;0;0
Damosha;446|517;10311;0;0;8352;255;2585;0;405;5;0;4
Damosha;426|528;4978;0;0;6342;255;3408;0;1005;0;0;0
Damosha;424|524;10311;10614;10613;0;100;0;0;0;0;0;0
Damosha;421|521;10311;10494;10493;0;100;0;0;0;0;0;0
Damosha;424|497;10311;4211;1828;0;100;0;0;0;0;0;0
Damosha;430|542;10311;9901;9972;0;100;0;0;0;0;0;0
Damosha;423|521;10311;10614;10613;0;100;0;0;0;0;0;0
Damosha;425|530;10311;10494;10493;0;100;0;0;0;0;0;0
Damosha;418|518;10311;10494;10493;0;100;0;0;0;0;0;0
Damosha;421|522;10311;10614;10613;0;100;0;0;0;0;0;0
Damosha;436|555;10311;9712;9511;0;100;0;0;0;0;0;0
Damosha;417|505;10311;10614;10613;0;100;0;0;0;0;0;0
Damosha;416|504;10311;7138;713;0;100;0;0;0;0;0;0
Damosha;417|502;10311;10374;10373;0;100;0;0;0;0;0;0
Damosha;416|516;10311;10494;10493;0;100;0;0;0;0;0;0
Damosha;420|526;10311;10494;10493;0;100;0;0;0;0;0;0
Damosha;417|518;10311;10374;10373;0;100;0;0;0;0;0;0
Damosha;417|517;10311;10374;10373;0;100;0;0;0;0;0;0
Damosha;415|502;10311;7207;752;0;100;0;0;0;0;0;0
Damosha;416|525;10311;10254;10253;0;100;0;0;0;0;0;0
Damosha;415|514;4982;0;0;9223;255;2692;0;1001;0;0;0
Damosha;422|535;10311;10494;10493;0;100;0;0;0;0;0;0
Damosha;413|515;10311;10494;10493;0;100;0;0;0;0;0;0
Damosha;415|501;10311;51;21;0;10065;0;0;5;0;0;0
Damosha;415|523;10311;10614;10613;0;100;0;0;0;0;0;0
Damosha;418|535;10311;51;21;0;10065;0;0;5;0;0;0
Damosha;416|529;10311;10374;10373;0;100;0;0;0;0;0;0
Damosha;411|501;10311;10374;10373;0;100;0;0;0;0;0;0
Damosha;432|555;10311;10062;9890;0;100;0;0;0;0;0;0
Damosha;413|512;10311;10374;10373;0;100;0;0;0;0;0;0
Damosha;413|516;10311;10494;10493;0;100;0;0;0;0;0;0
Damosha;422|544;10311;10451;10355;0;56;0;0;0;0;0;0
Damosha;411|514;10311;10242;10239;0;100;0;0;0;0;0;0
Damosha;411|507;10311;10374;10373;0;100;0;0;0;0;0;0
Damosha;415|527;10311;10374;10373;0;100;0;0;0;0;0;0
Damosha;418|540;10311;10374;10373;0;100;0;0;0;0;0;0
Damosha;419|533;10311;10374;10373;0;100;0;0;0;0;0;0
Damosha;413|520;10311;10374;10373;0;100;0;0;0;0;0;0
Damosha;416|537;10311;51;21;0;10065;0;0;5;0;0;0
Damosha;413|513;10311;10254;10253;0;100;0;0;0;0;0;0
Damosha;413|519;10311;10254;10253;0;100;0;0;0;0;0;0
Damosha;411|521;10311;9959;10067;0;100;0;0;0;0;0;0
Damosha;417|541;10311;51;21;0;10065;0;0;5;0;0;0
Damosha;414|530;10311;10254;10253;0;100;0;0;0;0;0;0
Damosha;415|466;10311;5090;3042;0;100;0;0;0;0;0;3
Damosha;408|506;10311;10207;10097;0;100;0;0;0;0;0;0
Damosha;416|535;10311;10254;10253;0;100;0;0;0;0;0;0
Damosha;411|508;10311;10357;10247;0;100;0;0;0;0;0;0
Damosha;409|504;10311;10494;10493;0;100;0;0;0;0;0;0
Damosha;409|503;10311;4551;3870;0;100;0;0;0;0;0;0
Damosha;410|513;10311;10254;10253;0;100;0;0;0;0;0;0
Damosha;409|508;10311;10086;10122;0;100;0;0;0;0;0;0
Damosha;410|509;10311;51;21;0;10065;0;0;5;0;0;0
Damosha;416|540;10311;10254;10253;0;100;0;0;0;0;0;0
Damosha;415|530;10311;10254;10253;0;100;0;0;0;0;0;0
Damosha;411|484;10311;7086;2254;0;100;0;286;0;271;0;0
Damosha;410|510;10311;10254;10253;0;100;0;0;0;0;0;0
Damosha;409|489;10311;5999;2941;0;100;0;611;0;0;0;0
Damosha;410|516;10311;10374;10373;0;100;0;0;0;0;0;0
Damosha;409|522;10311;10254;10253;0;100;0;0;0;0;0;0
Damosha;425|555;10311;10014;10013;0;100;0;0;0;0;0;0
Damosha;409|518;10311;10374;10373;0;100;0;0;0;0;0;0
Damosha;409|525;10311;10374;10373;0;100;0;0;0;0;0;0
Damosha;413|527;10311;10254;10253;0;100;0;0;0;0;0;0
Damosha;407|520;10311;10374;10373;0;100;0;0;0;0;0;0
Damosha;411|523;10311;10494;10493;0;100;0;0;0;0;0;0
Damosha;427|555;10311;10374;10373;0;100;0;0;0;0;0;0
Damosha;409|524;10311;9496;10001;0;100;0;0;0;0;0;0
Damosha;407|517;10311;10036;10092;0;100;0;0;0;0;0;0
Damosha;411|534;10311;10374;10373;0;100;0;0;0;0;0;0
Damosha;413|544;10311;10526;10531;0;100;0;0;0;0;0;0
Damosha;408|526;10311;10614;10613;0;100;0;0;0;0;0;0
Damosha;403|507;10311;10374;10373;0;100;0;0;0;0;0;0
Damosha;429|562;10311;9723;8957;0;100;0;0;0;0;0;0
Damosha;414|485;10311;0;0;10136;255;763;0;405;5;0;0
Damosha;408|523;10311;10614;10613;0;100;0;0;0;0;0;0
Damosha;425|557;10311;10249;9837;0;100;0;0;0;0;0;0
Damosha;407|531;10311;10254;10253;0;100;0;0;0;0;0;0
Damosha;409|523;10311;10254;10253;0;100;0;0;0;0;0;0
Damosha;407|521;10311;10254;10253;0;100;0;0;0;0;0;0
Damosha;403|501;10311;10374;10373;0;100;0;0;0;0;0;0
Damosha;406|533;10311;10614;10613;0;100;0;0;0;0;0;0
Damosha;411|538;10311;10482;10411;0;100;0;0;0;0;0;0
Damosha;402|503;10311;10254;10253;0;100;0;0;0;0;0;0
Damosha;409|541;10311;10494;10493;0;100;0;0;0;0;0;0
Damosha;402|505;10311;10494;10493;0;100;0;0;0;0;0;0
Damosha;423|567;10311;10614;10613;0;100;0;0;0;0;0;0
Damosha;400|512;10311;10374;10373;0;100;0;0;0;0;0;0
Damosha;403|528;10311;10374;10373;0;100;0;0;0;0;0;0
Damosha;404|463;10311;0;0;7488;255;2440;0;405;5;0;0
Damosha;413|468;9799;3340;4494;0;100;0;415;0;137;0;3
Damosha;397|501;10311;10374;10373;0;100;0;0;0;0;0;0
Damosha;397|516;10311;10254;10253;0;100;0;0;0;0;0;0
Damosha;399|531;10311;10254;10253;0;100;0;0;0;0;0;0
Damosha;400|516;10311;10254;10253;0;100;0;0;0;0;0;0
Damosha;398|512;10311;10254;10253;0;100;0;0;0;0;0;0
Damosha;416|466;10311;4864;3141;0;100;0;0;0;0;0;0
Damosha;418|520;10311;10612;10500;0;100;0;0;0;0;0;0
Damosha;397|517;10311;10172;10169;0;100;0;0;0;0;0;0
Damosha;398|511;10311;10320;10316;0;100;0;0;0;0;0;0
Damosha;397|511;10311;10374;10373;0;100;0;0;0;0;0;0
Damosha;404|546;10311;10250;10090;0;100;0;0;0;0;0;0
Damosha;395|520;10311;10014;10013;0;100;0;0;0;0;0;0
Damosha;397|529;10067;8607;8660;0;9;0;0;0;0;0;0
Damosha;394|516;10311;9575;9247;0;100;0;0;0;0;0;0
Damosha;404|545;10311;10013;9614;0;100;0;0;0;0;0;0
Damosha;401|540;10311;9529;9246;0;100;0;0;0;0;0;0
Damosha;405|548;10311;9489;8638;0;100;0;0;0;0;0;0
Damosha;390|506;10311;9212;8741;0;40;0;0;0;0;0;0
Damosha;449|468;11638;3691;10;0;800;0;154;0;34;0;0
Damosha;453|445;10311;5943;357;0;100;0;1000;0;282;0;0
Damosha;450|445;11308;6030;530;33;800;0;60;0;52;0;0
Damosha;427|452;10311;5469;2;0;100;0;971;0;0;0;0
Damosha;425|451;10311;2592;1;0;100;0;694;0;0;0;0
Damosha;428|448;10311;4748;0;0;100;0;662;0;0;0;0
Damosha;428|451;10311;6017;0;0;100;0;1012;0;0;0;0
Damosha;426|453;10311;7152;0;0;100;0;678;0;0;0;0
Damosha;420|455;10311;6179;0;0;100;0;913;0;0;0;0
Damosha;418|460;10311;5977;0;0;100;0;902;0;0;0;0
Damosha;421|455;10311;5113;0;0;100;0;688;0;0;0;0
Damosha;422|450;10311;1552;620;0;100;0;975;0;194;0;0
Damosha;426|448;10311;5821;709;0;223;0;940;4;60;0;0
Damosha;427|446;10311;10471;1207;0;100;0;853;0;232;0;0
Damosha;417|457;10311;5941;747;0;288;0;822;5;68;0;0
Damosha;416|458;10311;6064;944;0;100;0;703;2;209;0;0
Damosha;420|456;10311;5204;0;0;100;0;869;0;2;0;0
Damosha;415|458;10311;6705;0;0;100;0;948;0;0;0;0
Damosha;419|454;10311;5740;1;0;100;0;862;0;2;0;0
Damosha;420|453;10311;7091;1189;0;325;0;1000;5;169;0;0
Damosha;425|446;10311;6551;0;0;100;0;1011;0;0;0;0
Damosha;424|443;10311;6616;27;0;100;0;831;0;0;0;0
Damosha;426|442;10072;0;0;6000;154;2012;0;405;5;0;3
Damosha;419|452;10311;4849;23;0;100;0;674;0;0;0;0
Damosha;417|458;10311;6220;0;0;100;0;917;0;0;0;0
Damosha;416|459;10311;5993;591;0;100;0;826;0;326;0;0
Damosha;418|451;10311;3961;24;0;100;0;863;0;0;0;0
Damosha;417|453;10311;4770;23;0;100;0;839;0;0;0;0
Damosha;417|449;10311;4218;25;0;100;0;854;0;0;0;0
Damosha;426|441;10311;0;0;6858;255;855;0;405;5;0;3
Damosha;426|440;10311;0;0;6832;255;726;0;405;5;0;3
Damosha;416|447;10311;3469;23;0;100;0;254;0;0;0;0
Damosha;415|453;10311;6153;654;0;100;0;705;0;197;0;0
Damosha;417|448;10311;6134;30;0;100;0;834;0;0;0;0
Damosha;415|457;10311;5751;506;0;100;0;711;0;255;0;0
Damosha;419|443;10311;2474;0;0;100;0;591;0;0;0;0
Damosha;413|450;10311;5111;9;0;100;0;648;0;0;0;0
Damosha;422|440;10125;0;0;6988;255;633;0;405;5;0;3
Damosha;416|449;10311;5189;1073;0;100;0;831;0;171;0;0
Damosha;431|426;11223;2223;8;34;800;0;22;0;0;0;0
Damosha;412|453;10125;5507;50;0;33;0;698;0;0;0;0
Damosha;420|438;10311;0;0;7439;255;834;0;405;5;0;3
Damosha;416|445;10311;4400;23;0;100;0;1008;0;0;0;0
Damosha;418|437;10311;0;0;6741;255;680;0;405;5;0;0
Damosha;413|447;10311;2831;23;0;100;0;652;0;0;0;0
Damosha;424|433;9871;1427;100;0;100;0;230;0;4;0;0
Damosha;413|451;10311;5299;24;0;137;0;647;0;0;0;0
Damosha;414|446;10311;3615;0;0;100;0;547;0;0;0;0
Damosha;409|454;10311;5820;487;0;142;0;757;3;236;0;0
Damosha;402|463;10311;5344;50;0;100;0;673;0;0;0;0
Damosha;409|457;10311;3451;1024;0;350;0;749;5;187;0;0
Damosha;415|438;10311;0;0;6110;255;848;0;405;5;0;0
Damosha;417|438;10311;819;1019;0;100;0;564;0;0;0;0
Damosha;411|447;10311;5536;0;0;100;0;580;0;5;0;0
Damosha;411|440;8563;0;0;5938;255;3029;185;466;5;0;0
Damosha;416|440;10311;2176;33;0;100;0;295;0;0;0;0
Damosha;402|458;10311;0;0;5856;255;2949;0;405;5;0;0
Damosha;409|447;10311;5835;1083;0;21;0;991;0;100;0;0
Damosha;409|444;10311;7467;546;0;100;0;591;0;294;0;0
Damosha;408|442;7702;5890;21;0;100;0;923;0;0;0;0
Damosha;406|442;6202;3623;947;0;100;0;0;0;0;0;0
Damosha;406|443;7474;6229;1;0;1;0;932;0;0;0;0
Damosha;453|513;10311;12570;4534;0;350;0;291;5;0;1;0
Damosha;455|512;10311;9665;5802;0;350;0;515;5;0;0;0
Damosha;455|515;10311;7163;4775;0;350;0;13;5;0;0;0
Damosha;455|513;10311;6165;5280;0;350;0;412;5;0;0;0
Damosha;454|513;10311;8339;5278;0;350;0;447;5;0;0;0
Damosha;466|536;10311;10057;5749;0;350;0;635;5;0;0;0
Damosha;455|516;10311;10471;8677;0;350;0;299;5;0;0;0
Damosha;451|511;10311;8784;7508;0;350;0;526;5;0;0;0
Damosha;450|514;10311;7352;3136;0;350;0;107;5;0;0;0
Damosha;448|513;10268;15142;5992;0;259;0;0;4;0;1;0
Damosha;452|514;10311;10471;7191;0;350;0;545;5;0;1;0
Damosha;450|510;10311;11627;6882;0;350;0;170;5;0;1;0
Damosha;448|511;10311;9272;5328;0;350;0;786;5;0;0;0
Damosha;447|506;10311;9433;2891;0;646;0;669;5;0;0;0
Damosha;446|508;10311;2386;286;0;350;0;0;5;0;0;0
Damosha;447|512;10311;10823;9329;0;350;0;130;5;0;1;0
Damosha;446|512;10311;17421;3525;0;111;0;79;5;0;0;0
Damosha;453|514;10311;5571;4135;0;350;0;556;5;0;0;0
Damosha;453|508;10311;7322;6219;0;350;0;168;5;0;0;0
Damosha;443|517;10311;10181;6674;0;350;0;448;5;0;0;0
Damosha;440|516;10311;8991;7854;0;350;0;156;5;0;0;0
Damosha;448|507;10311;1723;8550;0;350;0;10;5;0;0;0
Damosha;444|510;10311;10471;5635;0;350;0;205;5;0;1;0
Damosha;453|516;10311;6862;6834;0;350;0;677;5;0;0;0
Damosha;455|523;10311;7874;5620;0;350;0;252;5;0;0;0
Darksol;482|497;9999;4000;3900;0;500;0;0;10;0;0;3
Darksol;505|522;9999;0;5;4354;1493;2325;166;499;0;0;5
Darksol;495|519;9999;0;5;7000;10;3000;0;500;0;0;0
Darksol;476|531;9999;12975;10;0;699;0;1000;20;0;0;0
Darksol;506|524;9999;0;10;3000;35;920;0;500;0;0;0
Darksol;474|529;9999;0;5;8201;10;2200;0;560;0;0;0
Darksol;476|530;9999;0;5;7038;10;2600;0;500;0;0;0
Darksol;506|521;9563;4900;10;3;1596;1;630;20;0;0;0
Darksol;473|529;9999;12900;10;0;695;0;1000;20;0;0;0
Darksol;477|532;9999;0;5;10500;9;2445;0;500;0;1;0
Darksol;472|527;9999;0;5;8060;10;2500;0;691;0;0;0
Darksol;475|527;9999;4013;4013;0;488;0;0;10;0;0;0
Darksol;473|530;9999;0;5;8490;10;2620;0;693;0;0;0
Darksol;473|531;9999;9689;9666;0;500;0;0;20;0;0;0
Darksol;474|527;9999;0;5;8901;10;2500;0;550;0;0;0
Darksol;491|540;9999;4133;3500;0;500;0;63;10;0;0;0
Darksol;473|534;9999;9700;9700;0;500;0;0;20;0;0;0
Darksol;471|530;9999;0;5;9149;10;2300;0;693;0;0;0
Darksol;474|535;9999;13000;10;0;700;0;1000;20;0;1;0
Darksol;470|531;9999;0;5;9580;10;2200;0;693;0;0;0
Darksol;472|536;9999;4295;10;0;700;0;1000;20;0;0;0
Darksol;469|531;9999;11222;10;0;700;0;1000;20;0;0;0
Darksol;472|530;9999;0;5;8918;10;2300;0;643;0;0;0
Darksol;469|530;9999;13000;10;0;700;0;1000;20;0;1;0
Darksol;474|526;9999;9384;9395;0;500;0;33;20;0;1;0
Darksol;475|529;9999;0;5;7692;10;2600;0;500;0;0;0
Darksol;474|528;9999;0;5;8650;10;2500;0;600;0;0;0
Darksol;467|537;9999;13000;10;0;700;0;1000;20;0;0;0
Darksol;455|532;9999;0;9;6501;43;2890;0;500;0;0;0
Darksol;452|534;9999;0;9;6539;10;2897;0;500;0;0;0
Darksol;447|510;9999;0;5;6131;16;2997;0;500;0;0;0
Darksol;457|522;9999;10940;10;0;599;677;950;100;100;0;0
Darksol;456|518;9999;3771;3522;0;451;0;0;11;0;0;0
Darksol;455|518;9999;0;5;6331;46;2932;0;500;0;0;0
Darksol;457|524;9999;0;4;6242;45;2955;0;500;0;0;0
Darksol;454|523;9999;0;5;6374;46;2921;0;500;0;0;0
Darksol;467|547;9999;0;5;6747;45;2826;0;500;0;1;0
Darksol;455|524;9999;0;4;6106;23;3000;0;500;0;0;0
Darksol;453|524;9999;11456;10;0;590;683;863;100;100;0;0
Darksol;453|522;9999;11616;10;0;625;666;836;100;100;0;0
Darksol;451|517;9999;10662;10;0;700;765;904;100;100;0;0
Darksol;454|525;9999;10712;10;0;668;758;911;100;100;0;0
Darksol;466|547;9999;11546;10;0;537;600;721;100;100;0;0
Darksol;452|523;9999;0;10;6311;50;2500;0;500;0;0;0
Darksol;462|538;9999;12890;10;0;591;0;989;64;40;0;0
Darksol;480|556;9999;0;4;6098;37;2995;0;500;0;0;0
Darksol;464|544;9999;11268;10;0;568;621;743;100;100;0;0
Darksol;480|553;9999;37;4;6170;49;2971;0;492;0;0;0
Darksol;454|532;9999;0;9;6488;31;2898;0;500;0;0;0
Darksol;474|553;10495;8016;10;0;700;800;950;100;100;0;0
Darksol;474|554;9999;4100;4100;0;500;0;0;10;0;0;0
Darksol;448|530;9999;0;4;6012;50;2960;0;500;0;0;2
Darksol;476|555;9999;0;4;6080;36;3000;0;500;0;0;0
Darksol;447|529;9999;0;5;5999;50;2963;0;500;0;0;1
Darksol;467|552;9999;0;5;55;12;80;0;2;0;0;2
Darksol;450|533;9999;11000;10;0;676;739;873;100;100;0;0
Darksol;447|531;9999;0;5;7987;50;2871;0;600;0;0;0
Darksol;467|550;10337;9041;10;0;100;0;1000;20;0;0;2
Darksol;474|555;9999;0;4;6080;36;3000;0;500;0;0;0
Darksol;476|557;9999;0;4;6156;46;2977;0;499;0;0;0
Darksol;447|534;9999;12000;10;0;596;685;809;100;100;0;0
Darksol;447|530;9999;10185;10;0;678;784;921;100;100;0;0
Darksol;471|553;9999;91;6;5981;38;2980;12;500;0;1;0
Darksol;451|538;9999;0;4;958;19;482;273;76;0;0;2
Darksol;461|549;9999;39;4;6657;48;2840;0;500;0;0;0
Darksol;472|556;9999;12000;10;0;530;571;667;100;100;0;0
Darksol;464|543;9999;0;4;5297;50;2599;0;500;0;0;0
Darksol;448|537;9999;12000;10;0;582;654;794;100;100;0;0
Darksol;448|533;9999;73;5;7087;50;2833;0;487;0;0;1
Darksol;443|530;9999;12000;10;0;587;665;785;100;100;0;0
Darksol;470|556;9999;0;4;6208;45;2961;0;500;0;0;0
Darksol;458|550;9999;203;4;5057;49;2728;0;500;0;0;0
Darksol;448|538;9999;0;4;3265;40;1578;0;274;0;0;2
Darksol;458|549;9999;0;9;7358;50;2672;0;500;0;0;0
Darksol;445|540;10928;0;5;1026;20;555;0;158;0;0;0
Darksol;441|529;9999;11986;10;0;580;665;790;100;100;0;0
Darksol;445|537;9999;0;4;5318;50;2596;0;423;0;0;2
Darksol;446|542;12270;1397;9;0;140;158;186;69;65;0;0
Darksol;444|537;10971;0;5;1187;20;643;0;182;0;0;2
Darksol;442|536;9999;12000;10;0;588;670;781;100;100;0;0
Darksol;438|528;9999;12000;10;0;586;670;782;100;100;0;0
Darksol;443|534;9999;11796;10;0;536;592;685;100;100;0;0
Darksol;458|557;9999;0;5;6150;50;2925;0;500;0;0;1
Darksol;451|540;9999;10866;10;0;651;747;887;100;100;0;0
Darksol;450|540;9999;0;9;6244;50;2700;0;453;0;0;2
Darksol;457|548;9999;11640;10;0;595;670;806;100;100;0;0
Darksol;466|553;9999;8402;10;0;700;800;950;100;100;0;1
Darksol;470|553;9999;13000;10;0;104;0;1000;20;0;0;1
Darksol;476|567;9999;0;4;6094;29;3000;0;500;0;0;0
Darksol;444|545;10928;0;5;183;20;85;0;26;0;0;0
Darksol;461|559;9999;11142;10;0;646;732;864;100;100;0;0
Darksol;444|544;10892;0;5;915;20;494;0;141;0;0;0
Darksol;438|537;9999;12000;10;0;574;644;770;100;100;0;2
Darksol;450|554;9999;5318;10;0;503;580;682;100;100;0;0
Darksol;444|547;10801;215;10;0;20;20;33;12;10;0;0
Darksol;428|521;9999;11032;10;0;664;726;880;100;100;0;0
Darksol;435|536;9999;0;5;3441;35;1860;0;295;0;0;2
Darksol;443|550;10971;215;10;0;20;20;33;12;10;0;0
Darksol;449|557;9999;0;5;4040;40;2153;0;500;0;0;4
Darksol;448|543;10801;0;1;400;15;205;0;71;0;0;0
Darksol;473|571;9999;12000;10;0;510;575;671;100;100;0;0
Darksol;428|523;9999;0;5;5356;50;3200;0;479;0;0;0
Darksol;475|574;9999;10364;10;0;651;626;725;100;100;0;0
Darksol;474|572;9999;0;5;6591;45;3285;0;500;0;0;0
Darksol;440|554;10971;1250;10;0;120;140;165;60;60;0;0
Darksol;441|551;9999;0;5;4480;40;2207;0;418;0;0;4
Darksol;468|553;9999;0;6;6066;27;2948;0;500;0;1;2
Darksol;474|574;9999;1271;4;5557;50;2831;0;480;0;0;0
Darksol;464|577;9999;8767;10;0;584;555;662;100;100;0;0
Darksol;477|586;9999;0;10;6576;50;2867;0;500;0;0;0
Darksol;487|591;9999;0;5;6513;50;2884;0;500;0;0;0
Darksol;422|508;9921;0;5;4436;50;2120;0;381;0;0;0
Darksol;421|507;10610;0;5;5621;45;2986;0;500;0;0;0
Darksol;418|508;9999;0;5;4587;50;2260;0;442;0;0;0
Darksol;420|505;9999;3037;3031;0;500;0;0;20;0;0;0
Darksol;415|505;10610;0;5;5675;50;2970;0;500;0;0;0
Darksol;414|504;10610;0;5;5531;50;2981;0;500;0;0;0
Darksol;431|554;9999;12000;10;0;554;605;803;100;100;0;2
Darksol;412|504;9999;12160;10;0;569;508;617;100;100;0;0
Darksol;420|539;9999;12000;10;0;603;544;657;100;100;0;0
Darksol;462|583;9999;12000;10;0;564;631;865;100;93;0;0
Darksol;476|591;9999;12000;10;0;598;673;816;100;100;0;0
Darksol;462|585;9999;0;5;6531;50;2880;0;500;0;0;0
Darksol;439|569;9999;0;10;7160;41;2726;0;500;0;0;0
Darksol;432|564;9999;0;5;5542;50;2700;0;500;0;0;0
Darksol;408|519;9999;12000;10;0;608;556;654;100;100;0;0
Darksol;493|590;9999;12000;10;0;601;673;815;100;100;0;0
Darksol;408|503;9999;12000;10;0;597;551;640;100;100;0;0
Darksol;407|514;9999;12000;10;0;578;527;642;100;100;0;0
Darksol;468|585;9999;0;10;7754;50;2993;0;500;0;0;0
Darksol;411|524;9999;0;5;6111;50;2985;0;500;0;0;0
Darksol;456|581;9999;0;5;6151;50;2975;0;500;0;0;0
Darksol;431|564;9999;0;5;6067;50;2996;0;500;0;0;0
Darksol;412|529;9999;0;5;6151;50;2975;0;500;0;0;0
Darksol;430|563;9999;0;10;7464;50;2511;0;528;0;0;0
Darksol;439|568;9999;12000;10;0;605;686;805;100;100;0;0
Darksol;473|587;9999;0;5;7371;50;3090;0;500;0;0;0
Darksol;475|590;9999;0;5;7583;50;3037;0;500;0;0;0
Darksol;447|578;9999;12000;10;0;610;682;806;100;100;0;0
Darksol;410|520;9999;0;5;8087;50;2911;0;500;0;0;0
Darksol;431|565;9999;12000;10;0;619;643;752;100;100;0;0
Darksol;454|583;9999;12000;10;1;618;592;681;100;100;0;0
Darksol;409|529;9999;12000;10;1;601;564;667;100;100;0;0
Darksol;416|544;9999;0;5;6051;50;3000;0;500;0;0;0
Darksol;412|531;9999;12000;111;0;613;672;795;100;100;0;0
Darksol;414|541;9999;12000;10;0;608;581;670;100;100;0;0
Darksol;416|541;9999;0;5;6091;30;3000;0;500;0;0;0
Darksol;446|577;9999;0;10;6766;10;2840;0;500;0;0;0
Darksol;407|500;9999;0;5;6091;30;3000;0;500;0;0;0
Darksol;429|561;9999;0;5;6263;50;2952;0;496;0;0;0
Darksol;432|566;9999;0;5;6050;50;3000;0;500;0;0;0
Darksol;406|502;9999;12000;10;0;617;681;804;100;100;0;0
Darksol;434|566;9999;12000;10;0;606;684;806;100;100;0;0
Darksol;454|582;9999;11992;10;0;599;684;810;100;100;0;0
Darksol;478|591;9999;0;5;6501;50;2887;0;500;0;0;0
Darksol;440|572;9999;0;5;6075;50;2994;0;500;0;0;0
Darksol;470|590;9999;12000;10;0;582;665;787;100;100;0;0
Darksol;452|582;9999;0;5;7251;50;3000;0;500;0;0;0
Darksol;417|547;9999;12000;10;774;549;539;620;100;100;0;0
Darksol;419|551;9999;11775;10;843;434;485;895;98;100;0;0
Darksol;406|522;9999;0;5;6051;50;3000;0;500;0;0;0
Darksol;407|525;9999;12000;10;0;512;566;676;100;100;0;0
Darksol;405|503;9999;0;5;6091;38;2996;0;500;0;0;0
Darksol;408|518;9999;0;5;6079;50;2993;0;500;0;0;0
Darksol;404|503;9999;12000;10;0;471;556;645;100;100;0;0
Darksol;419|552;9999;0;5;6111;50;2985;0;500;0;0;0
Darksol;480|594;9999;12157;10;0;578;651;771;100;100;0;0
Darksol;457|583;9999;12000;10;0;549;626;824;100;100;0;0
Darksol;407|510;9999;0;5;6075;50;2994;0;500;0;0;0
Darksol;429|565;9999;12000;10;0;601;681;810;100;100;0;0
Darksol;455|584;9999;0;5;7347;50;2976;0;500;0;0;0
Darksol;454|584;9999;0;5;6555;50;2874;0;500;0;0;0
Darksol;467|592;9999;1038;5;5291;45;2603;220;500;0;0;0
Darksol;414|539;9999;0;5;6103;50;2987;0;500;0;0;0
Darksol;403|509;9999;0;5;6711;50;2840;0;496;0;0;0
Darksol;422|557;9999;12000;10;857;545;536;622;100;100;0;0
Darksol;406|523;9999;76;5;5375;50;3200;0;460;0;0;0
Darksol;436|574;9999;0;5;6111;50;2985;0;500;0;0;0
Darksol;411|542;9999;0;5;7351;50;2975;0;500;0;0;0
Darksol;403|517;9999;12485;10;0;473;529;633;100;100;0;0
Darksol;437|575;9999;12389;10;0;556;633;752;100;100;0;0
Darksol;430|567;9999;0;5;6051;50;3000;0;500;0;0;0
Darksol;453|583;9999;0;5;6523;50;2882;0;500;0;0;0
Darksol;406|519;9999;12000;10;0;586;667;784;100;100;0;0
Darksol;415|547;9999;0;5;6051;50;3000;0;500;0;0;0
Darksol;403|504;9999;12000;10;0;591;674;778;100;100;0;0
Darksol;402|513;9999;12000;10;0;578;545;628;100;100;0;0
Darksol;409|530;9999;0;5;7251;50;3000;0;500;0;0;0
Darksol;403|513;9999;0;5;8451;50;3000;0;500;0;0;0
Darksol;405|522;9999;96;5;6035;10;3000;0;500;0;0;0
Darksol;458|588;9999;0;5;6527;50;2881;0;500;0;0;0
Darksol;432|574;9999;12724;10;0;553;634;736;100;100;0;0
Darksol;492|602;9999;0;5;6171;50;2970;0;500;0;0;0
Darksol;430|571;9999;0;5;7251;50;3000;0;500;0;0;0
Darksol;459|590;9999;90;5;6485;50;2869;0;500;0;0;0
Darksol;414|550;9999;0;5;7251;50;3000;0;500;0;0;0
Darksol;404|522;9999;12002;10;1;590;565;650;100;100;0;0
Darksol;419|559;9999;0;5;6071;40;3000;0;500;0;0;0
Darksol;434|576;9999;0;5;8511;20;3000;0;500;0;0;0
Darksol;418|559;9999;0;5;7069;35;3053;0;500;0;0;0
Darksol;399|519;9999;10116;9700;0;500;42;60;20;20;0;0
Darksol;446|584;9999;0;10;6910;50;2784;0;500;0;0;0
Darksol;430|576;9999;0;5;6851;32;2989;0;500;0;0;0
Darksol;422|568;9999;10088;9663;0;500;34;60;20;20;0;0
Darksol;445|583;9999;0;5;6071;40;3000;0;500;0;0;0
Darksol;477|602;9999;10082;9814;0;500;20;51;20;10;0;0
Darksol;474|598;9999;0;5;6436;45;2906;0;500;0;0;0
Darksol;424|568;9999;0;5;6051;50;3000;0;500;0;0;0
Darksol;421|568;9999;10163;9700;0;500;3;104;20;20;0;0
Darksol;399|508;9999;9887;9813;0;500;0;139;20;0;0;0
Darksol;493|603;9999;12000;10;0;579;654;768;100;100;0;0
Darksol;396|513;9999;0;10;6502;20;2901;0;500;0;0;0
Darksol;488|603;9999;12000;10;0;578;647;768;100;100;0;0
Darksol;395|517;9999;0;5;6051;50;3000;0;500;0;0;0
Darksol;458|595;9999;0;5;6401;50;2912;0;500;0;0;0
Darksol;406|549;9999;9294;9296;0;500;15;262;20;10;0;0
Darksol;433|584;9999;0;5;6555;50;2874;0;500;0;0;0
Darksol;487|604;9999;9482;9490;0;500;8;244;20;20;0;0
Darksol;401|544;9999;0;10;6050;50;2999;0;500;0;0;0
Darksol;453|595;9999;0;5;6425;50;2906;0;500;0;0;0
Darksol;443|591;9999;0;5;6401;50;2912;0;500;0;0;0
Darksol;418|567;9999;9900;9807;0;500;0;92;42;0;0;0
Darksol;393|519;9999;0;5;6051;50;3000;0;500;0;0;0
Darksol;405|553;9999;8577;8624;0;500;25;186;20;21;0;0
Darksol;393|503;9999;0;5;6051;50;3000;0;500;0;0;0
Darksol;391|502;9999;9700;9687;0;500;0;135;67;0;0;0
Darksol;481|607;9999;0;5;6151;50;2975;0;500;0;0;0
Darksol;477|604;9999;0;5;6103;50;2987;0;500;0;0;0
Darksol;457|597;9999;0;5;6463;50;2897;0;500;0;0;0
Darksol;393|523;9999;11455;6001;0;500;0;302;49;0;0;0
Darksol;463|602;9999;8647;8352;0;487;78;316;31;40;0;0
Darksol;390|513;9999;8975;8968;0;500;0;174;57;0;0;0
Darksol;484|605;9999;9044;9093;0;500;19;163;32;40;0;0
Darksol;435|588;9999;9409;9390;0;500;118;0;77;0;0;0
Darksol;395|516;9999;9206;9192;0;500;207;0;86;0;0;0
Darksol;396|536;9999;11654;10;0;523;601;707;100;100;0;0
Darksol;476|609;8634;10593;10;0;664;745;803;100;100;0;0
Darksol;424|582;9250;10066;10;0;700;727;853;100;100;0;0
Darksol;396|529;9565;1000;10;6041;50;2869;0;429;0;0;0
Darksol;412|564;7779;0;5;6177;50;3140;0;500;0;0;0
Darksol;394|521;2272;150;123;0;0;0;0;0;0;0;0
Darksol;431|494;9999;8489;10;0;700;800;950;100;100;0;0
Darksol;431|490;9999;450;5;2100;40;1157;0;330;0;0;0
Darksol;430|494;10610;0;5;6011;50;2886;0;500;0;0;0
Darksol;428|489;10610;0;5;5731;50;2856;0;500;0;0;4
Darksol;426|493;9999;0;5;6465;25;2909;0;500;0;0;0
Darksol;427|483;10610;9916;10;0;658;684;812;100;100;0;0
Darksol;426|492;9999;0;5;6151;50;2975;0;500;0;0;0
Darksol;423|486;10586;0;5;6940;50;2437;0;500;0;0;0
Darksol;423|487;10610;0;5;6179;50;2844;0;500;0;0;0
Darksol;423|488;10610;0;5;6607;50;2737;0;500;0;0;0
Darksol;429|495;10586;8560;10;0;700;800;950;100;100;0;0
Darksol;421|483;10586;0;5;6742;50;2571;0;500;0;0;0
Darksol;423|484;10610;0;5;6777;50;1110;0;550;0;0;0
Darksol;423|478;10610;0;4;6700;50;2238;0;500;0;0;0
Darksol;419|483;10157;0;5;6605;40;2467;0;500;0;0;0
Darksol;416|493;10452;8139;10;0;683;775;929;100;100;0;0
Darksol;416|491;9999;0;5;6527;50;2881;0;500;0;0;0
Darksol;422|481;10586;0;5;7184;50;2462;0;500;0;0;0
Darksol;418|482;9999;0;5;7297;40;2441;0;500;0;0;0
Darksol;417|489;9999;0;5;6543;50;2877;0;500;0;0;0
Darksol;414|493;9999;0;5;6803;50;2812;0;500;0;0;0
Darksol;415|493;10452;8085;10;0;673;780;911;100;100;0;0
Darksol;418|483;9999;0;5;7299;39;2303;0;500;0;0;0
Darksol;414|488;9999;0;5;6499;50;2888;0;500;0;0;0
Darksol;417|483;9999;0;5;6625;50;2856;0;500;0;0;0
Darksol;415|491;9999;0;5;6077;37;3000;0;500;0;0;0
Darksol;407|479;9792;0;5;6406;50;2529;0;500;0;0;2
Darksol;403|479;9999;6796;10;0;620;702;841;100;100;0;0
Darksol;415|492;9999;0;5;6231;50;2955;0;500;0;0;0
Darksol;402|499;9183;116;10;6687;50;2960;0;440;0;0;0
Darksol;479|478;10080;4733;10;0;1000;0;805;20;0;0;4
Darksol;472|465;9999;1127;10;6053;887;1680;327;500;0;1;5
Darksol;478|477;10135;0;5;5776;10;3000;0;500;0;0;2
Darksol;480|475;9999;200;5;6337;298;2702;0;500;0;1;2
Darksol;479|477;10679;1;5;3971;50;1620;53;466;0;0;4
Darksol;471|468;9999;997;8;6379;1000;1962;30;500;43;0;4
Darksol;473|462;11494;8936;10;0;966;0;984;20;0;0;0
Darksol;474|466;9999;3000;2102;0;1000;0;0;20;0;0;0
Darksol;508|551;9999;3901;4000;0;500;0;23;10;0;0;0
Darksol;513|570;9999;4200;4000;0;500;0;0;10;0;0;0
Darksol;507|424;11600;150;5;2261;1000;664;0;276;0;0;0
Darksol;444|540;10928;1169;10;0;120;121;160;60;53;0;0
Darksol;453|543;10801;0;0;0;0;0;0;0;0;0;0
dificl;473|580;11090;10862;7312;0;93;30;118;0;0;1;12
dificl;412|553;10235;11046;5386;0;200;0;0;10;0;1;17
dificl;463|593;7677;11147;9388;0;100;0;0;10;0;1;9
EHoTka;458|448;12466;2694;146;340;142;157;309;20;200;0;3
EHoTka;456|449;9865;2766;15;924;204;217;448;17;143;0;0
EHoTka;456|450;11725;2827;0;1735;322;307;683;20;364;0;0
EHoTka;455|449;9899;2962;0;1543;296;314;577;5;162;0;2
EHoTka;447|478;9955;6025;1082;0;486;438;1127;20;210;0;0
EHoTka;453|444;9379;5417;0;0;970;189;462;16;223;1;0
EHoTka;458|447;10452;2913;0;0;261;158;348;14;153;0;0
EHoTka;460|448;9965;2883;0;0;240;240;643;20;160;1;0
EHoTka;457|438;9832;1382;0;0;116;112;289;1;139;0;1
EHoTka;456|438;9571;1494;0;0;122;121;323;19;138;0;2
EHoTka;460|445;10452;5749;0;0;233;234;495;20;347;0;0
EHoTka;465|449;11356;5428;918;0;389;282;0;10;21;1;0
EHoTka;537|530;10940;8904;0;0;257;257;927;20;512;0;0
EHoTka;539|528;11655;202;0;3460;279;1693;0;340;63;0;0
EHoTka;538|530;10043;4116;6053;0;290;573;790;13;334;1;0
EHoTka;539|530;9902;0;0;6763;400;2586;0;450;0;0;4
EHoTka;502|556;11249;15131;2601;0;189;70;274;10;36;0;0
EHoTka;494|548;9222;8378;6507;2670;190;491;0;193;0;0;0
EHoTka;503|556;10470;13867;3458;0;367;39;323;6;44;0;0
EHoTka;502|557;10470;307;127;9851;398;1303;0;450;109;0;4
EHoTka;503|559;10232;197;6;7147;400;2500;0;450;0;0;2
EHoTka;487|554;10345;8977;1456;0;208;0;684;18;95;0;0
EHoTka;525|576;9680;11827;4100;0;202;204;435;12;107;0;0
EHoTka;495|548;9725;1787;1779;8517;535;705;132;330;65;0;2
EHoTka;496|549;10548;0;0;6814;400;2500;0;450;0;0;0
EHoTka;523|572;9828;260;18;7979;337;1823;0;445;219;0;4
EHoTka;522|573;9780;4906;7192;0;356;352;784;20;210;0;0
EHoTka;525|571;10380;10625;6834;0;234;179;355;20;135;0;0
EHoTka;527|579;10240;13477;4279;0;234;116;219;12;58;0;0
EHoTka;526|575;9726;9456;3977;0;297;503;647;11;92;0;0
EHoTka;525|568;9419;54;202;9225;353;1754;0;450;104;0;4
EHoTka;541|569;10437;3162;3006;2557;325;0;311;6;4;0;1
EHoTka;524|569;9688;3578;96;7741;297;1501;35;450;0;0;2
EHoTka;522|569;9777;498;92;8669;350;1753;0;450;63;0;4
EHoTka;523|568;10344;287;302;9088;329;1662;138;450;0;0;4
EHoTka;529|567;10104;3791;968;6161;278;1507;43;450;7;0;3
EHoTka;516|543;11088;0;0;2327;349;2120;0;257;11;0;1
EHoTka;527|564;9832;9583;9095;0;278;71;165;4;19;1;0
EHoTka;533|591;9266;13355;5292;0;242;62;202;5;28;0;0
EHoTka;530|585;9352;12348;4549;0;105;119;400;10;100;0;0
EHoTka;529|583;9356;10149;4298;0;242;250;697;12;82;0;0
EHoTka;528|584;9121;3665;0;5450;304;1805;0;442;0;0;0
EHoTka;531|588;9266;6998;0;4535;394;1566;0;450;0;0;0
EHoTka;519|568;9863;1341;0;6855;398;2176;54;450;0;0;3
EHoTka;503|574;9624;2310;112;7084;310;1879;0;450;45;0;4
EHoTka;504|558;10470;11937;6373;0;297;38;219;11;14;0;0
EHoTka;520|570;9510;1755;0;11270;245;829;59;450;112;0;4
EHoTka;540|569;10019;0;0;7632;392;2252;0;445;48;0;4
EHoTka;545|584;9266;11984;7323;0;151;69;63;10;64;1;0
EHoTka;543|584;9219;14061;2019;0;258;202;429;14;110;0;0
EHoTka;515|605;10311;8505;5926;0;308;226;685;11;58;0;0
EHoTka;536|585;9173;3561;0;5490;298;1648;126;450;34;0;3
EHoTka;539|585;8801;10055;9104;0;246;109;113;10;31;0;0
EHoTka;507|581;9754;12978;5656;0;83;87;185;13;48;0;0
EHoTka;547|587;9358;8485;9458;0;96;97;228;11;109;0;0
EHoTka;508|601;9052;10627;10285;0;120;67;133;12;39;0;0
EHoTka;528|596;9032;10233;10329;0;108;96;181;10;67;0;0
EHoTka;545|592;8557;11096;9099;0;140;24;35;3;28;0;0
EHoTka;508|578;10336;11655;6473;0;135;115;226;5;42;0;0
EHoTka;513|605;8757;9095;10594;0;224;107;231;12;48;0;0
EHoTka;486|555;11548;2632;0;4274;364;1970;0;450;268;0;4
EHoTka;485|556;11519;0;0;6163;400;2500;0;450;138;0;0
EHoTka;486|557;11548;7950;0;0;449;465;1098;20;210;0;0
EHoTka;485|557;10470;0;0;6787;399;2307;0;450;9;0;0
EHoTka;488|557;11431;10391;2459;0;298;180;793;8;89;0;0
EHoTka;487|556;11627;2330;0;6112;355;1741;0;450;80;0;4
EHoTka;527|600;8505;10134;9654;0;237;100;204;12;36;0;0
EHoTka;467|597;8498;8722;11439;0;204;0;62;10;6;0;0
EHoTka;536|597;7890;9762;9914;0;290;46;96;7;38;0;0
EHoTka;507|607;8917;11302;8095;0;204;46;96;10;37;0;0
EHoTka;514|556;10339;10436;5607;0;196;198;446;10;78;0;0
EHoTka;560|587;9835;228;10745;0;580;11;2;0;0;0;4
EHoTka;551|595;8802;8693;7315;0;198;200;434;12;84;0;4
EHoTka;502|606;8669;10425;8729;0;131;73;164;10;30;0;0
EHoTka;525|604;8505;12337;7754;0;209;88;168;5;41;0;0
EHoTka;550|593;8637;8488;7319;0;200;162;354;20;150;0;0
EHoTka;480|607;8289;12392;7288;0;201;40;102;9;24;0;0
EHoTka;545|597;8398;12781;5775;0;245;110;211;3;35;0;0
EHoTka;532|601;8436;12977;6126;0;401;57;91;5;29;0;1
EHoTka;536|602;8462;10311;9391;0;58;35;135;4;18;0;1
EHoTka;544|598;8404;7691;8479;0;315;200;432;19;95;0;0
EHoTka;540|603;8405;10536;6221;0;228;180;403;15;65;0;1
EHoTka;534|600;8612;11825;7140;131;232;74;134;3;27;0;0
EHoTka;528|602;7352;11405;6937;0;277;140;266;9;53;0;0
EHoTka;548|599;7354;12559;4788;0;361;138;378;13;73;0;0
EHoTka;501|607;8161;7974;8491;0;251;142;516;6;57;0;0
EHoTka;550|599;8368;0;0;9208;234;2107;0;450;38;0;3
EHoTka;548|601;6677;5845;1944;0;494;500;1080;20;172;0;1
EHoTka;528|606;5981;6869;296;0;461;340;741;20;161;0;0
EHoTka;546|598;2221;2667;0;0;465;466;0;0;0;0;0
EHoTka;544|604;1026;614;0;0;176;0;0;0;0;0;0
EHoTka;548|598;939;524;0;0;80;76;0;0;0;0;0
EHoTka;533|606;321;42;0;0;0;0;0;0;0;0;0
EHoTka;531|548;10559;3534;3766;3561;562;261;6;11;20;1;4
EHoTka;501|525;10461;4937;6232;0;328;614;650;20;259;1;0
EHoTka;500|522;9200;690;0;6015;491;2535;119;189;122;0;4
EHoTka;502|523;10857;4810;4772;0;300;149;348;10;58;1;0
FlameisteR;474|547;10121;1701;800;4674;33;1679;380;538;4;0;4
FlameisteR;470|538;10216;8684;8676;50;173;100;0;30;0;1;0
FlameisteR;471|539;10414;1;0;7463;20;2200;0;724;15;0;4
FlameisteR;471|537;11558;4834;2265;50;638;100;0;30;0;0;0
FlameisteR;476|544;10383;12499;3124;100;300;199;298;35;179;0;0
FlameisteR;473|540;10200;9797;9777;50;200;100;0;30;0;1;0
FlameisteR;484|544;11589;3914;927;12;407;250;292;26;0;0;4
FlameisteR;483|546;10785;12500;543;100;335;376;729;31;0;0;4
FlameisteR;481|547;10708;1401;918;3701;20;2020;382;437;7;0;4
FlameisteR;480|545;10785;10392;3315;50;242;100;638;34;170;0;0
FlameisteR;479|546;10644;9492;9521;50;198;100;0;30;0;1;0
FlameisteR;476|547;10644;1401;800;4325;10;2099;106;687;24;0;4
FlameisteR;474|545;10489;11000;7876;0;205;100;0;30;74;0;0
FlameisteR;476|551;10785;10923;9449;50;203;100;0;26;24;1;0
FlameisteR;476|552;10619;6068;3414;50;300;250;0;30;100;0;0
FlameisteR;475|553;10397;1951;860;4758;10;2200;226;456;3;0;4
FlameisteR;468|554;10414;9462;9462;50;200;100;0;30;15;0;4
FlameisteR;473|554;10383;1991;1160;3982;10;2163;293;499;7;0;4
FlameisteR;464|573;10058;0;0;9171;10;2200;0;940;4;1;4
FlameisteR;457|560;10636;11999;8000;0;215;174;0;10;40;0;1
FlameisteR;488|598;10397;0;0;9412;10;2200;0;837;4;0;4
FlameisteR;426|580;10397;11457;7674;0;300;250;0;10;84;0;0
FlameisteR;470|536;10452;1;0;6242;10;2185;0;1000;4;0;4
FlameisteR;467|540;10452;1;0;9394;10;1819;0;620;4;1;6
FlameisteR;468|539;10365;11048;7406;0;300;250;0;7;60;0;0
FlameisteR;469|540;10414;11048;7282;0;300;250;0;10;50;0;0
FlameisteR;478|549;10421;5150;3412;0;300;250;0;10;100;0;0
FlameisteR;477|546;10728;1754;10;5450;100;2000;400;370;30;0;4
FlameisteR;481|550;10495;1800;10;5500;100;2020;400;380;30;1;4
FlameisteR;470|558;10495;3979;2681;0;300;250;0;10;100;0;0
FlameisteR;492|582;9506;0;0;8177;10;2200;0;651;4;0;4
FlameisteR;487|587;9229;11551;8000;0;372;250;0;10;74;0;0
FlameisteR;468|579;9229;12000;8069;0;300;250;0;8;60;0;0
FlameisteR;502|594;10202;9849;6555;0;300;250;0;12;94;0;0
FlameisteR;473|590;9229;11377;7540;0;479;250;52;10;80;0;0
FlameisteR;506|593;9229;0;0;9431;10;2200;0;414;4;0;4
FlameisteR;509|595;9316;0;0;8284;10;2200;0;640;4;0;4
FlameisteR;484|594;9229;12000;8000;0;300;250;0;10;67;0;0
FlameisteR;501|598;9881;11682;7972;0;300;250;0;10;88;0;0
FlameisteR;504|601;9229;11914;7957;0;300;250;0;10;84;0;0
FlameisteR;458|593;9229;11884;7939;0;300;250;0;10;90;0;0
FlameisteR;438|589;9229;10563;7068;0;300;250;0;10;94;0;0
FlameisteR;410|555;9229;10400;6660;0;300;250;0;10;80;0;0
FlameisteR;494|608;9229;11643;7792;0;300;250;0;12;100;0;0
FlameisteR;476|585;9229;11951;7598;0;300;250;69;14;70;0;0
FlameisteR;516|590;9450;10789;7172;0;300;250;0;14;82;0;0
FlameisteR;473|546;10121;12500;10;100;338;379;712;40;179;0;0
FlameisteR;519|598;9291;11708;7811;0;300;250;0;10;88;0;2
FlameisteR;453|573;9258;11909;7927;0;261;214;0;15;82;0;0
FlameisteR;484|587;9229;11977;8000;0;281;235;0;10;53;0;0
FlameisteR;432|565;9229;11912;7930;0;392;203;0;7;60;0;0
Ewerverds;507|542;10106;0;3;7584;44;2654;0;350;0;0;4
Ewerverds;508|541;10106;8989;8991;0;400;0;262;5;8;0;0
Ewerverds;508|542;10106;0;3;7400;50;3057;0;350;0;0;4
Ewerverds;506|541;10237;0;3;8747;40;2662;0;350;0;0;4
Ewerverds;494|580;10106;8531;8493;0;395;210;400;5;70;0;0
Ewerverds;475|570;10106;8622;8640;0;365;186;400;3;61;0;0
Ewerverds;468|580;10106;0;3;7996;58;3064;0;350;0;0;0
Ewerverds;459|575;10106;8614;8642;0;382;171;400;5;64;0;0
Ewerverds;474|558;10106;0;2;6490;50;3289;0;350;0;0;0
Ewerverds;507|540;10106;0;3;7796;40;2617;0;350;0;0;0
Ewerverds;490|555;10106;0;3;6838;56;3104;0;350;0;0;4
Ewerverds;482|554;10106;8804;8797;0;276;178;400;4;44;0;0
Ewerverds;463|571;10106;0;3;7147;50;3120;0;350;0;0;0
Ewerverds;490|553;10106;0;3;8072;56;2946;0;350;0;0;4
Ewerverds;495|552;10106;9602;9599;0;400;0;28;5;0;1;0
Ewerverds;490|551;10106;0;3;6475;48;3189;0;350;0;0;4
Ewerverds;431|481;10106;0;3;7181;50;2284;0;350;0;0;0
Ewerverds;466|572;7664;0;3;9643;50;3137;0;600;0;0;0
Ewerverds;430|481;10106;5643;1516;0;400;0;1002;5;0;0;0
Ewerverds;468|583;10106;0;3;8847;50;2894;0;367;0;0;0
Ewerverds;417|471;10106;0;2;7405;50;2796;0;350;0;0;0
Ewerverds;417|472;10106;0;3;7368;50;2805;0;350;0;0;0
Ewerverds;418|470;10106;0;3;8132;50;2614;0;350;0;0;0
Ewerverds;467|571;10106;0;3;8532;50;2934;0;350;0;0;0
Ewerverds;417|470;10106;0;3;6756;50;2958;0;350;0;0;0
Ewerverds;479|557;10106;0;2;6709;56;3227;0;350;0;0;4
Ewerverds;479|567;10106;6921;6919;0;400;250;836;5;150;0;0
Ewerverds;482|556;10106;0;3;6648;50;3245;0;350;0;0;4
Ewerverds;488|580;10106;0;2;9462;53;2635;0;352;0;0;4
Ewerverds;416|469;10106;0;3;7178;50;2852;0;350;0;0;0
Ewerverds;432|481;10106;8572;1305;0;400;0;921;5;0;1;0
Ewerverds;480|559;10106;8272;8280;0;400;250;400;5;108;0;0
Ewerverds;489|581;10106;0;3;6384;60;3426;0;350;0;0;4
Ewerverds;431|480;9850;4293;1275;0;400;0;773;5;0;1;0
Ewerverds;479|579;10106;8270;8293;0;400;250;400;6;106;0;0
Ewerverds;467|575;10106;0;3;8548;50;3030;0;366;0;0;0
Ewerverds;472|584;10106;0;3;7736;58;2873;0;350;0;0;0
Ewerverds;472|578;10106;0;2;8149;50;2970;0;350;0;0;0
Ewerverds;498|583;10106;0;3;6848;58;3191;0;350;0;0;4
Ewerverds;488|585;10106;0;2;8157;50;3088;0;350;0;0;0
Ewerverds;496|534;8748;4384;4399;0;147;82;3;0;0;0;0
Ewerverds;461|576;10106;0;3;7256;58;3189;0;350;0;0;0
Ewerverds;471|582;10106;0;2;7769;50;3065;0;350;0;0;0
Ewerverds;531|534;10106;0;3;8740;54;2875;0;350;0;0;5
Ewerverds;463|579;10106;0;3;6988;56;3257;0;350;0;0;0
Ewerverds;497|586;10106;0;2;8317;58;2884;0;350;0;0;4
Ewerverds;468|577;10106;0;3;7284;56;3183;0;350;0;0;0
Ewerverds;495|581;10106;0;3;8492;50;2844;0;350;0;0;4
Ewerverds;416|485;10106;2;3;6168;50;2370;0;350;0;0;0
Ewerverds;492|553;10106;0;3;7040;60;3142;0;350;0;0;4
Ewerverds;514|519;8822;5093;5078;0;0;0;0;0;0;0;0
Ewerverds;489|546;10106;0;3;6843;50;3096;0;350;0;0;4
Ewerverds;507|538;10237;7628;7593;0;400;0;400;5;0;0;0
Ewerverds;535|529;10148;317;3;7273;305;2792;0;350;0;0;5
Ewerverds;423|460;9804;6023;88;0;193;0;1263;0;0;0;0
Ewerverds;414|467;10106;0;3;6739;50;3222;0;350;0;0;0
Ewerverds;513|549;8748;5791;5778;0;30;0;0;0;0;0;0
Ewerverds;423|465;10106;0;3;7333;50;2791;0;350;0;0;0
Ewerverds;424|461;10106;0;2;5533;50;2757;0;350;0;0;0
Ewerverds;420|468;10106;0;3;7426;50;2756;0;350;0;0;0
Ewerverds;423|457;10106;0;3;7344;50;2811;0;350;0;0;0
Ewerverds;476|573;10106;0;3;6952;56;3326;0;350;0;0;0
Ewerverds;489|559;10106;0;3;7152;60;3174;0;350;0;0;4
Ewerverds;420|467;10106;0;2;5832;34;2387;0;350;0;0;0
Ewerverds;415|470;10106;0;2;8232;50;2709;0;350;0;0;0
Ewerverds;481|576;10106;0;3;6964;50;3326;0;350;0;0;0
Ewerverds;479|585;10106;9254;9259;0;240;140;277;3;51;0;0
Ewerverds;473|585;7664;0;3;9658;50;2912;0;673;0;0;0
Ewerverds;479|588;10106;9059;8540;0;312;185;321;5;90;0;0
Ewerverds;471|595;10106;0;3;6944;50;3331;0;350;0;0;0
Ewerverds;427|567;10106;0;3;7080;50;3297;0;350;0;0;0
Ewerverds;412|549;10106;0;3;12703;40;1585;0;350;0;0;0
Ewerverds;520|601;10106;0;3;7052;58;3200;0;350;0;0;4
Ewerverds;451|591;10106;0;3;8252;54;2942;0;350;0;0;0
Ewerverds;531|600;7664;0;2;9203;50;3384;0;600;0;0;4
Ewerverds;435|582;10106;0;2;6747;51;3320;0;350;0;0;0
Ewerverds;518|570;8748;4900;4871;0;200;0;3;0;0;0;0
Ewerverds;475|578;10106;8856;8860;0;345;178;330;3;66;0;0
Ewerverds;457|587;10106;0;3;12040;40;1642;0;350;0;0;0
Ewerverds;505|541;11448;2746;2696;0;400;0;0;5;0;0;0
Ewerverds;482|560;10106;0;3;6700;52;3231;0;350;0;0;4
Ewerverds;483|560;10106;8474;8476;0;364;236;355;5;108;0;0
Ewerverds;495|563;10106;6;3;6866;54;3187;0;350;0;0;4
Ewerverds;482|561;10106;8454;8449;0;331;212;453;4;60;1;0
Ewerverds;483|561;10106;0;3;8296;50;2893;0;350;0;0;4
Ewerverds;484|561;10106;8351;8326;0;400;250;400;4;93;0;0
Ewerverds;478|561;10106;8196;8159;0;400;250;411;4;95;0;0
Ewerverds;482|565;10106;7209;7169;0;399;243;782;5;97;0;0
Ewerverds;491|567;10106;8651;8690;0;390;202;350;4;74;0;0
Ewerverds;481|562;10106;0;3;7456;50;3043;0;350;0;0;4
Ewerverds;480|562;10106;9133;9081;0;300;160;319;5;31;0;0
Ewerverds;480|565;10106;8243;8134;0;216;135;652;4;45;0;0
Ewerverds;481|564;10106;0;3;6512;50;2919;0;350;0;0;4
Ewerverds;484|567;10106;5720;5711;0;400;250;443;5;150;0;0
Ewerverds;428|482;9941;4446;1140;0;400;0;944;5;0;0;0
Ewerverds;483|572;10106;13;3;6943;60;3283;0;350;0;0;4
Ewerverds;484|573;10106;0;3;6924;56;3293;0;350;0;0;4
Ewerverds;481|575;10106;8550;8524;0;348;196;417;3;71;0;0
Ewerverds;428|463;10418;0;3;6564;40;2239;0;350;0;0;0
Ewerverds;481|582;10106;8377;8425;0;368;188;468;5;64;0;0
Ewerverds;415|478;10106;3475;993;0;400;0;717;5;0;0;0
Ewerverds;422|457;10106;1118;994;0;400;0;654;5;0;0;0
Ewerverds;503|588;10106;0;2;6777;52;3212;0;350;0;0;4
Ewerverds;481|585;10106;0;3;6988;58;3256;0;350;0;0;0
Ewerverds;452|575;10106;0;3;7000;50;3257;0;350;0;0;0
Ewerverds;458|581;10106;0;3;6752;54;3317;0;350;0;0;0
Ewerverds;466|583;10106;0;3;6732;58;3320;0;350;0;0;0
Ewerverds;453|577;10106;8816;8780;0;379;177;374;3;40;0;0
Ewerverds;452|577;10106;9462;9462;0;238;121;265;3;49;0;0
Ewerverds;500|591;10106;0;2;6713;54;3227;0;350;0;0;4
Ewerverds;469|587;10106;0;3;6492;50;3384;0;350;0;0;0
Ewerverds;469|584;10106;4;3;7730;59;2872;0;350;0;0;0
Ewerverds;470|587;10106;0;3;8080;50;3107;0;350;0;0;0
Ewerverds;501|590;10106;0;2;6709;50;3230;0;350;0;0;4
Ewerverds;465|584;10106;0;3;6748;50;3320;0;350;0;0;0
Ewerverds;458|580;10106;0;2;6737;56;3320;0;350;0;0;0
Ewerverds;506|589;10106;0;3;8552;60;2884;0;350;0;0;4
Ewerverds;415|463;9804;1322;842;0;400;0;316;5;0;0;0
Ewerverds;412|469;10106;3486;974;0;400;0;708;5;0;0;0
Ewerverds;409|471;10106;3416;977;0;400;0;668;5;0;0;0
Ewerverds;458|585;10106;0;2;7741;56;2873;0;350;0;0;0
Ewerverds;463|586;10106;0;3;12124;40;1621;0;350;0;0;0
Ewerverds;412|462;10106;1214;989;0;400;0;258;5;0;0;0
Ewerverds;429|566;10106;0;3;8612;60;2849;0;350;0;0;0
Ewerverds;490|597;10106;0;2;10673;48;2400;0;350;0;0;0
Ewerverds;473|592;10106;0;3;7932;50;3024;0;350;0;0;0
Ewerverds;447|580;10106;0;3;6704;58;2967;0;350;0;0;0
Ewerverds;495|599;10106;0;3;6756;50;2958;0;350;0;0;0
Ewerverds;456|584;10106;0;3;6444;56;3033;0;350;0;0;0
Ewerverds;467|589;10106;9614;9575;0;210;117;254;4;32;0;0
Ewerverds;474|592;10106;0;3;7742;57;3068;0;350;0;0;0
Ewerverds;445|584;10106;0;3;7596;50;2748;0;350;0;0;0
Ewerverds;460|591;10106;0;3;10812;40;2309;0;350;0;0;0
Ewerverds;438|575;10106;0;3;6652;50;2984;0;350;0;0;0
Ewerverds;507|599;10106;0;3;6552;54;2907;0;350;0;0;4
Ewerverds;488|597;10106;0;3;10064;48;2552;0;350;0;0;0
Ewerverds;486|599;10106;32;2;6517;50;3010;0;350;0;0;0
Ewerverds;401|526;10106;0;3;8152;40;2614;0;350;0;0;0
Ewerverds;411|550;10106;0;3;8152;40;2614;0;350;0;0;0
Ewerverds;496|598;10106;0;3;6520;50;3017;0;350;0;0;0
Ewerverds;491|600;10106;0;3;6710;59;2965;0;350;0;0;0
Ewerverds;451|589;10106;0;3;11408;40;1800;0;350;0;0;0
Ewerverds;466|598;10106;0;3;8564;50;2926;0;350;0;0;0
Ewerverds;469|597;10106;0;3;6520;58;3013;0;350;0;0;0
Ewerverds;456|575;10106;0;3;10348;40;2065;0;350;0;0;0
Ewerverds;481|574;10106;8475;8477;0;374;244;386;5;78;0;0
Ewerverds;483|562;10106;0;3;6620;60;2887;0;350;0;0;4
Ewerverds;493|554;10106;9430;9435;0;400;0;61;5;0;1;0
Ewerverds;483|573;10106;8565;8547;0;399;209;400;3;60;0;0
Ewerverds;487|560;10106;5805;5852;0;400;96;70;5;0;1;0
Ewerverds;490|554;10106;10514;10526;0;400;0;1;5;0;1;0
Ewerverds;485|584;10106;0;2;7095;56;3123;0;350;0;0;4
Ewerverds;480|570;10106;8001;7803;0;400;217;561;5;96;0;0
Ewerverds;458|577;10106;0;3;6672;56;2976;0;350;0;0;0
Ewerverds;469|589;10106;0;3;6984;50;2901;0;350;0;0;0
Ewerverds;496|577;10106;7631;7639;0;400;250;575;5;137;0;0
Ewerverds;458|582;10106;0;3;6700;56;2969;0;350;0;0;0
Ewerverds;478|574;10106;0;3;6824;58;2937;0;350;0;0;0
Ewerverds;495|586;10106;0;3;6340;56;2959;0;350;0;0;4
Ewerverds;476|575;10106;8887;7281;0;400;211;527;4;80;0;0
Ewerverds;474|585;10106;0;2;7773;50;2704;0;350;0;0;0
Ewerverds;436|577;10106;0;3;8050;57;2991;0;350;0;0;0
Ewerverds;491|555;10106;0;3;6544;50;2911;0;350;0;0;4
Ewerverds;486|571;10106;0;3;7164;58;3112;0;350;0;0;4
Ewerverds;485|571;10106;7379;7416;0;400;250;711;4;95;0;0
Ewerverds;432|479;10106;0;3;7430;50;2761;0;350;0;0;0
Ewerverds;462|582;10106;2;3;6566;56;3002;0;350;0;0;0
Ewerverds;491|553;10106;6764;6754;0;400;0;0;5;0;1;0
Ewerverds;491|551;8113;6726;6721;0;400;0;248;5;0;0;0
Ewerverds;478|577;10106;8224;8176;0;400;230;400;5;137;0;0
Ewerverds;432|569;10106;0;3;6780;50;2952;0;350;0;0;0
Foks;567|525;11579;2645;500;2411;150;784;0;0;0;0;0
Foks;447|455;12373;2374;2511;0;500;0;0;0;0;0;0
Foks;447|456;10452;2067;2725;0;490;0;443;0;0;0;0
Foks;446|456;10452;866;0;5952;226;2491;0;300;10;0;4
Foks;446|457;10495;976;2849;0;500;0;423;0;20;0;0
Foks;444|455;10452;1711;702;0;500;0;468;0;20;0;0
Foks;434|443;10237;2727;0;0;445;0;271;0;10;0;0
Foks;431|445;11420;5332;4260;0;500;0;316;0;19;0;0
Foks;436|450;10567;1000;0;4748;221;2433;0;447;10;1;0
Foks;433|449;10237;3129;1747;0;500;0;143;0;20;1;0
Foks;433|450;10452;5137;3238;0;500;0;500;0;20;0;0
Foks;436|451;10220;2522;2318;0;500;0;534;0;20;0;0
Foks;438|442;10237;1401;894;0;140;0;349;0;10;0;0
Foks;436|453;10220;1000;0;6852;240;2373;0;449;10;0;2
Foks;439|443;11579;3669;934;0;500;0;0;0;0;0;0
Foks;431|446;10237;1000;0;5982;217;2226;0;354;10;0;2
Foks;434|444;10636;3507;2392;0;500;0;674;0;20;0;0
Foks;437|449;10452;3484;4280;0;1872;0;0;0;20;0;0
Foks;436|452;10452;3829;4064;0;500;0;0;0;20;0;0
Foks;440|445;10452;4850;2314;0;500;0;782;0;20;0;0
Foks;437|450;10452;2614;2555;0;500;0;458;0;20;0;0
Foks;438|449;10452;2042;495;0;340;0;261;0;10;0;0
Foks;431|443;10636;2708;0;0;233;1643;200;0;10;0;0
Foks;435|442;10452;2731;0;0;470;0;284;0;10;0;0
Foks;438|446;10452;1000;0;4688;195;2144;0;488;10;0;2
Foks;436|443;10452;2729;0;0;481;2146;296;0;10;0;0
Foks;466|560;9902;1009;0;7338;212;2263;0;569;10;0;4
Foks;465|565;10237;12257;0;0;477;0;1490;0;16;0;0
Foks;468|562;9902;1000;0;7242;227;2598;0;500;10;0;0
Foks;470|566;9761;10556;0;0;500;0;1500;0;20;0;0
Foks;474|557;10168;9170;1631;0;1501;0;1100;0;20;0;0
Foks;467|565;9761;1000;0;5216;274;2233;0;280;10;0;1
Foks;470|565;9835;1000;0;6531;232;2437;0;300;10;0;0
Foks;437|570;9761;10060;9648;0;424;0;0;0;20;0;0
Foks;453|584;9761;10084;9512;0;480;0;0;0;20;0;0
Foks;457|599;9761;8275;10497;0;892;0;0;0;20;0;0
Foks;437|572;9761;11202;8174;0;606;0;0;0;16;0;0
Foks;456|572;9386;3458;1500;0;500;0;708;0;20;0;0
Foks;460|579;9740;9528;9042;0;1004;0;0;0;18;0;0
Foks;453|562;9980;3719;1500;0;500;0;501;0;20;0;0
Foks;466|578;9761;10987;0;0;900;0;1300;0;16;0;0
Foks;459|577;10225;10466;8904;0;480;0;0;0;20;0;0
Foks;426|566;9741;9682;9854;0;491;0;0;0;23;0;0
Foks;483|576;10237;4769;3251;0;500;0;0;0;20;0;0
Foks;465|569;10237;6460;2398;0;500;0;500;0;0;0;0
Foks;473|582;10178;5733;3255;0;500;0;498;0;20;0;0
Foks;465|568;10495;1000;0;5920;250;2289;0;400;10;0;4
Foks;470|577;10495;4485;4012;0;500;0;0;0;20;0;0
Foks;470|578;9761;13588;0;0;484;0;1000;0;20;0;0
Foks;456|576;9761;11202;0;0;973;0;1200;0;46;0;0
Foks;462|579;9761;10441;8101;0;1006;0;0;0;20;0;0
Foks;434|568;9741;10016;9826;0;384;0;0;0;14;0;0
Foks;464|566;9994;1000;0;5068;248;1869;0;300;10;0;2
Foks;457|561;9761;9894;8784;0;939;0;0;0;20;0;0
Foks;439|562;10104;17264;1000;0;1103;0;0;0;20;0;0
Foks;443|569;9398;12135;5115;0;500;0;400;0;20;0;0
Foks;446|593;9473;10274;8988;0;800;0;0;0;20;0;0
Foks;425|572;9549;11084;8649;0;510;0;0;0;23;0;0
Foks;429|578;9549;10269;8499;0;1004;0;0;0;20;0;0
Foks;454|599;9474;9759;9558;0;777;0;0;0;20;0;0
Foks;427|570;9761;12953;0;0;801;0;1000;0;20;0;0
Foks;453|596;9761;11302;8369;0;442;0;0;0;20;0;0
Foks;445|569;9889;13993;5175;0;652;0;0;0;20;0;0
Foks;438|581;9745;9988;9440;0;574;0;0;0;18;0;0
Foks;459|570;9761;10048;8408;0;1050;0;0;0;20;0;0
Foks;448|580;9745;10527;9099;0;467;0;0;0;20;0;0
Foks;461|580;9741;12362;0;0;500;0;1200;0;20;0;0
Foks;463|574;9761;9526;8836;0;1097;0;0;0;20;0;0
Foks;490|581;10216;10622;8709;0;555;0;0;0;20;0;0
Foks;486|575;10217;1000;0;6147;221;2228;0;500;10;0;0
Foks;472|561;9950;13550;5000;0;508;0;0;0;20;0;0
Foks;472|559;10290;9040;5586;0;524;0;584;0;17;0;0
Foks;472|562;10290;10081;6838;0;404;0;450;0;20;0;0
Foks;477|558;10311;8852;7363;0;500;0;500;0;20;0;0
Foks;518|593;3463;2248;1275;0;168;0;0;0;0;0;0
Foks;517|593;3935;3863;1150;0;65;0;0;0;0;0;0
Foks;482|555;10237;8339;5100;0;500;0;925;0;20;0;0
Foks;481|554;11579;4909;3163;0;270;0;0;0;0;0;0
Foks;481|556;10495;1000;0;6154;200;2454;0;300;10;0;4
Foks;480|557;10311;4307;3429;0;500;0;0;0;20;0;0
Foks;484|557;11348;3927;4139;0;500;0;0;0;20;0;0
Foks;473|559;10336;4542;3335;0;512;0;0;0;20;0;0
Foks;471|564;10495;5515;2707;0;500;0;0;0;20;0;0
Foks;470|562;10336;4248;3511;0;500;0;0;0;20;0;0
Foks;469|562;10495;3500;4104;0;500;0;0;0;20;0;0
Foks;480|548;10787;5068;2787;0;500;0;896;0;20;0;0
Foks;478|552;10237;8630;6009;0;500;0;800;0;20;0;0
Foks;536|528;11565;1500;0;2966;250;1000;5;0;0;0;0
Foks;480|554;10237;10364;6075;0;500;0;500;0;20;0;0
Foks;463|561;9761;11972;0;0;734;0;1350;0;77;0;0
Foks;464|561;9761;9233;3505;0;549;0;1120;0;20;0;0
Foks;461|561;9761;12347;7209;0;500;0;0;0;20;0;0
Foks;463|559;9761;12244;0;0;556;0;1400;0;80;0;0
Foks;478|547;11579;4029;1848;0;500;0;0;0;0;0;0
Foks;473|558;9874;1000;0;5234;232;2146;0;689;10;0;0
Foks;482|568;10237;9062;5409;0;500;0;1100;0;26;0;0
Foks;535|607;4026;966;0;2686;236;685;0;132;10;0;0
Foks;527|604;1134;14;0;0;161;0;0;0;0;0;0
Foks;469|564;9902;8568;5358;0;823;0;1150;0;16;0;0
Foks;475|558;10237;8312;4839;0;500;0;1000;0;14;0;0
Foks;516|588;9994;10331;0;0;500;0;1533;0;16;0;0
Foks;508|600;9550;1003;0;8556;287;2656;0;500;10;0;0
Foks;517|599;10378;1000;0;5378;240;1954;0;332;8;0;0
Foks;518|597;9372;1081;0;7722;238;2273;0;500;10;1;0
Foks;524|594;6078;1000;0;7275;297;2341;0;300;10;0;4
Foks;516|596;7121;1000;1029;0;235;0;0;0;8;1;0
Foks;516|594;5776;1000;18;4640;240;1542;0;200;10;0;0
Foks;513|593;4503;1000;0;4666;155;1423;0;100;10;0;0
Foks;512|593;4627;1023;0;5003;246;1353;0;200;10;0;0
Foks;512|595;5676;1028;0;6199;250;1989;0;311;10;0;3
Foks;525|596;6292;1163;100;6679;253;2298;0;300;10;0;4
Foks;518|587;10237;11043;1404;0;436;0;1202;0;7;0;0
Foks;521|592;9761;9654;7030;0;500;0;500;0;4;0;0
Foks;520|602;9740;10611;5951;0;500;0;500;0;20;0;0
Foks;527|599;9741;12460;7076;0;511;0;0;0;20;0;0
Foks;529|603;9740;8943;10075;0;770;0;0;0;20;0;0
Foks;519|583;10290;8794;7813;0;434;0;500;0;14;0;0
Foks;510|587;10378;1032;0;6924;285;2186;0;400;10;0;0
Foks;508|591;10220;1000;0;4825;275;1910;0;400;10;0;2
Foks;523|589;10068;9302;4177;0;500;0;1000;0;20;0;0
Foks;526|596;9166;11361;8639;0;471;0;0;0;20;0;0
Foks;503|599;9761;8380;8044;0;566;0;500;0;20;0;0
Foks;502|599;9761;9240;6040;0;2638;0;0;0;20;0;0
Foks;528|600;9624;10042;6027;0;500;0;0;0;0;0;0
Foks;517|586;9741;9714;9958;0;445;0;0;0;20;0;0
Foks;522|578;11388;4480;1015;0;506;0;450;0;0;0;0
Foks;504|600;9761;10574;9060;0;460;0;0;0;20;0;0
Foks;508|588;9881;7595;2478;0;456;0;1590;0;20;0;0
Foks;527|602;9570;10600;7349;0;511;0;300;0;20;0;0
Foks;523|601;9740;11439;8304;0;409;0;0;0;20;0;0
Foks;505|588;9761;7555;3071;0;464;0;1500;0;20;0;0
Foks;526|593;9740;10107;9389;0;532;0;0;0;20;0;0
Foks;525|582;9994;10486;8999;0;530;0;0;0;14;0;0
Foks;504|606;9570;11022;7961;0;910;0;0;0;16;0;0
Foks;518|586;10237;7368;6071;0;500;0;1000;0;20;0;0
Foks;525|585;10237;998;0;6458;242;2669;0;300;10;0;4
Foks;516|591;10311;9277;6020;0;1052;0;500;0;16;0;0
Foks;510|589;9554;10194;9601;0;490;0;0;0;20;0;0
Foks;516|598;9474;11268;8026;0;790;0;0;0;20;0;0
Foks;515|585;9994;9992;7573;0;330;0;400;0;4;0;0
Foks;461|529;12129;5099;2404;0;500;0;0;0;0;0;0
Foks;484|578;10890;11112;5178;0;500;0;500;0;20;0;0
Foks;484|579;10890;12136;7122;0;516;0;0;0;20;0;0
Foks;482|582;10890;9552;6740;0;575;0;500;0;1;0;0
Foks;482|580;10890;9636;6633;0;510;0;500;0;18;0;0
Foks;473|565;11420;1000;0;7396;213;2297;0;450;10;0;0
Foks;506|600;5984;8067;6755;0;516;0;0;0;20;0;0
Foks;511|593;1135;566;19;0;0;0;0;0;0;0;0
Foks;515|589;4875;2517;2521;0;500;0;0;0;0;0;0
Foks;539|592;3844;1097;816;0;336;0;0;0;0;0;0
Foks;518|598;1813;835;219;0;0;0;0;0;0;0;0
Foks;519|596;10375;9927;6000;0;769;0;498;0;2;0;0
Foks;512|596;5726;7223;4245;0;373;0;0;0;11;0;0
Foks;519|595;3727;1587;0;0;220;0;0;0;0;0;0
Foks;517|598;6160;7794;5258;0;583;0;0;0;20;0;0
Foks;515|594;9559;11130;7758;0;979;0;0;0;11;0;0
Foks;512|597;1153;168;77;0;0;0;0;0;0;0;0
Foks;518|596;8612;6087;6569;0;500;0;0;0;18;0;0
Foks;517|597;7079;9113;4703;0;1000;0;0;0;6;0;0
Foks;516|595;9761;9451;6545;0;780;0;500;0;20;0;0
Foks;513|594;9549;10776;8000;0;1000;0;0;0;20;0;0
Foks;519|597;2271;2054;1091;0;87;0;0;0;0;0;0
Foks;515|596;9570;10156;8963;0;826;0;0;0;20;0;0
Foks;511|595;2607;1653;1058;0;0;0;0;0;0;0;0
Foks;514|591;1445;15;34;0;0;0;0;0;0;0;0
Foks;515|593;7767;1134;1646;0;159;0;230;0;0;0;0
Foks;482|563;10237;7505;5114;0;460;0;1150;0;20;0;0
Foks;494|591;9744;12701;0;0;930;0;1000;0;20;0;0
Foks;497|590;10357;13333;0;0;535;0;1000;0;7;0;0
Foks;495|601;9576;9817;9927;0;500;0;0;0;20;0;0
Foks;485|589;9398;10013;8789;0;1021;0;0;0;16;0;0
Foks;479|587;9750;9744;3385;0;771;0;1000;0;6;0;0
Foks;482|594;9740;9737;8905;0;1000;0;0;0;10;0;0
Foks;489|600;9741;12523;7059;0;490;0;0;0;20;0;0
Foks;490|590;9570;10791;9030;0;491;0;0;0;16;0;0
Foks;551|538;11025;6994;3062;0;1000;0;400;0;0;1;0
Foks;470|563;9902;14471;5069;0;490;0;0;0;20;0;0
Foks;535|554;10378;900;0;6408;252;2112;0;500;8;0;2
Foks;529|558;10587;9404;5037;0;554;0;800;0;20;1;0
Foks;533|554;11738;4266;2061;0;500;0;300;0;0;0;0
Foks;531|559;10587;9705;5000;0;430;0;800;0;18;1;0
Foks;533|555;10460;1100;0;7018;222;2338;0;500;10;0;0
Foks;532|559;10033;1001;0;6848;202;2268;0;500;10;1;2
Foks;512|577;10587;9456;5032;0;500;0;821;0;13;0;0
Foks;509|560;11145;3502;2003;0;500;0;460;0;0;0;0
Foks;511|575;10375;9057;7296;0;500;0;500;0;20;0;0
Foks;499|565;10587;10300;6059;0;500;0;500;0;20;0;0
Foks;504|560;10587;8084;5875;0;500;0;900;0;20;0;0
Foks;502|566;10311;7739;5100;0;941;0;950;0;20;0;0
Foks;517|571;10301;7797;5591;0;500;0;1000;0;18;0;0
Foks;512|568;10237;1010;0;6603;291;2456;0;500;10;0;0
Foks;512|567;10237;8585;5004;0;500;0;1000;0;0;1;0
Foks;522|570;10237;11073;5000;0;383;0;600;0;20;0;0
Foks;521|571;10237;8446;8137;0;500;0;500;0;2;0;0
Foks;435|486;11905;6273;3000;0;500;0;0;0;0;0;0
Foks;433|484;10694;1000;0;7117;240;2489;0;300;10;0;0
Foks;431|484;10692;9591;4455;0;500;0;500;0;25;1;0
Foks;434|487;10694;5113;5392;0;500;0;0;0;20;0;0
INACHE.;509|592;8689;12896;7178;0;491;0;0;0;0;1;0
INACHE.;500|592;7042;10003;10039;0;992;0;0;0;0;1;0
INACHE.;508|589;7298;15990;5421;0;182;0;0;0;0;1;0
INACHE.;484|592;6673;17467;4598;0;0;0;0;0;0;1;0
INACHE.;456|579;5376;13173;3042;0;3219;0;0;0;0;0;0
INACHE.;476|466;13496;3911;0;0;449;0;566;0;0;0;0
INACHE.;475|466;11678;13645;0;0;700;0;873;0;0;0;0
INACHE.;475|465;11635;13583;0;133;700;61;786;0;0;0;1
INACHE.;476|463;11678;12146;0;187;382;94;657;0;0;0;0
killerDim;465|533;11002;5583;5029;0;196;0;0;7;0;1;0
killerDim;454|551;9950;0;0;8749;12;2243;0;561;0;1;0
killerDim;452|549;10042;0;0;7391;7;2487;0;621;0;1;0
killerDim;437|539;10385;4561;3667;1417;56;0;1171;0;0;0;4
killerDim;436|539;10079;6333;7251;1677;620;0;310;0;0;0;3
killerDim;424|517;9976;6433;6227;1466;18;0;998;0;0;0;4
killerDim;442|550;10068;7213;5818;3742;640;0;494;0;0;0;4
killerDim;435|540;10132;6798;8840;2443;36;0;475;0;0;0;4
killerDim;422|517;10001;6515;6644;2605;165;0;668;9;0;0;4
killerDim;433|545;10297;8668;4717;4958;0;0;309;0;0;0;4
killerDim;420|517;9962;6556;6244;1322;2996;0;0;8;0;0;4
killerDim;434|547;10297;3931;2336;4000;138;220;1454;10;0;0;4
killerDim;429|540;10030;6835;5612;15;338;0;941;50;0;0;0
killerDim;430|548;10273;6702;3916;0;11;0;1652;11;0;0;0
killerDim;415|511;10025;8451;9610;0;57;0;523;10;0;0;0
killerDim;413|524;9985;6596;4161;90;3350;0;677;40;0;0;0
killerDim;433|564;10495;10917;10989;311;15;0;0;9;0;1;4
killerDim;431|555;10297;11173;3424;2835;21;0;215;0;0;0;4
killerDim;420|548;10297;10620;11560;5;41;0;0;0;0;1;0
killerDim;420|549;10876;1877;6733;2487;76;0;857;4;0;0;4
killerDim;393|504;9750;8632;12067;0;10;0;0;0;0;0;0
Lesnik127;435|543;10358;4602;3064;2076;5;394;9;58;0;0;0
Lesnik127;423|558;10440;0;0;8111;5;2685;0;300;0;0;4
Lesnik127;424|559;10460;0;0;8149;5;3033;0;300;0;0;4
Lesnik127;417|552;9361;17103;0;2602;5;503;0;176;0;0;4
Lesnik127;395|511;11062;8;0;7347;5;2836;0;300;0;0;4
Lesnik127;431|537;9517;0;0;7911;5;2743;0;300;0;1;4
Lesnik127;428|546;9415;0;0;9515;5;2636;0;300;0;1;4
Lesnik127;436|565;10223;0;0;6724;5;3000;0;300;0;0;4
Lesnik127;428|554;11112;0;0;7985;5;3000;0;300;0;0;4
Lesnik127;428|566;10441;0;0;8638;5;3033;0;300;0;0;4
Lesnik127;402|539;8755;0;0;8320;5;2835;0;300;0;1;5
Lesnik127;399|536;8996;0;0;7259;5;3000;0;300;0;1;4
Lesnik127;405|546;9178;0;0;9356;5;2465;0;300;0;1;4
Lesnik127;448|555;9827;0;0;5963;5;3217;0;300;0;0;4
Lesnik127;423|509;9654;0;0;6056;5;2507;298;300;0;0;4
Lesnik127;432|536;9818;221;0;7910;5;3169;47;300;0;0;4
Lesnik127;422|545;10620;0;0;8474;5;2997;0;300;0;0;4
Marvable;471|541;9771;8960;8639;0;250;999;0;10;0;1;0
Marvable;471|511;11087;0;0;0;145;0;316;3;0;0;0
Marvable;454|540;9757;0;0;7048;10;3000;0;330;0;0;0
Marvable;449|540;7423;0;0;9357;9;2998;0;1000;0;0;0
Marvable;458|545;9771;0;0;8404;10;2604;0;375;0;0;0
Marvable;454|541;9809;8144;8116;0;200;999;0;10;0;0;0
Marvable;454|544;9757;8064;8108;0;250;999;0;10;0;0;0
Marvable;453|544;9771;0;0;7600;10;2805;0;375;0;0;0
Marvable;454|543;9771;0;0;7532;10;2822;0;375;0;0;0
Marvable;449|543;9771;0;0;7872;10;2737;0;375;0;0;0
Marvable;453|545;9771;0;0;7168;10;2913;0;375;0;0;0
Marvable;446|535;9771;0;0;8000;10;2705;0;375;0;0;0
Marvable;446|539;9809;8273;7887;0;250;999;0;10;0;0;0
Marvable;448|544;9809;8076;8084;0;250;999;0;10;0;0;0
Marvable;455|535;9771;0;0;6820;10;3000;0;375;0;0;0
Marvable;454|537;9809;0;0;8003;10;2702;0;375;0;0;0
Marvable;458|542;9809;8073;8087;0;250;999;0;10;0;0;0
Marvable;444|552;9809;8661;8674;0;250;620;0;10;0;0;0
Marvable;445|551;9809;8612;8685;0;249;620;0;10;0;0;0
Marvable;446|554;9809;8702;8646;0;200;620;0;10;0;0;0
Marvable;443|551;9809;8623;8683;0;245;620;0;10;0;0;0
Marvable;439|553;9809;8673;8400;0;192;620;0;10;0;0;0
Marvable;437|553;9809;8459;8291;0;250;620;0;10;0;0;0
Marvable;439|551;9809;8723;8626;0;220;620;0;10;0;0;0
Marvable;437|550;9809;8758;8633;0;261;620;0;10;0;0;0
Marvable;439|555;9809;8687;8643;0;253;620;0;10;0;0;0
Marvable;447|552;9809;8389;8639;0;250;620;0;10;0;0;0
Marvable;442|560;9809;7242;7670;0;192;620;0;10;0;0;0
Marvable;440|563;9809;8634;8343;0;207;620;0;10;0;0;0
Marvable;438|551;9771;0;0;8312;10;2627;0;375;0;0;0
Marvable;426|552;9809;7963;8261;0;243;620;0;10;0;0;0
Marvable;422|547;9809;7990;7832;0;244;620;0;10;0;0;0
Marvable;423|545;9809;8626;8649;0;267;999;0;10;0;0;0
Marvable;432|562;9809;8197;8543;0;239;620;0;10;0;0;0
Marvable;430|555;9809;8469;8467;0;200;620;0;10;0;0;0
Marvable;431|569;9809;8094;8066;0;250;999;0;10;0;0;0
Marvable;414|548;7423;0;0;7445;10;3000;0;960;0;0;0
Marvable;423|560;9735;8079;8099;0;250;999;0;10;0;0;0
Marvable;416|551;9771;0;0;9052;10;2442;0;375;0;0;0
Marvable;420|567;9771;0;0;7452;10;2842;0;375;0;0;0
Marvable;409|557;9771;0;0;6820;10;3000;0;375;0;0;0
Marvable;422|531;9771;0;0;8090;10;700;0;375;0;0;0
Marvable;419|530;9771;0;0;8076;10;688;0;375;0;0;0
Marvable;418|527;9771;0;0;9805;10;643;0;375;0;0;0
Marvable;421|559;9757;8078;8056;0;250;999;0;10;0;0;0
Marvable;407|543;9771;8583;8580;0;250;999;0;10;0;0;0
Marvable;406|536;9771;8564;8555;0;250;999;0;10;0;0;0
Marvable;412|554;9771;8646;7797;0;222;620;0;10;0;0;0
Marvable;430|573;9771;8672;8094;0;250;1000;0;10;0;0;0
Marvable;417|561;9682;8639;8627;0;261;620;0;10;0;0;0
Marvable;426|575;9880;5607;5598;0;250;999;0;10;0;0;0
Marvable;417|514;9778;3546;3526;0;250;763;0;10;0;0;0
Marvable;392|519;9745;8039;8035;0;250;620;0;10;0;0;0
Marvable;393|514;9771;8093;8075;0;250;620;0;10;0;0;0
Marvable;404|538;9735;8148;8058;0;236;999;0;10;0;0;0
Marvable;402|534;9745;0;0;6986;10;2960;0;375;0;0;0
Marvable;396|507;9771;8082;7804;0;250;620;0;10;0;0;0
Marvable;403|533;9771;8577;8304;0;224;620;0;10;0;0;0
Marvable;400|515;9771;8439;8215;0;250;620;0;10;0;0;0
Marvable;403|516;9771;7864;7872;0;250;620;0;10;0;0;0
Marvable;416|510;9809;8049;8002;0;242;620;0;10;0;0;0
Marvable;410|525;9809;7766;7803;0;250;620;0;10;0;0;0
Marvable;415|503;9809;8073;8095;0;200;620;0;10;0;0;0
Marvable;403|524;9809;7853;7748;0;208;830;0;10;0;0;0
Marvable;404|520;9809;8178;8076;0;180;620;0;10;0;0;0
Marvable;413|523;9771;0;0;11829;10;640;0;375;0;0;0
Marvable;412|528;9809;0;0;10383;10;640;0;375;0;0;0
Marvable;413|508;9809;8408;8482;0;228;620;0;10;0;0;0
Marvable;476|560;9771;0;0;7668;10;2788;0;375;0;0;0
Marvable;475|561;7423;0;0;8319;10;2744;0;988;0;0;0
Marvable;477|562;9771;8102;7987;0;200;999;30;10;0;0;0
Marvable;473|561;9664;11135;10772;0;248;0;0;1;0;0;0
Marvable;476|562;9771;0;0;7064;10;2939;0;375;0;0;0
Marvable;477|561;9771;0;0;6960;10;2965;0;375;0;0;0
Marvable;475|563;9771;0;0;7748;10;2768;0;375;0;0;0
Marvable;465|558;9771;0;0;7752;10;2767;0;375;0;0;0
Marvable;475|560;9771;0;0;6771;10;3000;0;375;0;0;0
Marvable;477|564;9771;0;0;6771;10;3000;0;375;0;0;0
Marvable;476|564;9771;0;0;6771;10;3000;0;375;0;0;0
Marvable;475|565;9771;0;0;6771;10;3000;0;375;0;0;0
Marvable;473|567;9735;3273;3229;0;250;999;0;10;0;0;0
Marvable;477|567;9745;3022;3033;0;250;999;0;10;0;0;0
Marvable;479|565;9771;0;0;6768;10;3000;0;375;0;0;0
Marvable;464|582;9771;8444;8441;0;250;999;0;10;0;0;0
Marvable;469|586;7423;0;0;7781;10;3000;0;960;0;0;0
Marvable;479|583;9873;8653;8482;0;209;999;0;10;0;0;0
Marvable;480|587;9757;0;0;7883;10;2975;0;375;0;0;0
Marvable;481|583;9771;0;0;6820;10;3000;0;375;0;0;0
Marvable;490|589;9771;0;0;6820;10;3000;0;375;0;0;0
Marvable;477|579;9771;0;0;6820;10;3000;0;375;0;0;0
Marvable;477|576;9771;0;0;6820;10;3000;0;375;0;0;0
Marvable;474|590;9809;8428;8452;0;250;999;0;10;0;0;0
Marvable;471|584;9809;7941;7961;0;250;999;0;10;0;0;0
Marvable;482|592;9809;8724;8467;0;205;999;0;10;0;0;0
Marvable;471|592;9809;8063;8005;0;232;999;0;10;0;0;0
Marvable;468|592;9809;8110;8150;0;200;999;0;10;0;0;0
Marvable;476|596;9757;0;0;6823;10;3000;0;375;0;0;0
Marvable;448|583;9771;0;0;6820;10;3000;0;375;0;0;0
Marvable;474|595;9788;8129;7923;0;250;999;0;10;0;0;0
Marvable;440|578;9757;8139;7924;0;210;999;0;10;0;0;0
Marvable;445|581;9771;8016;8153;0;250;999;0;10;0;0;0
Marvable;485|597;9771;8029;7942;0;221;999;0;10;0;0;0
Marvable;445|585;9771;8396;7765;0;205;999;0;10;0;0;0
Marvable;434|579;9771;0;0;6820;10;3000;0;375;0;0;0
Marvable;483|603;9771;8566;8273;0;200;999;0;10;0;0;0
Marvable;480|600;9771;8753;8824;0;212;999;0;10;0;0;0
Marvable;493|605;9771;0;0;6820;10;3000;0;375;0;0;0
Marvable;480|603;9771;0;0;6820;10;3000;0;375;0;0;0
Marvable;493|608;9735;0;0;6829;10;3000;0;375;0;0;0
Marvable;497|607;9735;0;0;6829;10;3000;0;375;0;0;0
Marvable;487|609;9757;0;0;6823;10;3000;0;375;0;0;0
Marvable;488|608;9735;0;0;8269;10;3000;0;375;0;0;0
Marvable;495|611;9735;8138;7810;0;243;999;0;10;0;0;0
Marvable;467|608;10088;7692;7304;0;250;999;0;10;0;0;0
Marvable;436|591;8618;5428;5434;0;250;999;0;10;0;0;0
Marvable;488|611;3026;2381;9;0;12;0;0;0;0;0;0
Marvable;481|577;10160;3281;3290;0;250;999;0;10;0;0;0
Marvable;482|578;10019;0;0;6510;10;3000;0;375;0;0;0
Marvable;475|580;10019;3604;3599;0;250;999;0;10;0;0;0
Marvable;480|579;10160;3061;3074;0;250;999;0;10;0;0;0
Marvable;487|536;9809;0;0;6915;10;2874;0;375;0;0;3
Marvable;488|536;11087;0;0;0;94;0;1485;3;0;0;0
Marvable;489|536;9809;0;0;6353;9;2575;0;725;0;1;4
Marvable;486|533;9771;10980;10475;0;100;0;0;2;0;1;0
Marvable;484|533;9771;0;0;6892;10;2882;0;375;0;0;0
Marvable;487|537;9809;0;0;6811;10;2900;0;375;0;0;3
Marvable;487|538;9809;11000;10930;0;98;0;0;2;0;1;0
Marvable;485|537;9809;0;0;7603;10;2702;0;375;0;0;4
Marvable;486|534;9809;0;0;6811;10;2900;0;375;0;0;3
Marvable;504|595;9809;7694;7270;0;200;999;0;10;0;0;0
Marvable;511|591;9771;0;0;6820;10;3000;0;375;0;0;0
Marvable;521|590;9809;8332;7454;0;200;999;0;10;0;0;0
Marvable;528|593;9809;8601;8474;0;244;999;0;10;0;0;0
Marvable;540|587;9771;9583;9250;0;250;0;0;5;0;0;0
Marvable;520|595;9771;0;0;6820;10;3000;0;375;0;0;0
Marvable;518|595;9771;8156;7769;0;200;999;0;10;0;0;0
Marvable;514|593;9771;0;0;5926;10;3000;0;375;0;0;0
Marvable;533|577;11113;0;0;0;96;0;1486;0;0;0;0
Marvable;515|598;9771;8094;8075;0;250;999;0;10;0;0;0
Marvable;511|601;9718;0;0;6877;10;3000;0;375;0;0;0
Marvable;548|589;11113;0;0;0;100;0;1482;3;0;0;0
Marvable;541|591;9745;8140;8135;0;200;999;0;10;0;0;0
Marvable;535|601;9735;8200;8054;0;212;999;0;10;0;0;0
Marvable;519|588;9771;8853;8610;0;200;999;0;10;0;0;0
Marvable;514|594;9735;0;0;5866;10;3000;0;375;0;0;0
Marvable;523|604;9757;0;0;6823;10;3000;0;375;0;0;0
Marvable;535|597;9735;0;0;6829;10;3000;0;375;0;0;0
Marvable;536|599;9771;8166;8103;0;200;999;0;10;0;0;0
Marvable;522|602;9771;0;0;9152;10;2417;0;375;0;0;0
Marvable;535|598;9771;0;0;6820;10;3000;0;375;0;0;0
Marvable;536|601;9771;8151;7721;0;200;999;0;10;0;0;0
Marvable;516|592;9745;0;0;6502;10;3000;0;375;0;0;0
Marvable;533|601;9735;0;0;10317;10;2488;0;375;0;0;0
Marvable;541|600;9673;0;0;12343;10;1669;0;375;0;0;0
Marvable;536|605;4872;0;0;2705;10;1781;0;106;0;0;0
Marvable;512|558;11087;0;0;0;175;0;1458;3;0;0;0
Marvable;524|539;9809;0;0;6811;10;2900;0;375;0;0;3
Marvable;525|534;11130;0;0;0;90;0;1486;1;0;0;0
Marvable;525|533;9863;0;0;5151;10;2774;0;664;0;1;0
Marvable;522|538;9735;9604;8760;0;250;0;300;10;0;1;0
Marvable;524|534;9809;0;0;5034;10;2640;0;375;0;0;3
Marvable;486|484;9788;0;0;10736;10;625;0;375;0;0;4
Marvable;486|486;11574;5736;0;0;100;0;489;5;0;0;0
Marvable;485|487;9771;7786;7035;0;250;0;0;10;0;1;0
Marvable;483|489;9735;9992;1162;0;250;0;765;5;0;0;0
Marvable;432|464;9735;0;0;7283;10;625;0;375;0;0;0
Marvable;431|463;9735;3451;0;572;32;386;728;65;0;0;0
Marvable;432|462;9735;4381;0;753;27;325;965;52;0;0;0
Marvable;421|465;9443;2068;0;0;29;0;432;5;0;0;0
Marvable;422|459;9573;0;0;5277;10;1310;0;375;0;0;0
Marvable;424|469;9606;0;0;3941;4;896;0;290;0;0;0
Marvable;420|459;9771;4411;0;0;25;0;997;5;0;0;0
Marvable;423|463;9771;7512;0;0;50;0;1358;5;0;0;0
Marvable;434|456;9771;5317;0;0;50;0;1047;5;0;0;0
Marvable;434|455;9771;3665;0;0;50;0;619;5;0;0;0
Marvable;436|455;9835;6138;1;0;40;0;1168;5;0;0;0
Marvable;437|456;9606;6776;1;0;30;0;1126;5;0;0;0
Marvable;433|437;6977;113;0;983;20;1223;10;110;0;0;0
Marvable;431|436;9515;156;0;1362;10;1892;27;147;0;0;0
Marvable;437|433;9533;5216;1;0;40;0;1022;5;0;0;0
Marvable;438|433;10878;2713;1636;0;56;0;0;5;0;0;0
Marvable;425|424;9735;156;0;1454;10;1729;36;184;0;0;0
Marvable;425|426;9644;5158;4;0;39;0;923;5;0;0;0
Marvable;426|423;9467;2696;0;0;20;0;525;5;0;0;0
Marvable;427|425;8568;2113;1;0;50;0;224;5;0;0;0
Marvable;431|423;9132;5534;3;0;50;0;804;5;0;0;0
Marvable;429|423;9251;2434;0;0;40;0;560;5;0;0;0
Marvable;431|418;9891;3054;1;0;32;0;626;5;0;0;0
Marvable;432|420;9475;106;0;1320;10;691;31;202;0;0;0
Marvable;430|418;9591;2724;1;0;29;0;516;5;0;0;0
Marvable;433|415;10284;4886;2;0;36;0;964;5;0;0;0
Marvable;434|422;9506;112;0;1313;10;641;18;264;0;0;0
Marvable;431|420;10213;2692;1;0;33;0;545;5;0;0;0
Marvable;435|415;2588;271;260;0;0;0;0;0;0;0;0
Marvable;428|425;9045;2366;1;0;24;0;480;5;0;0;0
Marvable;430|434;9397;164;0;6407;50;1989;0;638;0;1;0
Marvable;430|414;3619;1403;289;0;50;0;0;0;0;0;0
Marvable;436|422;9741;134;0;2716;5;655;16;232;0;0;1
Marvable;435|425;9138;161;0;1248;10;654;17;114;0;0;0
Marvable;435|427;9598;3783;2;0;50;0;415;5;0;0;0
Marvable;433|427;9576;2300;1;0;20;0;461;5;0;0;0
Marvable;433|429;9323;2161;0;0;20;0;402;5;0;0;0
Marvable;429|428;9392;1765;50;0;72;426;368;10;0;0;0
Marvable;428|428;9051;4587;1;0;50;0;378;5;0;0;0
Marvable;428|427;10294;2413;2;0;13;0;498;5;0;0;0
Marvable;426|426;9951;1759;0;0;50;0;33;5;0;0;0
Marvable;427|431;9532;1369;0;0;27;0;283;5;0;0;0
Marvable;426|432;9634;19;0;1325;10;1516;9;116;0;0;2
Marvable;425|432;5969;1738;16;0;50;389;0;5;0;0;0
Marvable;425|433;9378;2842;1;0;17;0;595;5;0;0;0
Marvable;431|435;9194;2371;0;0;50;0;48;5;0;0;0
Marvable;429|435;9577;1868;0;0;20;0;318;5;48;0;0
Marvable;428|437;9438;4086;1;0;40;0;868;5;0;0;1
Marvable;434|420;9653;2556;1;0;32;0;502;5;0;0;0
Marvable;429|426;9143;3598;0;0;20;0;787;5;0;0;0
Marvable;426|431;9801;1346;0;0;20;0;283;5;0;0;0
Marvable;433|434;9949;2050;13;0;80;0;392;5;0;1;0
Marvable;432|436;10002;2325;100;0;20;479;336;5;0;0;1
Marvable;426|435;9820;3177;1;0;17;0;569;5;0;0;0
Marvable;435|431;10002;3513;1;0;40;0;702;5;0;0;1
Marvable;433|436;10003;3277;1;0;29;0;643;5;0;0;1
Marvable;431|438;10120;1610;100;0;40;445;307;10;0;0;1
Marvable;467|460;10901;2534;0;0;20;0;498;5;0;0;0
Marvable;448|413;10835;3045;282;0;111;0;614;5;0;1;0
Marvable;454|436;10489;2072;323;0;62;0;332;5;48;0;0
Marvable;487|608;2792;939;900;0;0;0;0;0;0;0;0
Mastak;453|547;10838;8904;8902;0;407;3;163;5;0;0;0
Mastak;443|542;10369;8477;8467;0;319;0;0;0;0;0;0
Mastak;440|446;10066;1;1;3050;100;1543;0;400;0;0;0
Mastak;472|500;10132;4407;4381;0;439;3;3;5;0;0;0
Mastak;457|505;10428;5637;5626;0;5;0;5;5;0;0;0
Mastak;461|503;10568;1;1;1333;60;696;0;200;0;0;0
Mastak;458|505;10572;1;1;1251;40;647;0;178;0;0;0
Mastak;458|504;10255;1;1;1335;60;942;0;207;0;0;0
Mastak;461|501;10279;4842;4879;0;250;3;3;5;0;0;0
Mastak;457|504;10106;3946;3965;0;250;3;3;5;0;0;0
Mastak;463|540;10786;9461;9457;0;444;3;3;5;0;0;0
Mastak;461|507;10636;1;3;4474;101;1613;0;349;0;0;0
Mastak;462|537;10786;9016;9056;0;972;3;3;5;0;0;0
Mastak;462|503;10584;2994;3020;0;250;3;3;5;0;0;0
Mastak;467|505;10636;1;1;2161;144;2119;0;273;0;0;0
Mastak;452|504;10636;1;1;5003;150;2393;0;319;0;0;0
Mastak;452|509;10636;5145;5128;0;381;3;3;5;0;0;0
Mastak;455|508;10841;1;1;1497;150;2237;0;172;0;0;0
Mastak;454|503;10838;4422;4449;0;463;3;3;5;0;0;0
Mastak;465|506;10593;5963;5947;0;395;3;3;5;0;0;0
Mastak;463|503;10140;3701;3674;0;499;3;3;5;0;0;0
Mastak;470|499;10728;4476;4431;0;331;3;3;5;0;0;0
Mastak;460|508;10636;4011;3992;0;374;3;3;5;0;0;0
Mastak;466|504;10471;4750;4709;0;250;3;3;5;0;0;0
Mastak;467|499;10728;4724;4700;0;373;3;3;5;0;0;0
Mastak;460|501;10636;5731;5720;0;495;3;3;5;0;0;0
Mastak;459|508;10593;1;1;8198;150;2374;0;400;0;0;0
Mastak;455|507;10023;3133;3086;0;250;3;3;5;0;0;0
Mastak;456|503;10008;750;700;0;250;3;3;5;0;0;0
Mastak;454|507;9999;1894;1921;0;250;3;3;5;0;0;0
Mastak;454|506;10636;4250;4272;0;361;3;3;5;0;0;0
Mastak;453|505;10636;3259;3278;0;449;3;3;5;0;0;0
Mastak;451|506;10636;4716;4704;0;348;3;3;5;0;0;0
Mastak;463|506;10428;5515;5496;0;458;3;3;5;0;0;0
Mastak;461|504;10539;1;1;5275;144;2219;0;391;0;0;0
Mastak;463|505;10836;1;1;4839;117;1567;0;400;0;0;0
Mastak;456|504;9751;713;700;0;250;3;3;5;0;0;0
Mastak;455|505;10636;1;1;4202;150;2400;0;400;0;0;0
Mastak;462|506;10593;1;1;5898;150;2281;0;400;0;0;0
Mastak;463|496;9905;1;1;5012;143;2153;0;400;0;0;0
Mastak;452|502;10477;3016;3020;0;250;3;3;5;0;0;0
Mastak;465|505;10230;1;1;7883;150;2400;0;400;0;0;0
Mastak;459|507;9555;2509;2485;0;250;3;3;5;0;0;0
Mastak;461|492;10636;651;631;3740;250;1109;3;186;0;0;0
Mastak;450|504;10728;4038;4023;0;338;3;3;5;0;0;0
Mastak;452|499;10728;1;1;9346;140;2069;0;400;0;0;0
Mastak;454|495;10728;6246;6206;0;492;3;3;5;0;0;0
Mastak;456|496;10728;3440;3451;0;402;3;3;5;0;0;0
Mastak;450|506;10636;4704;4695;0;431;3;3;5;0;0;0
Mastak;452|503;10404;1;1;3218;133;1873;0;323;0;0;0
Mastak;449|504;10206;1;1;4722;147;2226;0;388;0;0;0
Mastak;452|501;10728;1;1;6621;150;2400;0;400;0;0;0
Mastak;458|508;10636;7096;7082;0;455;3;3;5;0;0;0
Mastak;453|501;9582;1;1;6160;142;2265;0;380;0;0;0
Mastak;454|505;10408;3441;3440;0;250;3;3;5;0;0;0
Mastak;471|497;10471;5365;5360;0;468;3;3;5;0;0;0
Mastak;463|502;10503;3718;3680;0;408;3;3;5;0;0;0
Mastak;464|496;10636;1;1;6505;150;2260;0;400;0;0;0
Mastak;472|507;10005;1;1;4985;150;2400;0;360;0;0;0
Mastak;473|508;10273;5715;5687;0;476;3;3;5;0;0;0
Mastak;475|505;10241;1;1;8412;150;2400;0;400;0;0;0
Mastak;462|535;10786;9420;9402;0;341;3;3;5;0;0;0
Mastak;481|512;10616;1;1;5271;150;2400;0;400;0;0;0
Mastak;487|515;12969;3669;3652;0;250;3;3;5;0;0;0
Mastak;484|503;10971;1;1;7017;148;2295;0;400;0;0;0
Mastak;462|533;10971;1;1;6400;150;2356;0;400;0;0;0
Mastak;483|511;9889;3090;3076;0;250;3;3;5;0;0;0
Mastak;467|534;12128;4288;3186;0;147;0;0;0;0;0;0
Mastak;459|538;10495;1;1;7612;150;2400;0;400;0;0;0
Mastak;486|514;10444;373;347;7515;150;2399;5;400;0;0;0
Mastak;452|559;10971;8915;8945;0;423;3;4;5;0;0;0
Mastak;490|504;10470;1;1;3538;117;1828;0;303;0;0;0
Mastak;436|551;10870;8023;8005;0;350;3;3;5;0;0;0
Mastak;489|505;10470;2534;2545;0;250;3;3;5;0;0;0
Mastak;439|558;9566;8565;8601;0;349;0;0;1;0;0;0
Mastak;487|503;10311;5130;5136;0;414;3;3;5;0;0;0
Mastak;438|557;10971;1;1;5161;123;1956;0;400;0;0;0
Mastak;483|497;10235;1;1;1752;67;838;0;186;0;0;0
Mastak;491|503;10797;2439;2433;0;250;3;3;5;0;0;0
Mastak;451|560;10838;8470;8443;0;352;0;0;2;0;0;0
Mastak;450|539;10417;8606;8588;0;351;0;0;0;0;0;0
Mastak;481|498;9902;1;1;8644;132;720;0;400;0;0;0
Mastak;488|496;10336;5548;5512;0;434;3;5;5;0;0;0
Mastak;486|493;10559;5638;5674;0;283;3;3;5;0;0;0
Mastak;485|494;10237;5010;5035;0;358;3;3;5;0;0;0
Mastak;479|496;9170;1;1;9570;150;1691;0;400;0;0;0
Mastak;463|542;10971;1;1;8975;0;2107;0;400;0;0;0
Mastak;484|490;11632;2535;2564;0;250;3;3;5;0;0;0
Mastak;480|498;9463;1;1;8387;130;1667;0;351;0;0;0
Mastak;439|559;9459;8262;8215;0;691;0;0;1;0;0;0
Mastak;485|498;10237;4417;4378;0;325;3;5;5;0;0;0
Mastak;454|538;10505;8754;8753;0;352;3;0;0;0;0;0
Mastak;473|495;10259;1;1;8063;150;2400;0;400;0;0;0
Mastak;473|490;10178;4883;4871;0;374;3;3;5;0;0;0
Mastak;478|497;9959;4541;4554;0;331;3;3;5;0;0;0
Mastak;455|571;10322;9179;9163;0;434;3;5;5;0;0;0
Mastak;482|498;10971;1183;1179;0;294;3;3;5;0;0;0
Mastak;437|559;9231;8336;7045;0;349;0;0;0;0;0;0
Mastak;480|497;9327;1;1;8196;145;2043;0;368;0;0;0
Mastak;484|492;10237;5200;5219;0;250;3;5;5;0;0;0
Mastak;481|499;9048;1;1;7226;132;2091;0;349;0;0;0
Mastak;478|496;9851;2796;2756;0;250;3;3;5;0;0;0
Mastak;436|556;10971;8973;8972;0;414;3;3;5;0;0;0
Mastak;477|497;9417;2982;4202;0;291;0;0;0;0;0;0
Mastak;440|562;10971;9149;9177;0;440;3;3;5;0;0;0
Mastak;477|493;9593;1;1;3;0;1578;0;1;0;0;0
Mastak;425|544;10276;7874;7864;0;1174;3;3;5;0;0;0
Mastak;475|495;10311;4438;4438;0;295;3;3;5;0;0;0
Mastak;464|502;10256;3021;3018;0;355;3;4;5;0;0;0
Mastak;438|560;10971;1;1;7790;150;2394;0;400;0;0;0
Mastak;443|443;9835;1665;1696;0;250;3;3;5;0;0;0
Mastak;487|510;9835;1;2;8293;150;2400;1;400;12;0;0
Mastak;445|448;9311;1;1;3319;100;1389;0;249;0;0;0
Mastak;441|558;10563;7953;7931;0;350;261;0;1;0;0;0
Mastak;444|451;9873;1649;1665;0;250;3;3;5;0;0;0
Mastak;443|446;9835;1;1;3020;100;1329;0;266;0;0;0
Mastak;436|559;10971;8338;8330;0;398;3;3;5;0;0;0
Mastak;443|442;9835;1799;1842;0;250;3;3;5;0;0;0
Mastak;436|560;9811;9406;9402;0;347;3;3;5;0;0;0
Mastak;442|444;9734;1667;1666;0;250;3;3;5;0;0;0
Mastak;433|557;10971;8969;8983;0;440;3;4;5;0;0;0
Mastak;431|439;10495;1;1;5064;150;2400;0;400;0;0;0
Mastak;444|450;10034;1;1;3942;100;1394;0;270;0;1;0
Mastak;442|452;10718;1976;1983;0;250;3;3;5;0;0;0
Mastak;444|449;9835;2091;2089;0;250;3;3;5;0;0;0
Mastak;429|555;10971;9107;9108;0;385;3;5;5;0;0;0
Mastak;447|452;10040;1950;1960;0;250;3;3;5;0;0;0
Mastak;445|454;11336;2027;2029;0;250;3;3;5;0;0;0
Mastak;444|443;9976;1749;1735;0;250;3;3;5;0;0;0
Mastak;425|545;10252;9016;8996;0;415;3;4;5;0;0;0
Mastak;441|444;9899;1896;1867;0;250;3;3;5;0;0;0
Mastak;420|447;9873;0;0;0;0;0;0;0;0;0;0
Mastak;438|556;10971;1;1;6712;150;2400;0;400;0;0;0
Mastak;440|558;10269;8930;8930;0;409;3;3;5;0;0;0
Mastak;431|450;10636;1;1;633;40;330;0;98;0;0;0
Mastak;431|451;10155;1;1;627;20;320;0;60;0;0;0
Mastak;428|449;10495;2124;2153;0;250;3;3;5;0;0;0
Mastak;436|457;10160;1750;1712;0;250;3;3;5;0;0;0
Mastak;435|454;10224;1499;1513;0;250;3;3;5;0;0;0
Mastak;434|450;10019;1;1;3477;111;1553;0;380;0;0;0
Mastak;432|452;10542;1605;1598;0;250;78;3;5;0;0;0
Mastak;431|447;9849;838;834;0;250;3;3;5;0;0;0
Mastak;438|436;9533;464;450;0;250;3;0;5;0;0;0
Mastak;424|449;9763;1;1;1410;96;1373;0;197;0;0;0
Mastak;429|444;10014;1;1;3400;120;1640;0;400;0;0;0
Mastak;439|452;9854;1954;1946;0;250;24;3;5;0;0;0
Mastak;429|452;9995;1;1;70;20;30;0;11;0;0;0
Mastak;436|454;10160;1747;1729;0;250;3;3;5;0;0;0
Mastak;431|556;10786;8230;8158;0;349;74;0;1;0;0;0
Mastak;439|561;9713;8738;8704;0;348;0;0;1;0;0;0
Mastak;445|442;10748;1339;1333;0;250;3;3;5;0;0;0
Mastak;422|549;10094;8045;7733;0;333;3;3;5;0;0;0
Mastak;423|447;10133;2232;2235;0;250;3;3;5;0;0;0
Mastak;432|438;10160;1;1;4864;150;2294;0;400;0;0;0
Mastak;426|560;10430;9047;9046;0;413;0;5;0;5;0;0
Mastak;448|429;11261;1063;1068;0;439;3;3;5;0;0;0
Mastak;432|440;10066;1993;2015;0;250;3;3;5;0;0;0
Mastak;442|562;10971;8358;8380;0;935;3;3;5;0;0;0
Mastak;437|521;10559;1;1;8099;150;2400;0;675;0;0;0
Mastak;439|521;10280;8915;8978;0;520;0;0;0;0;0;0
Mastak;436|518;10737;8803;8834;0;972;3;3;5;0;0;0
Mastak;455|550;10524;8924;8925;0;349;0;0;0;0;0;0
Mastak;435|526;10705;1;1;5559;150;2400;8;400;0;0;0
Mastak;431|519;10806;1;1;405;150;2400;0;65;0;0;0
Mastak;430|515;10838;1;1;7895;150;2400;0;400;0;0;0
Mastak;430|524;10536;8945;8910;0;471;0;0;0;0;0;0
Mastak;438|527;10330;1;1;1334;150;2400;0;206;0;0;0
Mastak;448|521;10232;9169;9177;0;619;0;0;1;0;0;0
Mastak;446|520;10971;8682;8691;0;972;3;3;5;0;0;0
Mastak;473|511;10845;1;1;6717;150;2400;0;400;0;0;0
Mastak;430|453;10160;1;1;521;20;280;0;81;0;0;0
Mastak;476|512;11565;9175;9386;0;498;0;0;0;0;0;0
Mastak;468|511;10601;111;1;6189;146;2347;0;398;0;0;0
Mastak;509|514;9889;3733;3707;0;250;3;5;5;0;1;0
Mastak;466|513;11550;9470;9475;0;470;3;3;5;0;0;0
Mastak;429|446;9835;1954;1982;0;250;3;3;5;0;0;0
Mastak;450|443;10086;1990;1986;0;250;3;3;5;0;0;0
Mastak;464|508;10780;0;0;5405;56;2023;0;357;0;0;0
Mastak;448|444;10330;1616;1629;0;250;3;3;5;0;0;0
Mastak;472|503;11023;2642;2598;0;250;3;3;5;0;0;0
Mastak;463|516;10402;5370;9197;0;480;0;0;0;0;0;0
Mastak;474|490;9835;1;1;7041;101;784;0;394;0;0;0
Mastak;472|504;10587;164;1;7390;150;2400;0;400;0;0;0
Mastak;474|511;10550;9068;9439;0;240;0;5;2;18;0;0
Mastak;470|516;10247;1;1;3229;150;2390;0;247;0;0;0
Mastak;467|515;9764;9755;9758;0;480;3;0;5;0;0;0
Mastak;466|498;10495;1;1;6701;125;1983;0;400;0;0;0
Mastak;475|504;10209;41;20;5231;150;2400;3;400;0;0;0
Mastak;507|514;9976;1;1;6545;150;2400;0;400;0;0;0
Mastak;431|452;10306;1;1;571;20;306;0;66;0;0;0
Mastak;489|492;10718;6217;6195;0;434;3;5;5;0;0;0
Mastak;490|493;10971;700;700;0;921;3;164;5;0;0;0
Mastak;492|511;10971;1;1;7876;150;2373;0;400;0;0;0
Mastak;515|516;10744;1;1;7975;150;2380;0;400;0;0;0
Mastak;507|509;10032;1;1;12000;103;1511;0;400;0;0;0
Mastak;474|506;12154;1;1;8845;146;2379;0;400;0;0;0
Mastak;430|523;10362;9196;9193;0;935;3;3;5;0;0;0
Mastak;491|497;12313;2864;4152;0;33;0;127;5;0;0;0
Mastak;456|515;10542;1;1;5131;150;2400;0;384;0;0;0
Mastak;471|513;11824;6193;6240;0;381;3;3;5;0;0;0
Mastak;490|510;10474;1;1;3250;110;1636;0;400;0;0;0
Mastak;474|519;12259;4819;4792;0;250;3;184;5;0;0;0
Mastak;438|519;10673;1;1;1274;150;2400;0;195;0;0;0
Mastak;450|527;11492;3184;2763;0;350;0;2;0;0;0;0
Mastak;471|505;10565;1;1;5816;107;1672;0;286;0;0;0
Mastak;418|561;10971;1;1;7769;150;2400;0;400;0;0;0
Mastak;506|515;10623;1;1;3158;105;1648;0;315;0;0;0
Mastak;399|520;10107;7439;8074;0;891;0;0;0;0;0;0
Mastak;414|557;10971;1;1;7769;150;2400;0;400;0;0;0
Mastak;415|564;10838;1;1;6376;150;2400;0;400;0;0;0
Mastak;397|523;10539;1;1;7563;150;2400;0;400;0;0;0
Mastak;398|451;3993;0;0;0;0;0;0;0;0;0;0
Mastak;435|517;10098;7834;8329;0;377;31;0;0;0;0;0
Mastak;473|498;10311;1;1;8097;150;2400;0;400;0;0;0
Mastak;475|500;9527;1;1;7461;136;2027;0;361;0;0;0
Mastak;493|507;10838;10419;10400;0;59;0;5;5;5;1;0
Mastak;465|492;10495;1;1;8240;150;2400;0;400;0;0;0
Mastak;447|524;10232;8451;8619;0;400;0;0;1;0;0;0
Mastak;472|459;11819;1;1;10915;150;1630;0;400;0;0;0
Mastak;493|505;10838;1;1;7867;150;2300;0;400;0;0;0
Mastak;487|499;10838;356;1;5819;114;660;0;400;0;0;0
Mastak;487|469;9976;1;1;11525;54;821;0;186;0;0;0
Mastak;492|506;9835;8;1;6968;131;1150;0;400;0;0;0
Mastak;476|492;10165;2038;2067;0;291;3;3;5;0;0;0
Mastak;441|531;10280;8430;8698;0;535;0;0;1;0;0;0
Mastak;469|500;10484;1;1;6519;122;1956;0;325;0;0;0
Mastak;478|511;12075;5;1;7597;150;2400;0;400;0;0;0
Mastak;481|505;10971;1;1;5818;150;2400;0;400;0;0;0
Mastak;436|440;10142;1882;1899;0;250;3;3;5;0;0;0
Mastak;474|500;10319;3466;3444;0;327;3;3;5;0;0;0
Mastak;471|500;10118;1;1;7855;112;722;0;400;0;0;0
Mastak;472|499;9361;3480;3440;0;498;3;3;5;0;0;0
Mastak;470|500;10542;1;1;8113;150;2400;0;400;0;0;0
Mastak;463|507;8702;1;1;3300;109;1623;0;361;0;0;0
Mastak;468|499;8579;3848;3852;0;3;3;0;2;0;0;0
Mastak;470|495;10414;4452;4427;0;250;3;3;5;0;0;0
Mastak;456|499;11163;2839;2847;0;250;3;3;5;0;0;0
Mastak;437|525;10705;8936;8744;0;400;0;0;0;0;0;0
Mastak;465|495;10426;3225;3181;0;468;3;3;5;0;0;0
Mastak;440|441;10838;1589;1570;0;250;3;3;5;0;0;0
Mastak;461|498;9370;1;1;2;0;2010;0;336;0;0;0
Mastak;469|494;10477;3673;3650;0;499;3;3;5;0;0;0
Mastak;465|497;10441;3220;3198;0;347;3;3;5;0;0;0
Mastak;455|500;10234;5055;5049;0;495;3;3;5;0;0;0
Mastak;458|500;10209;1;1;6780;150;2400;0;400;0;0;0
Mastak;457|498;10237;1;1;8297;150;2400;0;400;0;0;0
Mastak;456|498;10263;1;1;4702;150;2400;0;400;0;0;0
Mastak;455|498;10337;4222;4216;0;420;3;3;5;0;0;0
Mastak;456|500;9807;3563;3560;0;250;3;3;5;0;0;0
Mastak;491|490;10971;5282;5869;0;461;3;5;5;0;0;0
Mastak;486|468;10728;1;1;7856;150;2384;0;400;0;0;2
Mastak;481|513;10365;3390;3363;0;250;3;3;5;0;0;0
Mastak;450|503;10476;1;1;4565;150;2175;0;400;0;0;0
Mastak;483|512;10495;2085;2082;0;250;3;3;5;0;0;0
Mastak;482|510;9767;3402;3397;0;250;3;3;5;0;0;0
Mastak;449|508;9857;2361;2357;0;250;3;3;5;0;0;0
Mastak;444|508;10636;3051;3045;0;250;3;3;5;0;0;0
Mastak;443|511;9105;2989;2969;0;250;3;3;5;0;0;0
Mastak;442|508;9890;2271;2309;0;250;3;3;5;0;0;0
Mastak;441|495;10495;2698;2690;0;250;3;3;5;0;0;0
Mastak;439|510;9965;3320;2994;0;250;3;3;5;0;0;0
Mastak;437|507;9468;1891;1911;0;250;3;3;5;0;0;0
Mastak;436|506;9841;3227;3221;0;250;43;3;5;0;0;0
Mastak;436|504;9841;9;1;4451;148;2303;0;400;0;0;0
Mastak;438|506;9795;2147;2150;0;250;3;3;5;0;0;0
Mastak;436|491;10495;3041;3043;0;250;3;3;5;0;0;0
Mastak;435|504;9841;3835;3810;0;250;3;3;5;0;0;0
Mastak;434|505;9841;3175;2890;0;250;3;3;5;0;0;0
Mastak;434|506;9816;3169;1182;0;250;3;3;5;0;0;0
Mastak;435|447;10452;350;319;0;250;3;3;5;0;0;0
Mastak;435|445;10310;350;321;0;250;3;3;5;0;0;0
Mastak;433|445;10257;1;1;1295;150;0;0;0;0;0;0
Mastak;436|447;10542;1678;1643;0;250;3;3;5;0;0;0
Mastak;432|444;10542;1866;1821;0;250;3;3;5;0;0;0
Mastak;437|455;10542;1900;1900;0;250;3;3;5;0;0;0
Mastak;438|439;10083;1;1;3050;100;1563;0;400;0;0;0
Mastak;424|452;10030;1613;1583;0;250;3;3;5;0;0;0
Mastak;427|447;9163;1436;1441;0;250;3;3;5;0;0;0
Mastak;426|444;9821;2546;2499;0;250;3;3;5;0;0;0
Mastak;424|445;9821;2414;2378;0;250;3;3;5;0;0;0
Mastak;444|454;10452;962;971;0;250;3;3;5;0;0;0
Mastak;425|442;9965;1520;1547;0;250;3;3;5;0;0;0
Mastak;424|442;10160;2410;2413;0;250;3;3;5;0;0;0
Mastak;423|445;9656;950;955;0;250;3;3;5;0;0;0
Mastak;419|448;10542;1965;1983;0;250;24;3;5;0;0;0
Mastak;436|445;10160;1669;1651;0;250;3;3;5;0;0;0
Mastak;435|444;10160;1513;1527;0;250;3;3;5;0;0;0
Mastak;407|448;9981;11;8;1964;58;868;0;201;0;0;0
Mastak;396|521;10838;6641;6627;0;984;3;3;5;0;0;0
Mastak;396|514;10559;1;1;1287;150;2400;0;198;0;0;0
Mastak;396|524;10559;8452;8053;0;604;0;0;0;0;0;0
Mastak;434|447;8972;1266;1266;0;250;3;3;5;0;0;0
Mastak;397|503;10795;7988;7981;0;538;3;3;5;0;0;0
Mastak;409|558;9587;8245;8271;0;328;3;0;5;0;0;0
Mastak;423|572;10838;7909;7926;0;685;3;3;5;0;0;0
Mastak;408|449;9818;2000;1990;0;250;3;3;5;0;0;0
Mastak;400|453;9976;1441;1450;0;250;3;3;5;0;0;0
Mastak;491|511;10636;1;1;7831;150;2400;0;400;0;0;0
Mastak;462|492;10971;120;22;6966;128;1192;0;400;0;0;0
Mastak;479|507;11461;9504;9458;0;278;3;3;5;0;0;0
Mastak;441|447;10728;1;1;3014;100;1461;0;342;0;0;0
Mastak;490|470;10636;1;1;10095;118;1895;0;396;0;0;0
Mastak;399|513;10559;1;1;6676;150;2400;0;400;0;0;0
Mastak;483|464;10838;1201;1231;7589;964;1462;0;400;0;0;0
Mastak;481|510;10765;0;0;7277;146;40;0;390;0;0;0
Mastak;456|505;9755;1;1;8529;150;2362;0;400;0;0;0
Mastak;485|507;10838;8895;8879;0;72;0;5;5;0;0;0
Mastak;472|455;13161;1;1;2672;80;1269;0;380;0;0;0
Mastak;469|503;10971;7101;7086;0;529;0;5;5;0;0;0
Mastak;476|499;10495;4764;4773;0;341;3;3;5;0;0;0
Mastak;478|500;10125;0;0;7401;0;2022;0;360;0;0;0
Mastak;439|520;10045;8778;8737;0;341;0;0;0;0;0;0
Mastak;468|509;10157;1;1;8240;150;2400;0;400;0;0;0
Mastak;478|508;12154;1;1;7612;150;2400;0;400;0;0;0
Mastak;488|500;10838;1;1;6389;140;2218;0;400;0;0;0
Mastak;459|503;10443;1;1;5025;150;2242;0;400;0;0;0
Mastak;459|502;9898;4643;4568;0;496;3;3;5;0;0;0
Mastak;421|551;10971;1;1;3901;118;1883;7;400;0;0;0
Mastak;490|466;10336;1;1;10871;141;1761;0;400;0;0;0
Mastak;479|510;11494;2552;2584;0;250;3;3;5;0;0;0
Mastak;482|506;10971;8404;8421;0;5;0;5;5;0;0;0
Mastak;459|505;9474;2880;2907;0;250;3;3;5;0;0;0
Mastak;487|506;9375;1;1;1344;115;1610;0;120;0;0;0
Mastak;468|510;9940;3726;3722;0;250;3;3;5;0;0;0
Mastak;417|501;10060;7638;7277;0;787;0;0;0;0;0;0
Mastak;440|520;10434;7856;7824;0;664;3;0;5;0;0;0
Mastak;486|506;10495;1;1;8240;150;2400;0;400;0;0;0
Mastak;446|445;10160;1;1;4603;133;2135;0;400;0;0;1
Mastak;425|450;9925;1;1;4009;133;2015;0;400;0;0;0
Mastak;495|507;13496;3400;3438;0;373;3;8;5;0;0;0
Mastak;443|529;10838;8882;8866;0;628;3;3;5;0;0;0
Mastak;432|454;10224;1;1;5676;120;1864;0;400;0;1;0
Mastak;493|495;10838;228;1;7936;146;2335;0;400;0;0;0
Mastak;483|500;10838;6288;6315;0;386;0;117;5;0;0;0
Mastak;495|510;10495;1;1;5588;150;2197;1;400;0;0;0
Mastak;474|516;11824;9226;9216;0;317;3;128;5;0;0;0
Mastak;507|490;11702;1;1;2001;12;0;0;251;0;0;0
Mastak;496|504;10971;1;1;7769;150;2400;0;400;0;0;0
Mastak;436|446;10428;332;300;0;250;3;3;5;0;0;0
Mastak;462|505;9727;1;1;393;130;2032;0;59;0;0;0
Mastak;473|517;12154;6118;6119;0;306;3;3;5;0;0;0
Mastak;459|494;11678;1;1;7981;150;2400;0;400;0;0;0
Mastak;486|501;10838;1;1;5559;150;2258;0;400;0;0;0
Mastak;493|510;10160;1;1;8632;106;1628;0;400;0;0;0
Mastak;462|491;12313;3039;3114;0;293;3;3;5;0;0;0
Mastak;432|437;11531;1;1;3290;103;1571;0;320;0;0;0
Mastak;435|448;10147;0;0;0;0;0;0;0;0;0;0
Mastak;468|498;10971;1;1;7781;150;2397;0;400;0;0;0
Mastak;413|517;10971;40;1;11126;142;2084;0;400;0;0;0
Mastak;460|493;11824;1;1;4845;150;2400;0;400;0;0;0
Mastak;474|512;11989;1;1;8628;73;1082;0;400;0;0;0
Mastak;473|518;12154;6233;6248;0;336;3;4;5;0;0;0
Mastak;473|456;11489;1;1;10868;142;1085;0;400;0;0;0
Mastak;478|457;12079;483;452;0;500;3;3;5;0;0;0
Mastak;438|444;9761;1;1;5374;127;2021;0;347;0;1;0
Mastak;522|517;10971;5;48;7718;150;2400;0;400;0;0;0
Mastak;464|601;8669;1;1;1389;40;520;0;112;0;0;0
Mastak;401|506;10426;1;1;1291;150;2300;0;199;0;0;0
Mastak;422|528;10245;8760;8217;0;321;0;0;0;0;0;0
Mastak;496|494;10838;1;1;6194;150;2400;0;400;0;0;0
Mastak;436|521;10705;8628;8591;0;676;3;3;5;0;0;0
Mastak;480|512;10971;1;1;7045;150;2400;0;400;0;0;0
Mastak;432|518;10475;7760;8423;0;376;3;0;5;0;0;0
Mastak;494|506;10636;1;1;9009;134;2206;0;400;0;1;0
Mastak;491|510;10971;1;1;5613;150;2348;0;400;0;0;0
Mastak;477|504;12154;8893;9337;0;429;3;3;5;0;0;0
Mastak;488|502;10971;1027;1;5593;150;2400;0;400;0;0;0
Mastak;523|512;12313;0;1;3040;500;560;46;76;0;0;0
Mastak;489|511;10838;8731;8758;0;323;0;5;5;0;1;0
Mastak;477|503;12154;9411;9418;0;464;3;3;5;0;0;0
Mastak;478|505;11824;6536;6500;0;561;3;3;5;0;0;0
Mastak;442|449;9995;1675;1705;0;250;3;3;5;0;0;0
Mastak;441|446;10542;1886;1877;0;250;3;3;5;0;0;0
Mastak;442|441;10160;1458;1453;0;250;3;3;5;0;0;0
Mastak;443|440;10160;1819;1795;0;250;3;3;5;0;0;0
Mastak;436|444;10330;1;1;3040;104;1476;0;369;0;0;0
Mastak;428|445;10160;2400;2369;0;250;3;3;5;0;0;0
Mastak;438|437;10333;1423;1408;0;250;27;3;5;0;0;0
Mastak;431|441;9995;1;1;1351;40;611;0;147;0;0;0
Mastak;429|443;9587;1;1;1381;60;936;0;173;0;0;0
Mastak;442|442;9821;400;1;3050;100;1540;0;285;0;0;0
Mastak;448|443;9769;1963;1965;0;250;3;3;0;0;0;0
Mastak;444|441;9821;1476;1467;0;250;3;3;0;0;0;0
Mastak;476|461;11725;1;1;11002;146;1615;0;400;0;0;0
Mastak;461|495;12154;6645;6664;0;373;3;3;5;0;1;0
Mastak;486|500;10971;386;1;7035;150;2400;8;400;0;0;0
Mastak;475|508;12154;1;1;2255;62;977;0;241;0;0;0
Mastak;485|501;10495;692;1;6746;150;2400;0;400;0;0;0
Mastak;503|490;9860;1;1;7626;150;2400;0;400;0;0;0
Mastak;440|449;10066;1828;1823;0;250;3;3;5;0;0;0
Mastak;440|450;9901;1;1;1629;56;638;0;180;0;0;0
Mastak;439|447;10005;1;1;3255;100;1591;0;380;0;0;0
Mastak;430|443;9901;1570;1596;0;250;3;3;5;0;0;0
Mastak;477|460;11819;1;1;9603;140;1963;0;400;0;0;0
Mastak;490|498;10838;9402;9390;0;476;0;0;1;0;0;0
Mastak;494|473;11901;54;1;1328;89;1224;0;386;0;0;0
Mastak;485|506;10838;1;1;6979;150;2400;0;400;0;0;0
Mastak;448|524;10838;1;1;5496;150;2400;0;400;0;0;0
Mastak;483|504;10257;2379;2381;0;250;3;3;5;0;0;0
Mastak;482|513;10290;2791;2766;0;250;3;3;5;0;0;0
Mastak;429|521;10417;7788;7932;0;542;3;0;1;0;0;0
Mastak;430|520;10705;7796;8242;0;868;0;0;0;0;0;0
Mastak;429|520;10147;8136;8323;0;521;0;0;0;0;0;0
Mastak;412|514;10269;8898;8866;0;674;0;0;0;0;0;0
Mastak;413|525;9991;7248;6900;0;665;0;0;0;0;0;0
Mastak;408|511;10838;8673;8436;0;361;0;0;0;0;0;0
Mastak;409|519;10027;8680;7919;0;884;0;0;0;0;0;0
Mastak;406|520;10342;8248;7481;0;775;0;0;0;0;0;0
Mastak;478|501;10971;5988;5983;0;300;3;5;5;0;0;0
Mastak;443|524;10838;9241;9221;0;334;3;7;5;0;0;0
Mastak;489|501;10838;9010;9037;0;5;0;5;5;0;1;0
Mastak;488|507;10838;7612;7601;0;385;25;5;5;0;0;0
Mastak;438|521;10653;8621;8782;0;354;0;0;0;0;0;0
Mastak;489|502;10971;1;1;6643;150;2400;0;400;0;0;0
Mastak;461|496;11824;9216;9227;0;250;3;3;5;0;0;0
Mastak;476|501;10838;1;1;5404;150;2151;0;400;0;0;0
Mastak;479|501;9340;0;0;7611;149;2248;0;399;0;0;0
Mastak;471|504;10971;1;1;7623;150;2400;0;400;0;0;0
Mastak;468|507;10786;1;1;7900;147;2312;0;399;0;0;0
Mastak;467|512;12154;1;1;5926;150;2400;0;400;0;0;0
Mastak;451|496;10971;1;1;3861;99;808;0;400;0;0;0
Mastak;450|499;10971;1;1;7769;150;2400;0;400;0;0;0
Mastak;449|498;10806;1;1;1321;150;2400;0;202;0;0;0
Mastak;448|494;10838;1;1;7496;150;2235;0;400;0;0;0
Mastak;492|508;10577;941;903;2972;188;1590;0;400;0;0;0
Mastak;434|522;10838;7800;8402;0;375;0;0;0;0;0;0
Mastak;493|506;10636;954;1;7230;149;2382;0;397;0;0;0
Mastak;493|496;10838;244;1;7299;150;2400;1;400;0;0;0
Mastak;521|491;11735;3780;3788;0;499;3;3;5;0;0;0
Mastak;455|502;10452;9514;9513;0;441;3;3;5;0;0;0
Megadjal;473|536;11253;4994;1155;178;278;30;471;14;52;1;0
Megadjal;473|535;10418;8071;2094;0;942;0;1500;14;0;1;0
Megadjal;467|532;10295;10000;3944;0;554;60;819;15;4;0;0
Megadjal;454|546;10178;0;0;5303;100;2788;0;600;0;0;4
Megadjal;449|562;10061;7632;3233;0;613;30;1044;12;70;0;0
Megadjal;450|562;9798;6585;4002;300;504;15;779;14;46;0;0
Megadjal;450|561;10452;0;0;5291;100;2760;0;650;0;1;4
Megadjal;450|564;9786;3964;2807;253;735;3;1242;11;33;0;0
Megadjal;447|566;10028;0;0;5356;100;2878;0;600;0;1;4
Megadjal;452|568;9964;0;0;7885;100;2500;0;400;0;1;4
Megadjal;450|565;9327;3925;2728;299;521;19;745;13;43;0;0
Megadjal;448|553;10067;0;0;5500;100;2802;0;630;0;1;4
Megadjal;445|557;10220;3210;1333;300;731;29;684;12;22;0;0
Megadjal;453|569;8618;8445;3116;299;306;45;729;3;43;0;0
Megadjal;447|567;10088;0;0;5300;100;2820;0;639;0;0;4
Megadjal;446|568;8936;0;0;5323;100;2881;0;610;0;0;4
Megadjal;446|566;8767;11409;4304;199;214;20;740;15;0;0;0
Megadjal;451|563;9568;0;0;5575;94;2895;0;650;0;0;0
Megadjal;446|567;5298;0;0;7711;75;3212;0;400;0;0;0
Megadjal;440|565;6821;4609;1581;184;609;89;839;13;20;0;0
Megadjal;444|566;6766;11372;1321;200;387;56;578;12;31;0;0
Megadjal;437|560;5568;0;0;6463;100;3102;0;632;0;0;0
Megadjal;443|571;6560;4825;1748;150;381;63;803;13;30;0;0
Megadjal;445|575;7699;9210;2119;300;399;87;820;13;21;0;0
Megadjal;435|566;7396;11023;2460;300;339;43;519;10;42;0;0
Megadjal;455|579;6966;11088;1922;300;243;73;1031;7;44;0;0
Megadjal;440|575;7289;7680;1374;152;503;40;711;10;20;0;0
Megadjal;459|587;6713;9881;2000;0;470;104;1039;11;0;0;0
Megadjal;463|591;7260;12070;2130;0;427;54;1076;10;0;0;0
Megadjal;463|588;6816;11358;2769;0;487;60;695;10;0;0;0
Megadjal;438|577;8862;0;0;6061;94;2764;0;562;0;0;4
Megadjal;425|574;5246;0;0;6251;100;3239;0;610;0;0;0
Megadjal;427|579;7163;12983;886;0;950;100;0;14;0;0;0
mirakses;457|549;10718;11191;3800;0;300;0;790;3;0;0;0
mirakses;456|549;10559;12488;1034;0;300;0;0;3;0;0;0
mirakses;452|556;10559;0;0;8000;300;2199;0;400;0;1;3
mirakses;450|557;10559;0;0;8000;300;2300;0;400;0;0;6
mirakses;452|558;10559;14780;2559;0;66;0;500;0;0;0;0
mirakses;445|556;10559;12222;1925;0;70;0;996;3;0;0;0
mirakses;430|539;10559;7875;5839;0;400;0;991;3;0;0;0
mirakses;418|543;10559;11675;8000;0;400;0;0;0;0;0;0
mirakses;498|573;11116;8147;2358;0;300;0;500;3;0;0;2
mirakses;494|578;10247;7259;7225;0;300;0;0;3;0;0;0
mirakses;500|570;10326;7491;7491;0;200;0;0;3;0;0;0
mirakses;500|576;10406;7824;7846;0;276;0;0;1;0;0;0
mirakses;497|579;10750;0;0;7969;300;916;0;399;0;0;0
mirakses;499|572;11456;6057;2120;0;500;0;0;2;0;0;0
mirakses;488|566;10247;5429;5460;0;285;0;0;3;0;1;0
mirakses;487|570;10247;1948;1910;0;324;0;0;3;0;0;0
mirakses;487|572;10247;7265;7266;0;300;0;0;3;0;0;0
mirakses;488|573;10004;8102;7656;0;293;0;0;0;0;0;0
mirakses;488|574;10285;6270;6284;0;210;0;0;3;0;0;0
mirakses;490|573;10247;6921;6921;0;274;0;0;3;0;0;0
mirakses;490|574;10247;8447;8413;0;200;0;0;5;0;0;0
mirakses;489|575;10247;6634;6643;0;217;0;0;16;0;0;0
mirakses;488|579;10247;7845;7004;0;295;0;10;2;0;0;2
mirakses;490|585;11100;1749;533;0;300;0;0;3;0;0;0
mirakses;488|582;10247;13396;3064;0;412;0;0;3;0;0;0
mirakses;487|567;10264;0;0;7975;300;1940;0;400;0;0;4
mirakses;490|586;10114;11635;6640;0;292;0;0;3;0;0;0
mirakses;501|589;10449;9901;8455;0;267;0;275;2;0;0;0
mirakses;493|587;10247;6767;5888;0;300;0;1000;3;0;0;0
mirakses;487|585;10294;0;0;8000;300;2297;0;400;0;0;4
mirakses;493|588;10252;12221;8276;0;233;0;0;67;0;0;0
mirakses;495|585;10247;12682;8539;0;218;0;0;3;0;0;0
mirakses;500|588;10247;6865;4186;0;251;201;477;3;0;0;0
mirakses;489|591;10247;9955;723;0;280;0;459;3;0;0;0
mirakses;502|593;10247;8790;8777;0;298;0;0;3;0;0;0
mirakses;506|594;10285;8725;8744;0;281;0;0;3;0;1;0
mirakses;494|562;10114;0;0;7986;300;2400;0;400;0;1;4
mirakses;502|596;10247;0;0;8000;300;1945;0;400;0;0;2
mirakses;495|600;10247;10760;8194;0;299;0;0;3;0;0;0
mirakses;531|596;10247;10000;10000;0;299;0;0;0;0;0;0
mirakses;475|579;10220;12289;7656;0;250;0;0;3;0;0;0
mirakses;438|583;9835;0;0;8000;300;2300;0;400;0;0;0
mirakses;456|596;10285;10999;9999;0;300;0;0;3;0;0;0
mirakses;491|603;10254;8718;8661;0;0;0;0;0;0;0;0
mirakses;493|562;10247;10000;10170;0;143;0;0;3;0;1;1
mirakses;493|563;10247;10000;9754;0;179;0;0;3;0;0;0
mirakses;494|558;10830;5225;3833;0;750;0;0;3;0;0;0
mirakses;490|564;10247;8501;8478;0;200;0;0;3;0;1;0
mirakses;491|564;10597;7840;7740;0;200;0;0;3;0;1;1
mirakses;488|568;10247;8714;6367;0;209;0;0;3;0;0;0
mirakses;490|568;10247;8044;8019;0;310;0;0;3;0;0;0
mirakses;420|512;9771;0;0;3450;0;1636;0;400;0;0;0
mirakses;492|558;10285;0;0;8000;300;2300;0;400;0;0;4
mirakses;490|560;11483;7573;7903;0;200;0;0;3;0;0;0
mirakses;490|559;11489;9519;8744;0;200;0;0;3;0;0;0
mirakses;489|561;11489;9953;9970;0;200;0;0;0;0;0;0
mirakses;487|563;11494;13713;6369;0;120;0;0;0;0;0;0
mirakses;486|564;11494;9725;9702;0;200;0;0;3;0;0;0
mirakses;485|565;11445;5204;5232;0;296;0;0;9;0;0;2
mirakses;515|541;10311;0;0;7800;150;2240;0;400;0;0;5
mirakses;506|550;11643;6500;0;0;1100;0;0;3;0;0;0
OliWi;452|567;10247;4536;3934;0;357;0;474;3;0;1;15
OliWi;473|584;9978;1;0;0;0;0;3416;0;0;1;2
OliWi;450|575;10247;5858;1880;0;86;0;292;4;5;1;15
OliWi;446|578;10375;976;2452;1;58;1380;0;4;1015;1;14
OliWi;477|590;10247;7261;3356;0;200;0;1346;0;3;1;7
OliWi;408|563;1051;0;0;0;0;0;0;0;0;0;0
o-O..OnMaine..O-o;523|522;11553;0;0;0;1300;0;0;0;0;0;0
o-O..OnMaine..O-o;528|520;10237;0;0;1843;10;1005;0;207;0;0;0
o-O..OnMaine..O-o;521|522;10178;0;0;1149;10;625;0;131;0;0;4
o-O..OnMaine..O-o;530|521;10178;0;0;1807;10;985;0;210;0;0;0
o-O..OnMaine..O-o;526|521;10178;0;0;1815;10;934;0;196;0;0;0
o-O..OnMaine..O-o;526|520;9876;7212;7187;0;24;0;920;9;6;0;0
o-O..OnMaine..O-o;511|526;10211;9289;9253;0;0;0;192;5;2;0;0
o-O..OnMaine..O-o;514|528;10237;0;0;1527;10;778;0;131;0;0;4
o-O..OnMaine..O-o;515|531;10084;10065;9614;0;35;0;2;0;2;0;0
o-O..OnMaine..O-o;511|530;10104;7332;7315;0;196;0;746;10;85;0;0
o-O..OnMaine..O-o;519|530;10237;0;0;1495;10;745;0;127;0;0;0
o-O..OnMaine..O-o;514|527;10104;0;0;4666;10;2341;0;401;0;0;4
o-O..OnMaine..O-o;515|527;10237;0;0;4890;10;2521;0;419;0;0;0
o-O..OnMaine..O-o;516|524;10237;0;0;5214;10;2600;0;447;0;0;0
o-O..OnMaine..O-o;491|519;10237;0;0;5183;10;2544;0;1000;0;1;4
o-O..OnMaine..O-o;491|518;10211;7370;7066;0;400;0;694;5;2;0;0
o-O..OnMaine..O-o;490|519;10237;0;0;5085;10;2600;0;700;0;0;0
o-O..OnMaine..O-o;492|517;9976;0;0;4540;351;2229;428;482;2;0;4
o-O..OnMaine..O-o;502|506;11978;0;0;2763;103;960;0;314;0;0;4
o-O..OnMaine..O-o;486|531;9761;0;0;9600;9;2000;0;513;0;0;4
o-O..OnMaine..O-o;485|532;9735;10078;10100;0;53;0;0;0;2;0;0
o-O..OnMaine..O-o;485|530;9735;10010;10166;0;0;0;0;0;2;0;0
o-O..OnMaine..O-o;485|529;10211;0;0;8977;9;2000;0;568;0;1;4
o-O..OnMaine..O-o;490|528;11627;0;0;4004;66;708;0;330;0;0;0
o-O..OnMaine..O-o;491|532;10237;0;0;8950;5;2000;0;653;0;0;0
o-O..OnMaine..O-o;492|530;9735;10007;10179;0;120;0;0;0;2;0;0
o-O..OnMaine..O-o;489|532;9735;10149;10019;0;270;0;0;0;2;0;0
o-O..OnMaine..O-o;490|531;9747;10081;10085;0;216;0;1;0;2;0;0
o-O..OnMaine..O-o;485|526;10211;0;0;9904;8;2000;0;1000;0;1;0
o-O..OnMaine..O-o;486|530;10211;0;0;9987;9;2131;0;1000;0;1;0
o-O..OnMaine..O-o;486|529;10237;0;0;8527;9;2000;0;656;0;1;4
o-O..OnMaine..O-o;485|527;10211;0;0;8767;9;2000;0;610;0;0;4
o-O..OnMaine..O-o;484|532;9735;10040;10128;0;40;0;0;0;2;0;0
o-O..OnMaine..O-o;492|532;10211;9915;9936;0;190;0;1;0;2;0;0
o-O..OnMaine..O-o;483|523;10237;0;0;10032;8;2000;0;975;0;1;0
o-O..OnMaine..O-o;480|528;10237;0;0;8967;9;2000;0;648;0;0;0
o-O..OnMaine..O-o;479|525;9761;0;0;8719;9;2000;0;750;0;0;0
o-O..OnMaine..O-o;481|529;10237;0;0;8467;9;2000;0;750;0;0;0
o-O..OnMaine..O-o;479|526;10237;0;0;9122;9;2000;0;617;0;0;0
o-O..OnMaine..O-o;486|526;10211;0;0;8817;9;2000;0;600;0;0;4
o-O..OnMaine..O-o;492|528;10237;0;0;8557;9;2000;0;650;0;0;4
o-O..OnMaine..O-o;492|527;10237;0;0;9008;9;2000;0;500;0;0;4
o-O..OnMaine..O-o;493|526;10211;8209;7898;0;89;0;644;0;13;0;0
o-O..OnMaine..O-o;494|526;10237;0;0;8925;10;2000;0;576;0;0;4
o-O..OnMaine..O-o;479|529;10237;0;0;7100;9;2044;0;672;0;0;4
o-O..OnMaine..O-o;458|530;10237;0;0;1399;10;761;0;120;0;0;0
o-O..OnMaine..O-o;458|528;10237;0;0;1399;10;761;0;120;0;0;0
o-O..OnMaine..O-o;460|529;10237;0;0;1399;10;761;0;120;0;0;0
o-O..OnMaine..O-o;460|531;10237;0;0;1399;10;761;0;120;0;0;0
o-O..OnMaine..O-o;458|529;10237;9388;8214;0;250;0;2;0;2;0;0
o-O..OnMaine..O-o;469|519;11169;4413;4425;0;250;0;2;0;2;0;0
o-O..OnMaine..O-o;447|527;10237;9511;9500;0;603;0;2;0;2;0;0
o-O..OnMaine..O-o;446|527;10237;9784;9155;0;639;0;2;0;2;0;0
o-O..OnMaine..O-o;441|527;10237;9842;9875;0;250;0;2;0;2;0;0
o-O..OnMaine..O-o;417|516;10237;9339;10066;0;406;0;2;0;2;0;0
o-O..OnMaine..O-o;424|513;10237;10034;9683;0;250;0;2;0;2;0;0
o-O..OnMaine..O-o;432|539;10237;9596;9857;0;847;0;47;0;2;0;0
o-O..OnMaine..O-o;429|544;10237;9598;9981;0;301;0;8;0;2;0;0
o-O..OnMaine..O-o;416|527;10237;10008;10281;0;561;0;2;0;2;0;0
o-O..OnMaine..O-o;409|509;10237;9841;9907;1;234;0;2;0;2;0;0
o-O..OnMaine..O-o;424|553;10237;10029;10156;0;609;0;3;0;2;0;0
o-O..OnMaine..O-o;415|537;10237;10000;10368;0;280;0;2;0;2;0;0
o-O..OnMaine..O-o;407|502;10237;9802;9881;0;867;0;2;0;2;0;0
o-O..OnMaine..O-o;403|508;10237;9853;9864;0;250;0;2;0;2;0;0
o-O..OnMaine..O-o;506|597;10237;9970;9935;0;756;0;2;0;2;0;0
o-O..OnMaine..O-o;433|565;10237;9784;10007;0;573;0;2;0;2;0;0
o-O..OnMaine..O-o;479|593;10237;9866;9839;0;736;0;2;0;2;0;0
o-O..OnMaine..O-o;436|573;10237;9309;9314;0;1157;0;2;0;2;0;0
o-O..OnMaine..O-o;492|604;10237;10027;10129;0;389;0;2;0;2;0;0
o-O..OnMaine..O-o;397|506;10237;9865;9834;0;259;0;2;0;2;0;0
o-O..OnMaine..O-o;435|583;10237;9846;9825;0;273;0;2;0;2;0;0
o-O..OnMaine..O-o;427|547;10237;9798;9911;0;248;0;4;0;2;0;0
o-O..OnMaine..O-o;431|544;10237;9784;9915;0;250;0;5;0;2;0;0
o-O..OnMaine..O-o;433|543;10237;9819;9880;0;250;0;5;0;2;0;0
o-O..OnMaine..O-o;432|545;10237;9731;9986;0;250;0;2;0;2;0;0
o-O..OnMaine..O-o;435|549;10237;9843;9856;0;250;0;5;0;2;0;0
o-O..OnMaine..O-o;436|542;10237;9841;9858;0;250;0;5;0;2;0;0
o-O..OnMaine..O-o;392|514;10237;9859;9864;0;247;0;2;0;2;0;0
o-O..OnMaine..O-o;392|507;10237;9706;10011;0;250;0;2;0;2;0;0
o-O..OnMaine..O-o;434|546;10237;9848;9851;0;250;0;5;0;2;0;0
o-O..OnMaine..O-o;434|586;10237;9877;9840;0;250;0;2;0;2;0;0
o-O..OnMaine..O-o;436|585;10237;9856;9861;0;250;0;2;0;2;0;0
o-O..OnMaine..O-o;425|531;10237;9833;9884;0;250;0;2;0;2;0;0
o-O..OnMaine..O-o;421|531;10237;9827;9890;0;250;0;2;0;2;0;0
o-O..OnMaine..O-o;422|530;10237;9740;9977;0;250;0;2;0;2;0;0
o-O..OnMaine..O-o;416|548;10237;9887;9830;0;250;0;2;0;2;0;0
o-O..OnMaine..O-o;422|529;10237;9872;9845;0;250;0;2;0;2;0;0
o-O..OnMaine..O-o;419|550;10237;9920;9797;0;250;0;2;0;2;0;0
o-O..OnMaine..O-o;420|550;10237;9821;9896;0;250;0;2;0;2;0;0
o-O..OnMaine..O-o;424|541;10237;9865;9852;0;250;0;2;0;2;0;0
o-O..OnMaine..O-o;419|538;10237;9865;9852;0;250;0;2;0;2;0;0
o-O..OnMaine..O-o;392|524;8916;5805;5840;0;250;0;2;0;2;0;0
o-O..OnMaine..O-o;399|517;8372;5319;5292;0;250;0;2;0;2;0;0
o-O..OnMaine..O-o;393|525;7963;6191;5541;0;250;0;2;0;2;0;0
o-O..OnMaine..O-o;397|543;6878;4645;3865;0;250;0;2;0;2;0;0
o-O..OnMaine..O-o;389|519;2813;1050;1007;0;250;0;0;0;0;0;0
o-O..OnMaine..O-o;422|513;10237;3997;3194;0;250;0;2;0;2;0;0
o-O..OnMaine..O-o;407|461;10237;0;0;6297;10;908;0;543;0;0;0
o-O..OnMaine..O-o;409|458;10237;0;0;7974;9;2205;0;500;0;0;0
o-O..OnMaine..O-o;411|456;10237;0;0;6861;10;2505;0;500;0;0;0
o-O..OnMaine..O-o;410|458;10237;0;0;10996;10;2000;0;750;0;0;0
o-O..OnMaine..O-o;406|462;10237;0;0;6192;10;1180;0;500;0;0;4
o-O..OnMaine..O-o;412|457;10237;0;0;6364;10;2505;0;500;0;0;0
o-O..OnMaine..O-o;410|456;10237;0;0;7393;10;2436;0;500;0;0;0
o-O..OnMaine..O-o;410|454;10237;0;0;8661;9;2106;0;500;0;0;0
o-O..OnMaine..O-o;410|455;10237;0;0;8706;10;2132;0;500;0;0;0
o-O..OnMaine..O-o;406|450;10237;7186;5243;0;250;0;680;0;2;0;0
o-O..OnMaine..O-o;414|466;10237;0;0;6738;10;2600;0;500;0;0;4
o-O..OnMaine..O-o;414|454;10237;0;0;7503;10;2553;0;500;0;0;0
o-O..OnMaine..O-o;409|451;10237;0;0;6898;10;2437;0;500;0;0;0
o-O..OnMaine..O-o;407|452;10237;0;0;7578;10;2477;0;500;0;0;0
o-O..OnMaine..O-o;413|466;10237;0;0;6623;10;2531;0;495;0;0;3
o-O..OnMaine..O-o;416|452;10237;0;1;8136;10;2397;0;500;0;0;0
o-O..OnMaine..O-o;416|456;10237;7008;3041;0;780;0;651;5;8;0;0
o-O..OnMaine..O-o;414|456;11579;350;221;0;3787;0;62;0;15;0;0
o-O..OnMaine..O-o;415|451;10237;6729;2045;0;250;0;1009;0;2;0;0
o-O..OnMaine..O-o;414|470;10237;0;0;2520;10;1374;0;365;0;0;4
o-O..OnMaine..O-o;416|453;10237;5782;3842;0;250;0;153;0;2;0;0
o-O..OnMaine..O-o;418|448;10237;6802;2919;0;250;0;458;0;2;0;0
o-O..OnMaine..O-o;411|453;10237;8305;133;0;250;0;1101;5;2;0;0
o-O..OnMaine..O-o;412|452;10237;0;0;6637;10;2748;0;500;0;0;0
o-O..OnMaine..O-o;406|448;9441;0;0;6088;10;2602;0;555;0;0;0
o-O..OnMaine..O-o;418|456;10237;8627;5;0;250;0;1108;5;2;0;0
o-O..OnMaine..O-o;419|442;10237;7841;627;0;250;0;1147;5;2;0;0
o-O..OnMaine..O-o;419|447;10237;0;0;6880;10;768;0;500;0;0;0
o-O..OnMaine..O-o;413|455;10237;8627;5;0;250;0;944;5;2;0;0
o-O..OnMaine..O-o;411|451;10237;8454;5;0;250;0;1201;5;2;0;0
o-O..OnMaine..O-o;422|447;10237;0;0;6777;7;915;0;500;0;0;0
o-O..OnMaine..O-o;417|450;10237;0;0;6757;7;911;0;500;0;0;0
o-O..OnMaine..O-o;406|447;10237;8475;55;0;250;0;1084;5;2;0;0
o-O..OnMaine..O-o;436|456;11446;0;0;0;4290;0;0;0;0;1;0
o-O..OnMaine..O-o;417|440;10237;0;0;6581;10;910;0;500;0;0;0
o-O..OnMaine..O-o;411|445;10237;0;0;6377;10;864;0;500;0;0;0
o-O..OnMaine..O-o;414|443;10237;0;0;6100;10;833;0;400;50;0;0
o-O..OnMaine..O-o;412|445;10237;0;0;6101;10;855;0;400;50;0;0
o-O..OnMaine..O-o;406|445;5887;0;0;3764;10;621;0;250;38;0;0
o-O..OnMaine..O-o;410|445;10237;0;0;5866;10;918;0;500;0;0;0
o-O..OnMaine..O-o;394|462;1386;350;317;0;250;0;0;0;0;0;0
o-O..OnMaine..O-o;427|439;11812;0;0;0;4275;0;0;0;0;1;0
o-O..OnMaine..O-o;423|469;10237;3766;750;0;250;0;347;0;2;0;0
o-O..OnMaine..O-o;410|474;10544;0;0;1306;10;710;0;134;10;0;0
o-O..OnMaine..O-o;411|479;10116;0;0;1458;10;803;0;168;0;0;1
o-O..OnMaine..O-o;409|476;10544;0;0;1402;10;763;0;130;20;0;0
o-O..OnMaine..O-o;412|499;10019;0;0;106;10;60;0;10;4;0;0
o-O..OnMaine..O-o;400|494;9621;0;0;415;10;222;0;53;0;0;5
o-O..OnMaine..O-o;401|490;6960;0;0;100;10;50;0;11;0;0;0
Rookie;477|533;10471;0;0;6674;87;3033;0;270;24;0;0
Rookie;457|541;9835;0;0;10000;72;2348;0;976;88;1;0
Rookie;456|538;9835;11749;1;0;208;0;1400;4;4;0;0
Rookie;460|542;9835;12914;1;0;210;0;1205;4;4;0;0
Rookie;513|522;10365;10066;1;0;210;0;1500;4;104;0;2
Rookie;462|519;9825;0;0;5939;65;3200;0;200;45;0;4
Rookie;474|541;8975;11770;1;0;204;7;1370;4;4;1;0
Rookie;465|516;10237;17447;1;0;210;0;385;3;4;0;0
Rookie;468|520;9825;15000;1;0;207;0;725;4;104;0;0
Rookie;467|517;10301;0;0;6350;87;3033;0;270;24;0;0
Rookie;469|523;9733;0;1;6763;65;3013;0;200;32;0;5
Rookie;466|518;8960;0;0;8235;86;2784;0;270;12;0;0
Rookie;468|523;9747;18052;2896;0;198;100;40;14;38;0;0
Rookie;467|522;9873;18;0;6450;87;2993;0;270;86;0;0
Rookie;466|522;9537;14317;1;0;192;0;936;4;50;0;0
Rookie;465|522;9239;11880;1;0;210;0;1284;4;4;0;0
Rookie;465|521;9093;0;0;7153;87;3018;0;270;24;0;0
Rookie;465|520;9909;12269;1;0;209;0;951;4;7;0;0
Rookie;471|523;9560;0;1;6161;80;3210;0;200;24;0;4
Rookie;472|526;9753;0;0;6262;75;2998;0;200;99;0;5
Rookie;471|524;9817;0;1;6212;83;3177;0;200;24;0;4
Rookie;471|525;9835;13549;1;0;210;0;1073;4;30;0;0
Rookie;466|528;9711;0;0;6423;57;3120;0;200;24;0;5
Rookie;467|528;9623;17;0;6320;86;3157;0;200;24;0;4
Rookie;465|528;9809;12308;1;0;210;0;769;4;4;0;0
Rookie;464|527;9889;0;0;8812;72;2000;0;710;12;1;0
Rookie;464|526;9825;0;0;6771;87;3033;0;270;24;0;0
Rookie;476|526;10400;13210;1;0;149;0;711;4;50;0;0
Rookie;475|526;10296;0;0;6850;87;2932;0;270;24;0;0
Rookie;500|506;10301;2897;1;4066;48;2080;590;200;24;0;4
Rookie;471|538;9899;17230;1;0;210;0;483;4;4;0;0
Rookie;472|539;9899;0;0;6705;87;3020;0;270;24;0;1
Rookie;473|539;9899;0;0;6753;87;3033;0;270;24;0;0
Rookie;461|519;9889;17265;1;0;164;0;456;6;30;0;0
Rookie;475|542;8786;942;1;4662;129;1906;1100;270;83;0;4
Rookie;477|542;9899;0;0;3850;186;1801;1278;263;24;0;0
Rookie;475|543;8975;0;0;6846;187;3033;0;270;24;0;0
Rookie;474|544;9258;0;1;6967;87;3033;0;270;24;0;0
Rookie;475|544;9835;7600;1;0;210;0;358;4;4;0;0
Rookie;472|545;9835;12756;1;1303;210;720;420;125;14;0;0
Rookie;470|546;8612;5623;1;0;210;0;340;4;4;0;0
Rookie;465|548;9835;2050;1;0;204;0;869;4;5;0;0
Rookie;471|548;8975;16857;1;0;210;0;594;4;4;0;0
Rookie;477|535;9928;0;0;6512;87;3095;0;200;24;0;4
Rookie;478|536;9963;11173;1;0;191;0;1297;4;100;0;0
Rookie;478|535;8934;16431;2059;0;193;0;330;4;13;1;0
Rookie;481|537;10311;0;0;6563;67;3043;0;200;24;0;5
Rookie;482|537;10223;1093;0;5668;75;3020;0;200;24;0;4
Rookie;481|538;10382;15000;1;0;203;0;679;4;100;0;0
Rookie;480|538;9861;0;0;5348;69;2682;429;248;24;0;4
Rookie;479|538;9835;0;0;6482;87;3035;0;248;24;0;4
Rookie;480|537;9835;15057;1;0;140;0;840;2;30;0;0
Rookie;480|536;11192;7115;824;0;157;0;74;3;38;0;0
Rookie;449|527;6954;0;0;7952;72;2000;0;1145;15;1;0
Rookie;446|525;7730;0;0;8766;72;2000;0;878;24;1;0
Rookie;445|524;9432;0;0;6401;76;3160;0;200;24;0;4
Rookie;444|525;9461;16556;4999;0;210;2;60;13;4;0;0
Rookie;444|526;9404;13994;7644;0;140;146;40;10;18;0;0
Rookie;533|544;10118;12204;1;0;204;0;1093;4;66;1;3
Rookie;528|545;10058;10664;571;0;189;0;1276;4;104;0;0
Rookie;513|517;9962;0;0;8849;87;2002;0;505;3;0;2
Rookie;517|520;10506;204;1;5761;99;3068;48;200;26;0;4
Rookie;477|516;9673;0;1;6124;74;3191;0;222;24;0;4
Rookie;482|520;10221;0;1;6010;58;3216;0;200;24;0;4
Rookie;483|516;9816;0;0;6013;87;3227;0;200;24;0;4
Rookie;479|516;9938;15000;1;485;192;0;542;44;60;0;0
Rookie;482|518;11383;0;1;2310;86;1219;0;108;91;0;4
Rookie;482|516;9889;12973;4363;309;195;0;210;4;24;0;0
Rookie;476|515;8759;15981;1195;0;166;0;537;4;23;0;0
Rookie;468|534;9744;17633;1;0;210;0;438;4;4;0;0
Rookie;484|536;9899;2500;0;5311;75;2777;0;200;24;0;4
Rookie;472|492;11474;1149;400;1152;372;701;200;108;7;0;9
Rookie;518|540;10237;12268;1;0;210;0;1295;4;10;1;0
Polaykovsi777;569|522;11615;4468;3005;0;134;0;347;20;0;0;5
Polaykovsi777;570|522;10273;0;0;0;0;0;0;0;0;0;12
Polaykovsi777;591|519;10217;0;0;546;10;252;0;31;0;0;0
Polaykovsi777;447|536;10709;5874;5853;0;200;0;500;20;0;0;3
Polaykovsi777;447|540;10273;11012;8834;0;200;0;274;16;0;0;3
Polaykovsi777;444|532;9874;14188;6837;0;200;0;76;16;0;0;4
Polaykovsi777;439|536;9871;14124;8536;0;200;0;201;20;0;0;3
Polaykovsi777;432|529;9877;16302;4374;0;137;0;180;18;0;0;0
Polaykovsi777;434|532;9870;9028;8927;0;223;0;500;20;0;0;0
Polaykovsi777;448|535;9871;10124;10472;0;200;0;171;20;0;0;0
Polaykovsi777;448|536;9874;11213;9620;0;196;0;66;20;0;0;4
Polaykovsi777;438|531;9871;14472;6208;0;200;0;107;20;0;0;3
Polaykovsi777;435|528;9875;14149;5861;0;213;0;214;20;0;0;3
Polaykovsi777;441|534;9870;8847;8855;0;200;0;500;20;0;0;3
Polaykovsi777;438|532;9874;10035;7812;0;200;0;500;19;0;0;4
Polaykovsi777;438|534;9871;13704;7212;0;200;0;51;20;0;0;4
Polaykovsi777;427|530;9874;13197;5497;0;199;0;441;7;0;0;0
Polaykovsi777;441|532;9874;10680;6987;0;200;0;433;6;0;0;0
Polaykovsi777;436|529;9874;13501;7058;0;244;0;99;16;0;0;4
Polaykovsi777;444|538;9874;9992;11198;0;200;0;76;15;0;0;0
Polaykovsi777;436|531;9874;16425;5081;0;200;0;20;19;0;0;0
Polaykovsi777;434|533;9871;16598;4366;0;176;0;111;8;0;0;1
Polaykovsi777;431|535;9874;14842;6251;0;194;0;40;20;0;0;3
Polaykovsi777;519|579;9871;9030;9027;0;160;0;380;5;0;0;0
Polaykovsi777;520|579;9883;9821;9799;0;191;0;96;20;0;0;0
Polaykovsi777;519|575;9871;8584;8588;0;200;0;500;20;0;1;0
Polaykovsi777;519|578;10252;8949;8961;0;165;0;376;20;0;0;0
Polaykovsi777;520|577;9870;9350;9364;0;181;0;251;20;0;0;0
Polaykovsi777;518|577;9870;867;868;6805;183;2494;0;360;0;0;0
Polaykovsi777;518|585;9870;10577;9575;0;200;0;5;20;0;0;0
Polaykovsi777;521|577;9872;8856;8904;0;177;0;405;19;0;0;0
Polaykovsi777;517|578;9886;10050;9998;0;200;0;24;17;0;0;0
Polaykovsi777;522|585;9870;9769;9795;0;200;0;103;20;0;0;0
Polaykovsi777;502|595;10495;10026;9998;0;200;0;3;20;0;0;0
Polaykovsi777;525|574;10285;9586;9561;0;200;0;112;20;0;0;0
Polaykovsi777;516|571;9941;6183;6221;0;200;0;500;20;0;0;0
Polaykovsi777;524|575;9891;9105;9103;0;176;0;336;20;0;0;0
Polaykovsi777;514|578;10616;9256;9301;0;181;0;204;20;0;0;0
Polaykovsi777;537|573;9891;10088;9501;0;199;0;98;20;0;0;0
Polaykovsi777;520|583;9870;11155;8845;0;198;0;36;14;0;0;0
Polaykovsi777;522|580;9874;9140;9139;0;164;0;329;20;0;0;0
Polaykovsi777;545|580;9870;9924;9904;0;198;0;60;19;0;0;0
Polaykovsi777;539|581;9870;10022;10040;0;200;0;20;20;0;0;0
Polaykovsi777;534|582;9875;0;0;5304;9;2130;0;360;0;0;0
Polaykovsi777;526|585;9880;10047;10036;0;200;0;16;20;0;0;0
Polaykovsi777;535|583;9870;9504;9510;93;183;6;175;27;0;0;0
Polaykovsi777;537|584;9870;10847;8519;0;362;0;82;20;0;0;0
Polaykovsi777;542|579;9871;7861;7862;0;200;0;500;20;0;0;0
Polaykovsi777;544|578;9870;9688;9653;0;188;0;155;7;0;0;0
Polaykovsi777;523|583;9891;9073;9078;0;308;0;314;5;0;0;0
Polaykovsi777;536|581;9891;9611;9605;0;197;0;161;20;0;0;0
Polaykovsi777;521|585;9870;11814;7814;0;470;0;19;0;0;0;0
Polaykovsi777;538|577;9871;10068;10078;0;200;0;6;20;0;0;0
Polaykovsi777;543|580;9870;9786;9818;0;188;0;100;20;0;0;0
Polaykovsi777;542|577;9871;8376;8368;0;200;0;500;5;0;0;0
Polaykovsi777;514|574;10971;9026;8999;0;179;0;264;20;0;0;0
Polaykovsi777;515|575;10273;11579;8560;0;200;0;8;0;0;0;0
Polaykovsi777;531|585;9870;9157;9132;0;13;0;119;1;0;0;0
Polaykovsi777;535|581;9870;9649;9646;0;198;0;101;77;0;0;0
Polaykovsi777;544|564;9870;0;0;8352;10;2500;0;360;0;1;5
Polaykovsi777;531|583;9891;9214;9227;0;200;0;285;5;0;0;1
Polaykovsi777;536|582;9874;10403;9718;0;200;0;10;20;0;0;0
Polaykovsi777;546|564;11212;2810;2830;0;200;0;500;5;0;1;0
Polaykovsi777;533|587;9870;7833;7861;0;200;0;500;5;0;1;0
Polaykovsi777;511|610;9870;9699;9679;0;80;0;169;5;0;0;1
Polaykovsi777;539|586;9870;10081;10077;0;200;0;4;20;0;0;0
Polaykovsi777;551|577;9870;9879;9867;0;193;0;75;20;0;0;0
Polaykovsi777;541|580;9871;9741;9770;0;68;0;160;15;0;0;0
Polaykovsi777;529|591;9870;8298;8327;0;439;0;500;5;0;0;0
Polaykovsi777;538|588;9870;9563;9524;0;170;0;205;5;0;0;0
Polaykovsi777;524|595;9870;11524;9764;0;346;0;7;20;0;0;0
Polaykovsi777;515|586;9891;12153;7537;0;431;0;4;20;0;0;0
Polaykovsi777;519|592;9870;10120;10136;0;50;0;41;16;0;0;0
Polaykovsi777;523|590;9908;10057;10077;0;200;0;19;5;0;0;0
Polaykovsi777;553|584;9870;8327;8278;0;200;0;500;16;0;1;0
Polaykovsi777;523|600;9870;9703;9665;0;80;0;179;16;0;0;0
Polaykovsi777;509|599;9870;10075;10071;0;200;0;6;20;0;0;0
Polaykovsi777;519|600;9870;9653;9643;0;162;0;162;18;0;0;0
Polaykovsi777;532|599;9870;12640;7542;0;200;0;0;20;0;0;0
Polaykovsi777;519|580;10311;9745;9751;0;192;0;100;20;0;0;0
Polaykovsi777;514|599;9870;9844;9824;0;193;0;88;20;0;0;0
Polaykovsi777;503|604;9870;10101;10081;0;200;0;0;20;0;0;0
Polaykovsi777;553|587;9870;8594;8588;0;200;0;500;20;0;0;0
Polaykovsi777;556|592;11212;3838;3835;0;200;0;67;20;0;0;5
Polaykovsi777;537|597;9872;9574;9575;0;200;0;172;20;0;0;0
Polaykovsi777;509|593;9891;9902;9902;0;200;0;62;20;0;0;0
Polaykovsi777;516|605;9870;12157;3146;0;425;0;388;5;0;0;0
Polaykovsi777;497|592;10011;9811;9763;0;200;0;77;20;0;0;0
Polaykovsi777;483|595;11321;10206;5860;0;450;0;500;5;0;0;0
Polaykovsi777;486|598;11550;9712;3847;0;424;0;500;5;0;0;0
Polaykovsi777;472|597;11550;8496;8490;0;329;0;366;20;0;0;0
Polaykovsi777;479|599;11550;8636;8599;0;327;0;326;19;0;0;0
Polaykovsi777;463|594;11550;8118;8093;0;352;0;500;5;0;0;0
Polaykovsi777;482|604;9870;9338;9365;0;497;0;160;5;0;0;0
Polaykovsi777;482|607;9870;9635;9587;0;200;0;160;20;0;0;0
Polaykovsi777;555|591;9870;8588;8594;0;200;0;500;20;0;0;0
Polaykovsi777;510|612;1881;530;500;0;0;0;0;0;0;0;0
Polaykovsi777;541|544;11615;2750;2708;0;200;0;500;5;0;0;1
Polaykovsi777;504|492;9413;3188;3177;0;200;0;500;5;0;0;0
Polaykovsi777;485|464;7709;3044;3051;0;200;0;500;5;0;0;0
Polaykovsi777;457|436;11058;1269;1229;0;200;0;500;5;0;1;0
Polaykovsi777;436|483;10506;4379;4353;0;200;0;500;5;0;0;0
Polaykovsi777;436|498;10568;4032;4038;0;200;0;500;5;0;0;0
Polaykovsi777;434|498;10733;4119;4162;0;200;0;500;5;0;0;2
Polaykovsi777;442|502;10732;4121;4162;0;200;0;500;5;0;0;2
Polaykovsi777;439|501;10730;4119;4159;0;200;0;500;5;0;0;2
Polaykovsi777;434|497;10728;4122;4161;0;200;0;500;5;0;0;0
Polaykovsi777;438|493;10812;3990;4039;0;200;0;500;5;0;0;0
Polaykovsi777;444|483;10273;4934;4918;0;200;0;500;5;0;0;0
Polaykovsi777;443|487;10273;5211;5169;0;200;0;500;7;0;0;0
Polaykovsi777;444|486;10273;5070;5051;0;200;0;500;5;0;0;0
Polaykovsi777;444|463;10230;0;0;5931;10;2500;0;360;0;0;2
Polaykovsi777;445|460;10273;0;0;5517;10;2500;0;360;0;0;0
Polaykovsi777;441|460;10311;0;0;8461;10;2500;0;360;0;0;3
Polaykovsi777;443|458;10268;0;0;7320;10;2500;0;360;0;0;2
Polaykovsi777;441|484;10336;4957;4988;0;200;0;500;5;0;0;0
Polaykovsi777;442|483;10273;3891;3900;0;200;0;500;5;0;0;0
Polaykovsi777;434|485;10273;4469;4450;0;200;0;500;5;0;0;0
Polaykovsi777;432|487;10311;4662;4694;0;200;0;500;5;0;0;1
Polaykovsi777;443|481;10452;7207;7182;0;200;0;500;5;0;0;3
Polaykovsi777;442|480;10375;3611;3602;0;200;0;500;5;0;0;0
Polaykovsi777;442|487;10375;4952;4969;0;200;0;500;5;0;0;0
Polaykovsi777;431|491;12371;5323;5354;0;200;0;500;5;0;0;0
Polaykovsi777;428|491;12154;6090;6090;0;200;0;500;5;0;0;2
Polaykovsi777;441|489;10818;3918;3917;0;0;0;472;0;0;0;0
Polaykovsi777;450|454;10963;0;0;6284;10;2500;0;360;0;0;2
Polaykovsi777;437|492;10787;3789;3755;0;200;0;500;5;0;0;0
Polaykovsi777;437|493;10787;4406;4394;0;200;0;500;5;0;0;0
Polaykovsi777;438|458;10273;0;0;8239;10;2500;0;360;0;0;1
Polaykovsi777;451|469;11886;2664;2647;0;200;0;500;5;0;0;0
Polaykovsi777;453|454;10495;2609;2606;0;200;0;500;5;0;1;0
Polaykovsi777;442|464;10452;2710;2696;0;200;0;541;5;0;0;0
Polaykovsi777;444|460;10452;3156;3139;0;200;0;500;5;0;0;0
Polaykovsi777;445|457;10452;2868;2873;528;200;281;500;80;0;0;2
Polaykovsi777;444|457;10452;2868;2856;0;200;0;500;5;0;0;0
Polaykovsi777;443|456;10409;2900;2908;0;200;0;500;5;0;0;0
Polaykovsi777;482|608;7048;2880;2863;0;200;0;0;5;0;1;0
Polaykovsi777;432|486;10514;4165;4179;0;200;0;500;5;0;0;0
Polaykovsi777;440|482;10971;3742;3717;0;200;0;500;5;0;0;0
Polaykovsi777;434|482;10749;2898;2911;0;200;0;500;5;0;0;0
Polaykovsi777;515|525;10699;0;5;7475;0;0;0;0;0;0;19
ROCKET;418|485;10610;6431;6431;0;500;500;0;7;220;0;10
ROCKET;414|486;10610;4848;4857;0;500;500;0;7;220;0;6
ROCKET;415|486;10610;5069;5071;0;500;500;0;7;220;0;11
ROCKET;412|524;10610;0;0;5055;35;3000;0;405;0;0;10
ROCKET;470|521;12014;7513;10;0;500;0;0;0;0;0;0
ROCKET;488|552;10945;0;0;6174;35;2900;0;405;0;0;2
ROCKET;481|546;10945;0;0;6174;35;2900;0;405;0;0;2
ROCKET;455|538;10337;20131;10;0;500;0;0;0;0;1;0
ROCKET;481|551;10672;8620;10;0;400;0;1750;0;0;0;2
ROCKET;485|552;10672;8620;10;0;400;0;1750;0;0;0;2
ROCKET;495|542;10945;0;0;5216;35;2860;0;405;0;0;2
ROCKET;494|541;10945;0;0;6174;35;2900;0;405;0;0;2
ROCKET;492|542;12014;0;0;3253;35;1000;0;0;0;0;12
ROCKET;491|542;10945;0;0;6174;35;2900;0;405;0;1;2
ROCKET;495|543;10945;0;0;6174;35;2900;0;405;0;1;2
ROCKET;488|546;10672;8620;10;0;400;0;1750;0;0;1;2
ROCKET;496|544;10672;6156;10;0;285;0;1231;0;0;0;2
ROCKET;494|544;10672;8620;10;0;400;0;1750;0;0;1;2
ROCKET;494|545;10945;0;0;6174;35;2900;0;405;0;0;2
ROCKET;498|545;10945;0;0;6174;35;2900;0;405;0;0;2
ROCKET;495|546;10945;0;0;6174;35;2900;0;405;0;0;2
ROCKET;497|546;10945;0;0;6174;35;2900;0;405;0;0;2
ROCKET;481|544;10672;8620;10;0;400;0;1750;0;0;0;2
ROCKET;480|546;10672;8620;10;0;400;0;1750;0;0;0;2
ROCKET;482|547;10945;0;0;6174;35;2900;0;405;0;0;2
ROCKET;483|549;10945;0;0;6174;35;2900;0;405;0;0;2
ROCKET;483|550;10672;8620;10;0;400;0;1750;0;0;0;2
ROCKET;482|550;10672;8620;10;0;400;0;1750;0;0;0;2
ROCKET;486|550;10945;0;0;6174;35;2900;0;405;0;0;2
ROCKET;496|543;10945;0;0;6174;35;2900;0;405;0;0;2
ROCKET;457|539;10337;18106;10;0;500;0;0;0;0;1;0
ROCKET;492|541;10945;0;0;6174;35;2900;0;405;0;1;2
ROCKET;477|571;10610;7678;7677;0;500;500;0;7;220;0;0
ROCKET;486|546;10945;0;0;6174;35;2900;0;405;0;0;2
ROCKET;481|579;10610;7678;7677;0;500;500;0;7;220;0;0
ROCKET;453|568;10610;7678;7677;0;500;500;0;7;220;0;0
ROCKET;454|566;10610;7678;7677;0;500;500;0;7;220;0;0
ROCKET;453|565;10610;7678;7677;0;500;500;0;7;220;0;0
ROCKET;452|565;10610;7678;7677;0;500;500;0;7;220;0;0
ROCKET;452|570;10610;7678;7677;0;500;500;0;7;220;0;0
ROCKET;457|577;10610;7678;7677;0;500;500;0;7;220;0;0
ROCKET;500|587;10610;7678;7677;0;500;500;0;7;220;0;0
ROCKET;500|586;10610;7678;7677;0;500;500;0;7;220;0;0
ROCKET;494|590;10610;7678;7677;0;500;500;0;7;220;0;0
ROCKET;494|588;10610;7678;7677;0;500;500;0;7;220;0;0
ROCKET;468|584;10610;7678;7677;0;500;500;0;7;220;0;0
ROCKET;481|588;10610;7678;7677;0;500;500;0;7;220;0;0
ROCKET;450|573;10610;7678;7677;0;500;500;0;7;220;0;0
ROCKET;464|584;10610;7678;7677;0;500;500;0;7;220;0;0
ROCKET;453|578;10610;7678;7677;0;500;500;0;7;220;0;0
ROCKET;488|593;10610;7678;7677;0;500;500;0;7;220;0;0
ROCKET;472|591;10337;1891;10;0;10000;0;0;0;0;0;0
ROCKET;451|578;10610;7678;7677;0;500;500;0;7;220;0;0
ROCKET;445|576;10610;7678;7677;0;500;500;0;7;220;0;0
ROCKET;470|593;10610;7678;7677;0;500;500;0;7;220;0;0
ROCKET;449|580;10610;7678;7677;0;500;500;0;7;220;0;0
ROCKET;472|592;10610;7678;7677;0;500;500;0;7;220;0;0
ROCKET;481|595;10610;7678;7677;0;500;500;0;7;220;0;0
ROCKET;500|595;10337;8497;8541;0;500;0;0;0;0;1;0
ROCKET;480|595;10610;7678;7677;0;500;500;0;7;220;0;0
ROCKET;446|582;10610;7678;7677;0;500;500;0;7;220;0;0
ROCKET;439|577;10337;7272;7279;0;500;0;0;0;0;1;0
ROCKET;442|577;10610;7678;7677;0;500;500;0;7;220;0;0
ROCKET;466|591;10610;7678;7677;0;500;500;0;7;220;0;0
ROCKET;470|595;10610;7678;7677;0;500;500;0;7;220;0;0
ROCKET;437|579;10610;7678;7677;0;500;500;0;7;220;0;0
ROCKET;437|578;10610;7678;7677;0;500;500;0;7;220;0;0
ROCKET;481|600;10610;7678;7677;0;500;500;0;7;220;0;0
ROCKET;445|589;10610;7678;7677;0;500;500;0;7;220;0;0
ROCKET;483|599;10610;7678;7677;0;500;500;0;7;220;0;0
ROCKET;465|597;10610;7678;7677;0;500;500;0;7;220;0;0
ROCKET;495|602;10610;7678;7677;0;500;500;0;7;220;0;0
ROCKET;475|571;7049;0;0;8487;35;2900;0;775;0;0;0
ROCKET;480|577;10610;7678;7677;0;500;500;0;7;220;0;0
ROCKET;447|591;10610;7678;7677;0;500;500;0;7;220;0;0
ROCKET;445|590;10610;7678;7677;0;500;500;0;7;220;0;0
ROCKET;421|577;10610;7678;7677;0;500;500;0;7;220;0;0
ROCKET;481|609;10610;7678;7677;0;500;500;0;7;220;0;0
ROCKET;440|592;6290;0;0;8842;35;2900;0;883;0;0;0
ROCKET;430|584;10610;7678;7677;0;500;500;0;7;220;0;0
ROCKET;468|603;6254;0;0;5700;35;1404;0;870;0;0;0
ROCKET;433|585;6828;0;0;9701;35;1977;0;876;0;0;0
ROCKET;468|605;1901;0;0;0;0;0;0;0;0;0;0
Serginio;493|598;9902;8592;8692;0;150;0;0;0;7;1;0
Serginio;473|581;9966;7625;8778;0;144;300;371;0;12;0;0
Serginio;486|604;9966;9170;8822;0;222;400;0;0;6;0;1
Serginio;486|605;9951;9073;9002;0;185;400;0;0;6;0;0
Serginio;476|594;9966;10011;9251;0;45;0;0;0;85;0;0
Serginio;460|595;10040;2999;50;6200;169;2000;0;575;9;0;0
Serginio;476|593;9966;7996;9918;0;132;0;440;0;8;0;0
Serginio;476|603;9951;9453;12016;0;121;0;0;0;8;0;0
Serginio;468|597;9951;7095;13255;0;141;6;149;0;4;1;0
Serginio;467|599;10058;9541;9330;0;153;200;0;0;9;0;0
Serginio;476|604;9951;8638;9576;0;142;400;0;0;6;0;0
Serginio;490|595;10002;68;112;10681;9;2300;0;475;0;1;0
Serginio;491|599;9951;9470;11675;0;136;0;0;0;8;0;1
Serginio;490|593;9951;10477;7804;0;87;0;512;0;8;0;0
Serginio;498|604;9966;8545;11067;0;201;0;0;0;7;0;0
Serginio;493|600;10847;11739;7726;0;174;0;18;0;9;0;0
Serginio;495|605;9951;9442;9469;0;106;39;0;0;71;0;3
Serginio;496|601;10936;10245;9646;0;108;0;19;0;112;0;0
Serginio;486|596;10028;9308;7629;0;129;0;559;0;110;0;0
Serginio;488|600;10847;9169;10523;0;135;0;0;0;4;0;0
Serginio;456|580;9951;10952;6856;0;95;0;533;0;6;0;1
Serginio;454|581;10022;9907;7623;0;121;79;334;0;6;0;0
Serginio;450|584;9966;7035;9252;0;107;90;443;0;20;0;0
Serginio;452|586;9945;9642;9790;0;113;109;0;0;5;0;0
Serginio;471|574;10297;7616;3039;0;270;0;774;0;4;0;0
Serginio;473|577;9966;0;0;9100;97;2100;0;572;6;1;0
Serginio;472|573;9966;10110;11649;0;102;0;54;0;2;1;0
Serginio;472|576;10043;10324;7846;0;69;0;724;0;4;1;0
Serginio;474|576;9902;0;0;8920;48;2100;0;600;8;0;1
Serginio;473|576;10303;9507;6652;0;209;0;385;0;8;0;0
Serginio;413|557;9966;9237;9124;0;156;0;240;0;4;0;2
Serginio;421|567;9966;9505;10057;0;146;0;0;23;9;0;1
seme4ka-3;497|560;10388;10016;9662;0;313;0;0;2;16;1;0
seme4ka-3;495|588;10059;9800;4325;0;238;494;699;0;150;0;0
seme4ka-3;499|587;10394;0;0;7608;120;2116;0;365;20;0;0
seme4ka-3;508|580;9888;8340;4064;0;185;683;368;0;161;1;0
seme4ka-3;501|585;10480;0;0;7518;120;2117;0;365;20;0;0
seme4ka-3;503|583;10063;10133;4500;0;179;360;483;0;150;0;0
seme4ka-3;510|578;10257;7528;6861;0;130;323;631;0;97;0;0
seme4ka-3;509|580;10738;0;0;7336;120;2257;0;365;25;0;0
seme4ka-3;506|587;10403;0;0;7689;120;2329;0;365;20;0;0
seme4ka-3;508|587;9927;0;0;8081;80;1777;0;467;15;0;0
seme4ka-3;511|561;10180;6614;6237;0;190;500;626;0;200;0;0
seme4ka-3;511|563;9925;0;0;7231;120;2507;0;365;15;0;4
seme4ka-3;506|559;10321;0;0;8285;120;2307;0;365;15;0;4
seme4ka-3;510|580;9845;0;0;7271;120;2036;0;365;30;0;0
seme4ka-3;530|569;10557;0;0;8348;110;2264;0;365;15;0;0
seme4ka-3;535|569;10201;0;0;6296;60;3000;0;365;15;0;0
seme4ka-3;534|569;9922;0;0;8499;100;2075;0;365;15;0;0
seme4ka-3;510|571;10400;0;0;5624;101;2513;0;500;15;0;0
seme4ka-3;537|570;10387;0;0;7873;100;2249;0;404;15;0;0
seme4ka-3;536|565;9995;0;0;6493;120;2754;0;365;15;0;0
seme4ka-3;535|567;9995;0;0;6604;60;3000;0;365;15;0;0
seme4ka-3;540|561;11550;10320;1;0;1989;0;860;0;35;0;2
seme4ka-3;508|558;10441;9716;4945;0;165;694;129;3;234;1;0
seme4ka-3;513|584;10247;9853;9804;0;340;20;1;3;20;0;0
seme4ka-3;514|590;10257;9160;4500;0;300;431;565;4;150;0;0
seme4ka-3;512|560;10113;0;0;7249;120;2444;0;365;15;0;4
seme4ka-3;509|555;10787;0;0;0;263;0;1428;0;2;0;0
seme4ka-3;514|571;10439;0;0;7723;120;2332;0;365;15;0;4
seme4ka-3;527|567;10257;0;0;7746;100;2248;0;365;20;0;0
seme4ka-3;506|555;10422;0;0;7906;115;2313;0;365;15;0;4
seme4ka-3;504|559;10321;9384;9389;0;495;151;0;0;20;0;0
seme4ka-3;530|520;11342;5328;0;0;33;0;379;0;0;0;4
seme4ka-3;539|529;10866;9756;0;0;123;0;1681;0;35;0;0
seme4ka-3;538|568;10485;0;0;7970;99;2113;0;365;15;0;0
seme4ka-3;419|467;10518;867;0;0;20;0;187;0;35;0;4
seme4ka-3;417|467;10385;0;0;282;20;130;0;23;10;0;3
seme4ka-3;492|470;11653;3060;32;182;70;79;794;0;35;0;0
seme4ka-3;535|589;5681;0;0;10062;120;2085;0;575;15;0;0
seme4ka-3;535|568;10254;0;0;7108;65;2830;0;365;14;0;1
seme4ka-3;537|569;9752;0;0;7714;100;2250;0;365;15;0;2
seme4ka-3;512|584;10339;9858;9854;0;311;20;0;0;20;0;0
seme4ka-3;539|563;11821;0;180;0;328;0;1346;5;0;0;0
seme4ka-3;518|583;10114;9000;4500;0;139;674;490;3;150;0;0
seme4ka-3;497|559;10129;0;0;7166;120;2445;0;365;15;0;4
seme4ka-3;510|573;10281;0;0;7789;120;2137;0;365;15;0;0
seme4ka-3;516|585;10398;0;0;8070;110;2105;0;404;20;0;0
seme4ka-3;507|597;10398;10088;4497;0;185;306;570;5;103;0;0
seme4ka-3;520|596;10349;9501;8887;0;584;21;286;1;20;0;0
seme4ka-3;512|571;10022;0;0;7840;120;2445;0;365;15;0;0
seme4ka-3;509|575;10311;9241;4372;0;152;480;650;0;98;1;0
seme4ka-3;509|581;10223;11119;4524;0;163;289;381;1;149;0;0
seme4ka-3;427|463;10518;1123;0;0;40;0;227;0;35;0;6
seme4ka-3;486|583;10471;5570;2807;0;200;500;704;0;150;0;0
seme4ka-3;485|581;10068;5472;2771;0;200;500;704;0;150;0;0
seme4ka-3;491|584;10495;0;0;7743;120;2401;0;365;15;0;0
seme4ka-3;537|588;10257;10879;8691;0;140;0;80;0;33;0;0
seme4ka-3;515|602;10252;12383;9480;0;126;35;41;2;29;0;0
seme4ka-3;505|603;9737;5300;2634;0;200;500;700;0;150;0;0
seme4ka-3;514|595;10480;10704;8596;0;422;0;0;0;23;0;0
seme4ka-3;476|600;10341;5290;2647;0;200;500;700;0;150;0;0
seme4ka-3;523|603;10394;10308;10610;0;268;95;0;2;30;0;0
seme4ka-3;538|599;10253;9895;9852;0;304;20;0;0;20;0;0
seme4ka-3;542|598;10257;12102;2;0;237;0;1276;0;33;0;0
seme4ka-3;483|604;10596;9842;9415;0;312;71;310;2;17;0;0
seme4ka-3;511|609;9667;9983;9930;0;331;0;0;0;20;0;0
seme4ka-3;522|605;4874;0;0;5369;120;2879;0;433;0;0;0
seme4ka-3;540|604;4592;0;0;6682;120;3000;0;365;0;0;0
seme4ka-3;529|572;10413;9517;9027;0;396;0;195;0;0;0;0
seme4ka-3;495|584;10712;10685;4484;0;195;171;349;0;277;0;0
seme4ka-3;493|582;10712;9910;4269;0;0;500;699;0;150;0;0
seme4ka-3;498|582;10620;12337;4269;0;200;380;313;0;149;0;0
seme4ka-3;509|571;10311;9113;4500;0;162;479;645;0;101;0;0
seme4ka-3;513|595;6050;0;0;7209;120;2364;0;460;0;0;0
seme4ka-3;517|591;10247;9848;9750;0;410;0;0;4;20;0;0
seme4ka-3;511|572;7717;0;0;8732;120;2445;0;365;15;0;4
seme4ka-3;541|597;10257;9730;9700;0;500;0;0;0;20;0;0
seme4ka-3;516|583;10247;9512;4500;0;128;440;618;1;107;0;0
seme4ka-3;513|596;10253;11046;4500;0;33;757;60;0;199;0;0
seme4ka-3;536|566;10160;0;13;7307;120;2665;3;365;70;0;0
seme4ka-3;521|546;11595;0;0;0;0;0;619;0;5;0;0
seme4ka-3;527|570;10449;9740;9862;0;369;0;5;0;16;0;0
seme4ka-3;536|562;9995;0;1;6707;60;2868;0;365;18;0;4
seme4ka-3;545|588;10062;12009;1392;0;195;0;1097;0;33;0;0
seme4ka-3;530|597;10321;9355;4372;0;50;500;583;0;149;1;0
seme4ka-3;461|598;10257;10926;5150;0;300;325;423;0;130;0;0
seme4ka-3;533|572;10257;12075;0;0;571;0;1169;0;35;0;0
seme4ka-3;528|570;9845;9595;9014;0;374;0;177;3;17;1;0
seme4ka-3;537|567;10129;0;0;6075;60;2903;0;365;70;0;4
seme4ka-3;447|462;10481;0;0;2833;77;1499;0;324;15;0;3
seme4ka-3;449|458;10148;0;0;2207;52;881;0;231;15;1;2
seme4ka-3;449|456;10560;2678;0;0;60;0;548;0;35;0;0
seme4ka-3;448|462;10148;2596;0;0;59;0;633;0;35;0;1
seme4ka-3;445|462;11574;2838;0;0;56;0;595;0;35;0;4
seme4ka-3;448|459;9652;2794;0;0;56;0;552;0;35;1;1
seme4ka-3;544|557;10083;0;0;1094;827;545;0;263;15;0;0
seme4ka-3;518|575;10398;0;0;7345;100;2171;0;365;15;0;4
Sergej Kuts;526|531;10434;2996;0;4679;100;2433;0;205;0;1;0
Sergej Kuts;467|539;8385;0;0;8297;200;2500;0;205;0;1;4
Sergej Kuts;469|537;9568;0;0;8344;200;2500;0;205;0;0;4
Sergej Kuts;477|543;9030;0;0;8475;169;2400;0;205;0;1;4
Sergej Kuts;471|535;9250;8593;8576;2090;191;0;0;7;0;1;4
Sergej Kuts;472|537;6622;0;0;5495;93;1000;0;160;0;1;4
Sergej Kuts;466|538;8712;0;0;8364;200;2500;0;205;0;0;4
Sergej Kuts;472|541;8130;8669;8680;2051;222;0;0;7;0;1;4
Sergej Kuts;467|546;10237;0;0;6539;200;2600;0;570;0;0;4
Sergej Kuts;475|537;8802;0;0;4980;100;1773;0;32;0;0;2
Sergej Kuts;467|538;8670;9972;9740;1935;351;0;0;7;0;0;4
Sergej Kuts;415|562;7855;9722;9709;223;403;10;0;4;0;0;0
Sergej Kuts;484|582;8757;8453;8102;2009;385;100;0;4;0;0;3
Sergej Kuts;471|593;9551;9306;9283;2982;136;0;0;4;0;0;0
Sergej Kuts;501|610;4403;10350;10319;80;1097;0;0;32;0;0;0
Sergej Kuts;422|473;10217;0;0;7241;200;2400;0;600;0;0;0
Sergej Kuts;421|472;10220;0;0;7240;200;2400;0;600;0;0;0
Sergej Kuts;437|460;10583;0;0;3854;175;1945;0;336;0;0;0
Sergej Kuts;435|461;9902;3394;3404;0;6051;0;0;10;0;1;0
Sergej Kuts;433|459;9464;4438;4420;0;1000;0;0;10;0;1;0
Sergej Kuts;427|474;9667;0;0;8512;200;2400;0;469;0;0;0
Sergej Kuts;428|473;9966;5683;5669;65;1000;32;0;10;0;1;0
Sergej Kuts;418|477;10217;0;0;7241;200;2400;0;600;0;0;0
Sergej Kuts;436|459;9665;0;0;7023;200;2400;0;600;0;0;0
Sergej Kuts;420|472;10218;5213;5207;0;1000;0;0;10;0;0;0
Sergej Kuts;419|471;10221;4469;4473;0;1000;0;0;10;0;0;0
Sergej Kuts;422|462;9474;0;0;7477;170;2400;0;700;0;0;0
Sergej Kuts;415|473;9849;0;0;7727;200;2400;0;600;0;0;0
Sergej Kuts;412|486;9902;5611;5599;0;1000;0;0;10;0;0;0
Sergej Kuts;412|483;9849;0;0;7727;200;2400;0;600;0;0;0
Sergej Kuts;407|485;9902;0;0;7570;200;2400;0;600;0;0;0
Sergej Kuts;419|476;10761;0;0;7108;200;2400;0;600;0;0;0
Sergej Kuts;403|486;9902;4398;4412;0;3000;0;0;10;0;0;0
Sergej Kuts;411|483;10582;4433;4426;0;3000;0;0;10;0;0;0
Sergej Kuts;407|549;5298;10864;10875;0;400;0;0;10;0;0;0
Sergej Kuts;425|499;10610;0;0;7150;200;2400;0;600;0;0;0
Sergej Kuts;416|536;10743;0;0;8495;200;2500;0;205;0;0;4
Sergej Kuts;459|555;9320;8333;8253;2019;503;0;0;5;0;0;4
Sergej Kuts;457|553;9509;9170;9181;2787;239;0;0;8;0;0;4
Sergej Kuts;456|554;8719;9911;8822;2022;232;0;0;4;0;0;4
Sergej Kuts;458|554;7790;8060;8098;2193;299;26;0;7;0;0;0
Sergej Kuts;449|567;9870;5397;5368;2069;368;0;0;4;0;0;4
Sergej Kuts;438|563;9908;10225;10210;0;718;0;0;4;0;0;0
Sergej Kuts;424|551;10119;10391;10344;0;473;0;0;4;0;0;0
Sergej Kuts;470|589;8438;7423;5989;0;434;0;0;5;0;0;0
Sergej Kuts;439|580;9671;9490;9320;80;196;0;0;4;0;0;0
Sergej Kuts;408|551;7126;10532;10540;0;145;0;0;4;0;0;0
Sergej Kuts;405|552;9327;783;747;5894;200;2400;0;600;0;0;0
Sergej Kuts;407|555;3503;9121;9151;0;2198;0;0;80;0;0;0
Sergej Kuts;478|606;5837;10937;10930;0;250;4;0;4;0;0;0
Sergej Kuts;415|567;7583;0;0;8665;100;2400;0;600;0;0;0
Sergej Kuts;444|592;4407;0;0;9000;200;2600;0;700;0;0;0
Sergej Kuts;475|607;4116;3424;3400;0;0;0;0;0;0;0;0
Sergej Kuts;389|489;752;200;191;0;0;0;0;0;0;0;0
Sergej Kuts;500|598;4418;0;0;11335;131;2220;0;1004;0;0;0
Sergej Kuts;495|596;7639;0;0;8422;200;2400;0;600;0;0;0
Sergej Kuts;413|482;9861;4307;4315;0;1000;0;0;10;0;0;0
Sergej Kuts;447|535;10229;9377;9170;1584;217;0;0;4;0;0;4
Sergej Kuts;446|537;9746;0;0;8193;188;2198;0;600;0;0;4
Sergej Kuts;438|463;10428;0;0;7699;200;2384;0;560;0;0;0
Sergej Kuts;433|465;9976;4284;4301;0;2015;35;0;10;0;0;0
Sergej Kuts;430|473;10172;0;0;6903;200;2559;0;599;0;0;0
Sergej Kuts;421|499;9296;0;0;6515;200;2440;0;509;0;0;0
Sergej Kuts;422|499;9334;0;0;7118;200;2600;0;563;0;0;0
Sergej Kuts;439|463;10428;0;0;6635;200;2600;0;600;0;0;0
Sergej Kuts;479|581;9555;0;0;6797;200;2600;0;600;0;0;2
Sergej Kuts;457|571;9509;9594;9636;0;480;0;0;4;0;0;0
Sergej Kuts;421|539;9723;10105;10133;21;681;3;0;4;0;0;0
Sergej Kuts;480|583;9782;10338;9767;1047;190;0;0;4;0;0;3
Sergej Kuts;414|481;10172;0;0;6564;200;2600;0;600;0;0;0
Sergej Kuts;413|481;10172;0;0;6564;200;2600;0;600;0;0;0
Sergej Kuts;442|569;9403;9978;8660;0;786;0;0;5;0;0;0
Sergej Kuts;450|572;9647;10674;10716;50;151;10;0;2;0;0;0
Sergej Kuts;461|582;10092;9848;8347;1085;744;0;0;4;0;0;0
Sergej Kuts;411|475;10172;3550;3550;0;1000;0;0;10;0;0;0
Sergej Kuts;412|485;9486;0;0;7700;200;2580;0;600;0;0;0
Sergej Kuts;411|485;9502;0;0;6886;200;2600;0;600;0;0;0
Sergej Kuts;446|575;9561;10406;10368;0;257;18;0;3;0;0;0
Sergej Kuts;413|535;9583;10664;10655;0;272;0;0;3;0;0;0
Sergej Kuts;491|593;4461;0;0;9695;200;2400;0;704;0;0;0
Sergej Kuts;491|596;4428;0;0;9626;200;2400;0;704;0;0;0
Sergej Kuts;452|581;9725;9843;9469;1290;280;49;0;3;0;0;0
Sergej Kuts;465|590;8966;10130;10080;91;229;0;0;7;0;0;0
Sergej Kuts;482|596;6985;10902;10869;0;327;0;0;3;0;0;0
Sergej Kuts;434|572;6980;11048;11174;0;315;0;0;12;0;0;0
Sergej Kuts;461|592;4512;0;0;9794;200;2400;0;704;0;0;0
Sergej Kuts;421|560;7619;10215;10226;0;211;0;0;6;0;0;0
Sergej Kuts;467|593;7823;10939;10860;0;164;0;0;4;0;0;0
Sergej Kuts;486|592;6276;10393;10365;0;623;0;0;4;0;0;0
Sergej Kuts;490|596;6465;9750;9777;0;552;0;0;4;0;0;0
Sergej Kuts;459|592;6402;9521;9520;0;436;0;0;6;0;0;0
Sergej Kuts;433|577;7645;8542;10429;0;224;0;0;14;0;0;0
Sergej Kuts;458|589;7690;10390;10428;0;247;0;0;4;0;0;0
Sergej Kuts;413|549;7247;9765;9820;0;790;0;0;4;0;0;0
Sergej Kuts;466|597;7344;10339;10287;0;297;0;0;3;0;0;0
Sergej Kuts;410|547;7416;10153;10130;0;441;0;0;2;0;0;0
Sergej Kuts;424|569;7183;10743;10663;0;100;0;0;4;0;1;3
Sergej Kuts;490|605;6457;10729;10666;0;316;0;0;5;0;0;0
Sergej Kuts;410|550;3580;11311;11305;0;200;0;0;22;0;0;0
Sergej Kuts;418|563;5985;0;0;8876;180;2390;0;704;0;0;0
Sergej Kuts;442|590;5704;10774;10762;0;400;0;0;4;0;0;0
Sergej Kuts;412|557;3302;11391;11355;0;236;0;0;66;0;0;0
Sergej Kuts;399|540;4179;10997;10965;0;400;0;0;22;0;0;0
Sergej Kuts;493|606;4249;0;0;9625;200;2400;0;704;0;0;0
Sergej Kuts;409|555;4472;0;0;9598;200;2400;0;669;0;0;0
Sergej Kuts;443|590;4408;0;0;9821;200;2400;0;696;0;0;0
Sergej Kuts;466|604;3436;9013;8998;0;2565;0;0;59;0;0;0
Sergej Kuts;394|529;5600;0;0;8087;200;2400;0;600;0;0;0
Sergej Kuts;511|608;4485;0;0;8256;200;2400;0;704;0;0;0
Sergej Kuts;429|582;4533;0;0;9347;200;2400;0;704;0;0;0
Sergej Kuts;447|594;4242;0;0;9859;200;2400;0;704;0;0;0
Sergej Kuts;407|553;4023;10500;10138;0;1010;60;0;60;0;0;0
Sergej Kuts;470|602;5446;9041;9014;0;1918;0;0;121;0;0;0
Sergej Kuts;504|609;4496;0;0;9211;150;2600;0;668;0;0;0
Sergej Kuts;438|591;3803;0;0;9054;200;2600;0;659;0;0;0
Sergej Kuts;429|586;7092;2365;2377;0;1332;0;0;100;0;0;0
Sergej Kuts;513|609;1054;400;368;0;633;0;0;0;0;0;0
Sergej Kuts;392|509;6030;6456;6446;0;2328;0;0;170;0;0;0
Sergej Kuts;433|590;4538;0;0;9789;200;2400;0;704;0;0;0
Sergej Kuts;391|509;4924;0;0;10950;143;1750;0;704;0;0;0
Sergej Kuts;483|611;4601;5631;5631;0;1000;0;0;10;0;0;0
Sergej Kuts;420|579;4623;2811;2815;0;1310;0;0;60;0;0;0
Sergej Kuts;515|611;1270;0;0;508;50;0;0;0;0;0;0
Sergej Kuts;420|573;3892;2054;2067;0;1000;0;0;10;0;0;0
Sergej Kuts;445|592;5089;4139;4450;0;1000;0;0;10;0;0;0
Sergej Kuts;442|591;3854;0;0;10000;80;2000;0;1000;0;0;0
Sergej Kuts;460|588;4564;0;0;10030;200;2499;0;1004;0;0;0
Sergej Kuts;461|587;4471;0;0;8999;200;2600;0;704;0;0;0
Sergej Kuts;429|575;4580;0;0;10299;180;2680;0;807;0;0;0
Sergej Kuts;471|604;4658;0;0;9107;200;2500;0;704;0;0;0
Sergej Kuts;420|571;920;0;0;239;0;0;0;0;0;0;0
Sergej Kuts;392|513;4618;10878;10887;0;600;0;0;10;0;0;0
Sergej Kuts;448|575;9752;8574;8610;1109;169;0;0;3;0;0;0
Sergej Kuts;439|591;4526;0;0;10822;192;2900;0;1004;0;0;0
Sergej Kuts;416|563;5800;10827;10818;0;200;0;0;4;0;0;0
Sergej Kuts;398|536;4533;0;0;9619;200;2400;0;704;0;0;0
Sergej Kuts;460|586;5414;0;0;9204;176;2400;0;703;0;0;0
SneeK;412|548;11286;0;0;9601;0;2404;0;526;0;1;0
SneeK;411|547;11281;0;0;10215;0;2188;0;670;0;1;0
SneeK;410|543;11281;7000;7611;0;0;0;0;0;0;1;0
SneeK;408|546;11286;7652;7109;0;427;256;425;0;85;1;3
SneeK;405|542;10619;8014;7392;0;408;277;406;0;92;1;0
Tjapik;495|526;11301;0;2;2474;73;1100;0;234;7;0;4
Tjapik;526|519;11301;0;2;3171;193;1631;0;157;10;0;4
Tjapik;541|528;9959;66;2;7557;25;2500;0;400;10;0;5
Tjapik;534|533;9959;221;2;8404;0;2097;0;600;10;0;4
Tjapik;542|529;10891;5998;5961;0;300;0;0;0;20;1;0
Tjapik;504|555;11301;4138;4154;0;300;0;0;0;7;0;0
Tjapik;501|563;9959;0;2;5772;25;3416;0;550;10;0;4
Tjapik;501|564;9959;9856;9824;0;300;0;0;0;20;1;0
Tjapik;502|562;9959;9024;9017;0;290;341;0;0;20;1;0
Tjapik;506|564;9959;0;2;7623;25;2500;0;400;10;0;4
Tjapik;542|540;9959;457;2;8013;25;2058;0;600;10;0;4
Tjapik;496|565;9959;0;2;7623;25;2500;0;400;10;0;4
Tjapik;543|530;9959;607;2;7546;25;2195;115;400;10;0;4
Tjapik;507|567;9959;8273;8526;0;1464;33;100;0;12;0;0
Tjapik;497|567;9959;0;2;7623;25;2500;0;400;10;0;4
Tjapik;496|566;9959;678;892;6501;25;2370;0;402;18;0;4
Tjapik;529|563;11301;3989;4019;0;240;0;0;0;20;0;3
Tjapik;498|569;9959;0;2;7625;25;2497;0;402;10;0;4
Tjapik;491|571;9959;9696;10367;0;75;0;0;0;12;1;0
Tjapik;506|570;9959;0;2;7623;25;2500;0;400;10;0;4
Tjapik;506|571;9959;10648;10646;0;150;0;0;0;20;0;0
Tjapik;498|570;9959;10050;10045;0;150;0;0;0;20;0;0
Tjapik;493|573;9959;0;2;7623;25;2500;0;400;10;0;4
Tjapik;506|574;9959;10000;9995;0;200;0;0;0;20;0;0
Tjapik;491|572;9959;8913;11152;0;104;0;0;0;19;1;0
Tjapik;493|576;9959;10050;10045;0;150;0;0;0;20;0;0
Tjapik;494|575;9959;0;2;6363;25;2814;0;400;10;0;4
Tjapik;501|577;9959;11015;11000;0;150;0;0;0;20;0;0
Tjapik;490|575;9959;0;2;7623;25;2500;0;400;10;0;4
Tjapik;505|576;9959;0;2;7623;25;2500;0;400;10;0;4
Tjapik;514|576;9959;10900;10874;0;150;0;0;0;20;0;0
Tjapik;505|579;9959;8207;8161;0;300;105;0;0;20;0;0
Tjapik;491|579;9959;10899;10873;0;150;0;0;0;20;0;0
Tjapik;491|578;9959;0;2;8623;25;2000;0;600;10;0;4
Tjapik;492|577;9959;0;2;7623;25;2500;0;400;10;0;4
Tjapik;500|577;9959;0;2;7623;25;2500;0;400;10;0;4
Tjapik;508|577;9959;9861;9877;0;300;20;0;0;16;0;0
Tjapik;492|579;9959;0;2;8657;25;2719;0;496;10;1;4
Tjapik;515|578;9959;0;2;7623;25;2500;0;400;10;0;4
Tjapik;497|581;9959;0;2;7623;25;2500;0;400;10;0;4
Tjapik;503|579;9959;9982;9949;0;300;206;0;0;20;0;0
Tjapik;500|581;9959;9501;9464;0;300;0;0;0;20;0;0
Tjapik;493|580;9959;10392;10473;0;290;0;0;0;20;0;0
Tjapik;513|581;9959;0;2;7957;25;2436;0;386;9;0;4
Tjapik;522|577;9959;8930;8923;0;300;0;0;0;0;0;0
Tjapik;514|580;9959;0;2;6648;25;2500;0;595;10;0;4
Tjapik;490|579;9959;10702;10757;0;297;0;0;0;15;0;0
Tjapik;512|580;9959;9912;9891;0;300;0;0;0;19;0;0
Tjapik;489|580;9959;0;2;7628;25;2500;0;419;10;0;3
Tjapik;512|582;9959;0;2;9000;25;1914;0;593;10;1;4
Tjapik;501|581;9959;9986;10000;0;300;13;0;0;13;0;0
Tjapik;503|582;9959;0;2;9051;25;2150;0;404;10;0;4
Tjapik;514|581;9959;0;2;7723;25;2500;0;400;10;0;3
Tjapik;511|583;9959;9995;10034;0;300;0;0;0;17;0;0
Tjapik;500|582;9959;10666;10615;0;300;0;0;0;16;0;0
Tjapik;499|583;9959;10398;10389;0;296;0;0;0;17;0;0
Tjapik;491|585;9959;0;2;7281;171;2500;0;450;10;0;2
Tjapik;495|587;9959;0;2;7423;25;2500;0;440;10;0;4
Tjapik;494|585;9959;0;2;8867;25;1964;0;600;10;0;4
Tjapik;497|591;9959;10638;10633;0;162;0;0;0;20;0;0
Tjapik;492|589;9959;10000;10416;0;379;0;0;0;20;0;0
Tjapik;512|575;9959;10293;10241;0;290;0;0;0;20;0;0
Wogd;464|552;10559;0;0;7013;1;2975;0;310;0;1;0
Wogd;465|549;10559;0;0;6541;1;3008;0;300;0;0;4
Wogd;462|547;10495;0;0;7064;1;2929;0;350;0;1;0
Wogd;460|560;10559;0;0;11067;1;1974;0;302;0;0;0
Wogd;458|558;10559;0;0;6731;1;3048;0;310;0;0;0
Wogd;460|569;10375;0;0;6602;1;3040;0;350;0;0;0
Wogd;456|569;10559;0;0;6651;1;3018;0;350;0;0;0
Wogd;453|561;9975;0;0;6751;1;3078;0;320;0;0;0
Wogd;454|562;9985;0;0;10455;1;2126;0;340;0;0;0
Wogd;453|563;9975;0;0;9188;1;2470;0;319;0;0;0
Wogd;452|563;9975;0;0;7407;1;2939;0;300;0;0;0
Wogd;451|562;9975;0;0;10003;1;2290;0;300;0;0;0
Wogd;450|563;9975;0;0;7955;1;1723;0;300;0;0;0
Wogd;429|543;10375;0;0;7331;1;1809;0;300;0;0;0
Wogd;487|602;11348;0;0;7184;1;1792;0;350;0;0;0
Wogd;488|604;11074;0;0;11098;1;1844;0;383;0;0;0
Wogd;494|605;11074;0;0;7650;1;2686;0;300;0;0;0
Wogd;496|593;11074;0;0;7315;2;2729;0;300;0;0;0
Wogd;500|599;11074;0;0;7353;1;2722;0;300;0;0;0
Wogd;500|605;11074;0;0;7320;1;2725;0;300;0;0;0
Wogd;505|597;10311;0;0;6271;1;3150;0;300;0;0;0
Wogd;507|603;10153;0;0;7574;1;2838;0;309;0;0;0
Wogd;508|603;10290;0;0;7125;1;2990;0;300;0;0;0
Wogd;515|599;10495;0;0;7842;5;2900;0;698;0;0;0
Wogd;524|593;10375;0;0;7412;1;2900;0;300;0;0;0
Wogd;535|593;10311;0;0;7527;1;2875;0;300;0;0;0
Wogd;542|594;10237;0;0;7197;1;2975;0;300;0;0;0
Wogd;547|593;10304;0;0;9255;1;2500;0;300;0;0;0
Wogd;550|598;10167;0;0;8663;1;2624;0;300;0;0;0
Wogd;558|589;10429;0;0;7002;1;2987;0;310;0;0;0
Wogd;477|537;10311;0;0;9012;1;1668;0;329;0;0;0
Wogd;500|550;10375;0;0;6752;1;3065;0;300;0;0;0
Wogd;510|568;10495;0;0;6940;1;3025;0;300;0;0;0
Wogd;547|575;10654;0;0;5212;0;3216;0;256;0;0;0
Wogd;548|574;6667;0;0;7618;0;3011;0;250;0;0;0
Wogd;550|576;11074;0;0;5747;1;3267;0;305;0;0;0
Wogd;551|576;10406;0;0;5853;1;3301;0;300;0;0;0
Wogd;556|575;10311;0;0;6713;1;3029;0;350;0;0;0
Wogd;554|573;6483;0;0;7688;1;3304;0;342;0;0;0
Wogd;559|576;7666;0;0;5646;1;3607;0;316;0;0;0
Wogd;559|571;7246;0;0;7706;0;3300;0;308;0;0;0
Wogd;547|570;8079;0;0;5399;1;3468;0;259;0;0;0
Wogd;547|572;7687;0;0;7122;0;2874;0;230;0;0;0
Wogd;478|538;11707;97;0;5001;1;671;58;166;0;0;0
Wogd;500|530;13496;0;0;4133;1;900;20;10;0;0;3
Wogd;502|534;7310;0;0;6767;1;3420;0;317;0;0;4
Wogd;503|534;6409;0;0;6500;1;3483;0;360;0;0;4
Wogd;507|534;7061;0;0;6586;1;3500;0;380;0;0;0
Wogd;508|534;10311;0;0;6838;1;1845;0;400;0;0;2
Wogd;508|533;10273;0;0;6838;1;2630;0;400;0;0;0
Wogd;507|532;10237;0;0;6041;1;3114;0;400;0;0;1
Wogd;507|530;10311;0;0;5983;1;3274;0;300;0;0;0
Wogd;496|524;6641;0;0;6103;1;3520;0;400;0;0;4
Wogd;522|530;10479;0;0;6456;1;3137;0;228;0;0;4
Wogd;524|526;10469;0;0;6410;0;3160;0;300;0;0;0
Wogd;526|522;6991;0;0;6471;1;3508;0;400;0;0;0
Wogd;537|536;10478;0;0;7408;18;1723;0;300;0;0;4
Wogd;507|537;10237;0;0;6307;1;3185;0;310;0;0;0
Wogd;507|539;10237;0;0;6304;1;3177;0;317;0;0;0
Wogd;504|534;10237;0;0;6123;1;3106;0;350;0;0;3
Wogd;521|529;9984;0;0;5144;1;2819;0;350;0;0;3
Wogd;524|524;11911;0;0;5751;1;3148;0;340;0;0;0
Wogd;516|519;9783;0;0;6040;1;3292;0;300;0;0;0
Wogd;518|509;11681;0;0;3000;385;1200;0;0;0;0;4
Wogd;506|534;10757;0;0;6182;20;3018;0;400;0;0;0
Wogd;506|535;10523;0;0;6747;1;3026;0;299;0;0;0
Wogd;531|558;11717;3282;3214;806;0;300;0;1;0;0;4
Wogd;560|568;11901;904;4363;901;1;661;9;0;0;0;0
Wogd;544|576;10301;10000;8252;0;30;0;370;0;0;0;0
Wogd;549|576;10559;10425;5118;0;126;0;860;0;0;0;0
Wogd;553|576;10301;10252;8442;0;22;0;499;0;0;0;0
Wogd;554|575;10301;9987;9939;0;3;0;300;0;0;0;0
Wogd;555|577;10375;10000;10416;0;4;0;15;0;0;0;0
Wogd;556|578;10944;10057;10225;0;30;0;16;0;0;0;0
Wogd;562|573;9662;10000;10222;0;32;0;93;0;0;0;0
Wogd;547|580;10323;10637;7135;0;0;0;579;0;0;0;0
Wogd;549|580;10301;10810;8792;0;15;0;310;0;0;0;0
Wogd;551|581;9854;10200;10240;0;33;0;287;0;0;0;0
Wogd;553|583;10301;11198;5182;0;138;0;886;0;0;0;0
Wogd;555|585;10361;9781;8183;0;77;0;590;0;0;0;0
Wogd;549|582;10301;9976;9476;0;54;0;362;0;0;0;0
Wogd;549|583;10337;9999;8874;0;42;0;261;0;0;0;0
Wogd;550|585;10301;10209;11315;0;99;0;0;0;0;1;0
Wogd;548|586;10378;10000;8429;0;40;0;324;0;0;0;0
Wogd;557|580;10223;10067;6862;0;94;0;661;0;0;0;0
Wogd;560|578;11420;9999;9691;0;31;0;98;0;0;0;0
Wogd;560|571;10301;10003;9737;0;6;0;250;0;0;0;0
Wogd;463|549;10311;10998;11493;0;0;0;0;0;0;0;0
Wogd;472|540;10429;11042;9850;0;45;0;0;0;0;0;0
Wogd;476|538;10311;10414;4827;0;0;0;970;0;0;0;0
Wogd;477|540;10301;10000;7040;0;0;0;662;0;0;0;0
Wogd;512|566;10495;10500;11202;0;15;0;0;0;0;1;0
Wogd;518|574;10301;11520;9750;0;1;0;75;0;0;1;0
Wogd;527|580;10375;10677;7491;0;81;0;444;0;0;0;0
Wogd;505|589;10337;10600;10643;0;0;0;0;0;0;0;0
Wogd;503|601;10301;10002;10582;0;40;0;178;0;0;0;0
Wogd;516|604;10301;9999;10485;0;0;0;208;0;0;0;0
Wogd;524|597;10301;10002;12210;0;0;0;0;0;0;0;0
Wogd;543|594;10452;9998;6757;0;100;0;700;0;0;0;0
Wogd;549|594;10220;10000;9122;0;0;0;487;0;0;0;0
Wogd;553|590;10301;9999;7387;0;58;0;585;0;0;0;0
Wogd;555|589;10429;10000;9184;0;65;0;318;0;0;0;0
Wogd;557|589;11391;10000;8420;0;61;0;381;0;0;0;0
Wogd;557|588;10559;10000;8461;0;5;0;534;0;0;0;0
Wogd;551|598;4831;2732;2500;0;100;0;0;0;0;0;0
Wogd;521|528;10484;10000;3593;0;108;0;1121;0;0;1;0
Wogd;504|532;10237;9000;4000;0;0;0;841;0;0;1;0
Wogd;508|531;10237;10286;682;0;0;0;1500;0;0;1;0
Wogd;463|553;10311;10595;11426;0;0;0;0;0;0;0;0
Wogd;462|551;10495;11002;11210;0;5;0;0;0;0;0;0
Wogd;463|558;10495;9895;10647;0;0;0;0;0;0;0;0
Wogd;462|558;10375;10998;11154;0;21;0;0;0;0;0;0
Wogd;461|558;10375;11065;11093;0;18;0;0;0;0;0;0
Wogd;460|559;10311;10947;11004;0;35;0;0;0;0;0;0
Wogd;459|556;10375;10896;11238;0;30;0;0;0;0;0;0
Wogd;459|560;10311;10731;11468;0;31;0;0;0;0;0;0
Wogd;458|560;10311;10437;11806;0;9;0;0;0;0;0;0
Wogd;462|566;10375;10773;11411;0;5;0;0;0;0;0;0
Wogd;461|568;10375;10766;11418;0;5;0;0;0;0;0;0
Wogd;444|571;10375;11002;11192;0;0;0;0;0;0;0;0
Wogd;451|571;10311;11061;11110;0;45;0;0;0;0;0;0
Wogd;435|550;10311;11002;11207;0;0;0;0;0;0;0;0
Wogd;474|569;10375;10967;11123;0;52;0;0;0;0;0;0
Wogd;477|570;10375;11027;11075;0;46;0;0;0;0;0;0
Wogd;471|581;10544;11036;11043;0;92;0;0;0;0;0;0
Wogd;476|582;10452;11037;11078;0;0;0;0;0;0;0;0
Wogd;460|590;10301;11104;11338;0;5;0;0;0;0;0;0
Wogd;458|587;10025;11087;10990;0;5;0;0;0;0;0;0
Wogd;443|583;10361;11000;11618;0;0;0;0;0;0;0;0
Wogd;426|558;10880;10830;10763;0;124;0;0;0;0;0;0
Wogd;404|534;10301;10922;11000;0;0;0;0;0;0;0;0
Wogd;401|500;10367;10914;11222;0;0;0;0;0;0;0;0
Wogd;441|586;10378;10893;11000;0;0;0;0;0;0;0;0
Wogd;438|481;10636;0;0;6650;1;3000;0;300;0;0;0
Wogd;437|481;10147;0;0;6302;1;3139;0;300;0;0;0
Wogd;436|481;10224;0;0;6739;1;3025;0;300;0;0;0
Wogd;436|480;10153;9668;2763;400;20;541;799;0;0;0;0
Wogd;441|481;10767;7260;1318;0;5;0;1419;0;0;0;0
Wogd;434|480;10114;1912;98;0;100;0;411;0;0;0;0
Wogd;435|485;10157;9040;999;0;0;0;1264;0;0;0;0
Wogd;426|478;10400;8670;1197;0;200;0;1351;0;0;0;0
Wogd;459|471;9744;4000;0;4613;300;2402;0;300;0;0;4
Wogd;452|441;9831;1734;364;4365;35;1988;365;290;25;0;0
Wogd;449|445;9966;3000;106;4001;100;2047;603;300;0;0;0
Wogd;430|498;10610;7861;1999;0;180;0;696;0;0;0;0
Wogd;429|498;10610;8017;1678;0;15;0;828;0;0;0;0
Wogd;430|499;10610;9984;2196;0;197;0;1131;0;0;0;0
Wogd;565|515;11579;1200;360;2900;66;1000;0;0;0;0;4
Wogd;569|518;10237;9846;2024;200;107;10;1157;9;0;1;4
Wogd;572|520;10237;9848;2712;0;85;0;1157;0;0;0;0
Wogd;571|515;10301;8060;1628;0;0;0;1389;0;0;1;4
Wogd;572|516;6934;0;0;6817;1;3395;0;371;0;0;0
Wogd;571|520;6691;2;0;8819;1;2700;0;450;0;0;4
Wogd;573|520;6768;0;0;6924;0;3325;0;340;0;0;2
Wogd;573|519;6676;0;0;6959;1;3220;0;416;0;0;4
Wogd;562|515;6691;0;0;6935;1;3334;0;400;0;0;0
Wogd;561|512;6676;0;0;7011;0;3325;0;320;0;0;4
XroM;396|498;9855;5917;5459;0;300;567;188;0;40;0;5
XroM;435|493;10237;6355;4070;5;288;359;107;0;40;0;4
XroM;459|551;9479;9798;9703;4;521;215;0;1;0;0;0
XroM;459|542;9735;9748;10002;5;181;0;62;10;0;0;0
XroM;489|482;10636;6202;4458;0;386;557;326;0;23;1;4
XroM;456|578;10535;9730;9707;4;422;0;2;4;0;0;0
XroM;461|588;9458;9634;9729;4;638;0;0;8;0;0;0
XroM;444|561;9594;10261;10242;0;436;0;0;6;0;0;0
XroM;480|575;4323;0;0;13959;13;1945;0;1111;0;1;0
XroM;473|541;6656;244;33;5050;150;1228;1481;323;0;0;4
XroM;490|481;10323;26;0;9498;144;1621;0;766;0;0;4
XroM;491|481;10452;5301;4395;5;300;252;267;0;23;1;4
XroM;414|506;9778;8812;8909;4;593;245;187;0;0;0;4
XroM;461|497;11579;0;0;0;1001;0;973;0;40;0;0
XroM;437|580;9175;10305;10407;0;149;0;0;0;0;0;0
XroM;496|597;9366;9289;9575;3;458;216;0;21;0;0;0
XroM;393|491;1853;600;378;0;0;0;0;0;0;0;0
XroM;441|590;7456;7971;7453;5;200;0;0;0;0;0;0
XroM;435|488;9855;5294;5077;0;240;0;848;0;24;0;0
XroM;460|540;9654;9502;9144;2;366;236;0;17;19;0;0
XroM;408|528;9458;9767;9493;0;418;342;0;2;0;0;0
XroM;463|592;9366;9847;9955;0;281;68;0;8;0;0;0
XroM;452|554;9556;9925;9973;2;348;0;1;23;0;0;0
XroM;444|569;10559;9228;9154;5;234;391;0;5;0;0;5
XroM;414|512;9453;9788;8733;10;308;273;0;4;0;0;4
XroM;502|589;9410;10319;9868;3;550;0;0;0;0;0;0
XroM;438|593;9876;7664;7659;5;198;0;0;0;617;0;0
XroM;406|516;9345;10118;10233;5;343;0;0;16;0;0;0
XroM;486|595;9303;10244;10260;9;403;101;0;10;0;0;0
XroM;494|480;9902;4198;2862;0;500;502;440;0;31;1;3
XroM;489|483;10862;3561;3429;5;496;72;54;0;25;0;2
XroM;436|486;10378;4640;5689;2;105;0;239;0;26;0;4
XroM;436|494;10237;6619;6212;5;288;0;203;0;40;0;0
XroM;447|495;10311;4789;4147;0;235;0;352;0;0;0;0
XroM;455|567;10559;9185;9100;3;356;382;25;5;0;0;3
XroM;455|546;9556;8801;9099;3;249;599;0;12;0;0;4
XroM;440|584;9166;10113;10426;4;45;29;0;13;0;0;2
XroM;452|561;9627;10019;10095;5;518;0;0;8;0;0;0
XroM;440|486;10316;4647;4411;5;411;0;384;0;40;0;5
XroM;439|483;10280;4666;4468;5;440;356;188;0;40;0;4
XroM;496|541;10949;0;0;366;0;1858;186;49;0;0;4
XroM;416|522;9453;8557;8674;10;473;539;0;6;0;0;4
XroM;454|552;9556;10235;10295;4;344;0;0;3;0;0;0
XroM;430|551;9938;9558;9934;5;934;0;0;3;0;0;0
XroM;436|563;9594;9570;9891;5;585;0;85;4;0;0;0
XroM;479|574;9586;10018;9678;5;557;0;0;5;19;0;0
XroM;436|487;10630;5335;5561;0;365;0;684;0;40;0;0
XroM;416|501;9620;8234;8161;1;415;702;73;0;0;0;4
XroM;450|551;9707;0;0;11335;8;1665;0;462;0;0;4
XroM;444|490;10400;5292;4976;0;330;0;564;0;13;0;0
XroM;487|583;9440;7908;7620;7;471;772;0;15;171;0;4
XroM;492|480;10089;0;0;8422;20;2142;0;576;0;1;4
XroM;484|546;9763;0;0;9186;9;2195;0;499;9;1;4
XroM;501|567;10237;8413;8032;3;298;0;128;0;27;1;0
XroM;460|570;10559;9755;10045;0;423;0;0;5;0;0;0
XroM;457|589;9160;9377;9487;5;253;312;7;15;0;0;0
XroM;459|572;10535;9859;9957;5;475;0;0;10;18;0;0
XroM;434|495;10237;4208;4659;5;288;252;724;0;40;0;4
XroM;447|562;9556;9182;9115;8;390;297;0;16;17;0;0
XroM;461|539;9686;9324;8864;0;376;58;0;0;0;1;0
XroM;488|484;10311;9213;4806;5;408;574;0;19;90;0;4
XroM;464|589;10559;9616;9376;5;484;97;0;10;9;0;0
XroM;493|586;9453;8102;7909;4;1279;474;0;8;42;0;0
XroM;466|596;9942;9047;9080;5;346;0;0;0;231;0;0
XroM;435|562;9594;9046;9401;4;550;406;0;10;0;0;0
XroM;498|543;10237;0;0;7358;13;2581;1;497;0;0;4
XroM;453|555;9648;9244;9214;0;410;271;0;13;10;0;0
XroM;484|545;10247;9278;9249;2;20;382;0;8;0;1;4
XroM;422|560;9313;9128;9281;5;321;397;0;20;0;0;0
XroM;451|552;9671;10073;10281;4;336;0;0;16;15;0;0
XroM;502|568;10913;27;31;0;32;105;1454;0;6;0;0
XroM;449|539;9576;10362;10172;7;465;11;0;22;3;0;0
XroM;487|584;9594;10070;10007;4;624;0;0;9;0;0;0
XroM;455|548;9556;10247;10067;0;470;0;0;0;0;0;0
XroM;448|500;10429;4870;4393;2;135;0;496;0;16;0;2
XroM;451|490;10287;5729;5328;0;383;128;0;0;40;0;4
XroM;515|519;10372;457;453;84;26;1955;0;64;10;0;5
XroM;470|457;12624;0;0;622;64;1638;67;150;0;0;5
XroM;420|552;9358;10343;10530;5;275;0;0;17;0;0;0
XroM;449|499;10237;4851;4266;1;101;0;203;0;7;0;1
XroM;480|573;9594;9706;9552;4;603;0;0;24;0;0;0
XroM;447|491;10375;6200;6084;5;160;0;664;0;61;0;0
XroM;437|490;10787;4550;5044;0;247;0;501;0;19;0;4
Xtaz;508|568;10398;0;0;5634;5;2966;0;350;0;0;0
Xtaz;511|532;10311;8733;191;0;417;504;829;39;217;1;0
Xtaz;503|557;10311;0;0;5775;5;3148;0;350;0;0;1
Xtaz;510|531;10787;0;0;5234;5;2906;0;350;0;0;4
Xtaz;497|554;10311;0;0;5840;5;3156;0;350;0;0;0
Xtaz;449|500;10311;0;0;6033;5;2945;0;346;0;1;4
Xtaz;509|528;10523;0;0;5772;5;3104;0;350;0;0;4
Xtaz;499|558;10311;0;0;5799;5;3142;0;350;0;0;1
Xtaz;509|532;10311;0;0;6038;5;3007;0;350;0;0;4
Xtaz;496|546;10311;10000;200;0;472;573;945;29;122;0;0
Xtaz;504|541;10311;9835;299;0;500;579;968;25;105;0;0
Xtaz;503|547;11579;4030;2258;0;452;20;186;10;25;0;0
Xtaz;498|548;10311;0;0;5443;5;3156;0;350;0;0;4
Xtaz;500|548;10311;9234;193;0;456;592;912;40;231;0;0
Xtaz;498|547;10311;0;0;5707;5;3090;0;350;0;0;4
Xtaz;503|550;10311;0;0;5633;5;3084;0;347;0;0;4
Xtaz;502|551;10311;0;0;5680;5;3096;0;350;0;0;4
Xtaz;448|499;11794;3116;1302;0;304;188;323;10;51;1;4
Xtaz;498|551;10311;7284;3349;0;465;536;940;20;97;0;0
Xtaz;447|498;10311;0;0;5552;5;3027;0;348;0;0;7
Xtaz;493|557;10311;0;0;6131;5;3084;0;350;0;0;0
Xtaz;502|546;10311;0;0;6014;5;2988;0;347;0;0;4
Xtaz;494|557;10311;0;0;6252;0;3052;0;350;0;0;0
Xtaz;497|557;10311;9999;393;0;403;466;920;35;183;0;0
Xtaz;540|545;10311;8101;186;0;485;600;970;50;300;0;1
Xtaz;496|560;10311;0;0;5755;5;3153;0;350;0;0;1
Xtaz;498|561;10311;10000;2705;0;280;337;584;46;235;0;0
Xtaz;439|509;10311;9007;200;0;500;600;795;50;300;0;2
Xtaz;502|547;10311;0;0;5680;5;3096;0;350;0;0;4
Xtaz;495|562;10311;10000;2081;0;500;439;764;20;88;0;0
Xtaz;551|535;11141;4143;681;0;86;113;482;10;20;0;5
Xtaz;489|560;11707;3548;100;0;154;187;316;40;226;0;0
Xtaz;505|559;10311;10000;200;0;356;291;983;50;250;0;0
Xtaz;494|564;10311;0;0;5934;5;3133;0;350;0;0;0
Xtaz;497|563;10311;0;0;8535;5;3008;0;350;0;0;3
Xtaz;496|562;10311;9983;595;0;329;388;895;44;231;0;0
Xtaz;551|536;10230;0;0;5766;5;3080;0;350;0;0;4
Xtaz;493|564;10311;0;0;6351;5;2954;0;350;0;0;3
Xtaz;494|566;10311;0;0;5731;5;3184;0;350;0;0;0
Xtaz;483|551;10495;7829;200;0;500;600;1000;50;300;0;0
Xtaz;435|507;10121;7578;200;0;500;600;1000;50;300;0;0
Xtaz;488|564;10495;0;0;7252;0;2769;0;350;0;0;1
Xtaz;433|507;10452;9003;200;0;500;600;823;50;300;0;0
Xtaz;494|563;10311;9199;468;0;418;508;843;50;298;0;0
Xtaz;489|568;10444;9364;200;0;324;364;980;50;300;0;0
Xtaz;493|568;10311;9885;200;0;464;555;934;26;145;0;1
Xtaz;494|567;10311;0;0;5769;5;3150;0;347;0;0;0
Xtaz;449|497;10311;0;0;5821;5;2952;0;346;0;1;6
Xtaz;476|565;10890;8200;200;0;500;600;1000;50;300;0;0
Xtaz;489|567;10311;0;0;5795;5;3168;0;350;0;0;0
Xtaz;493|569;10311;9950;635;0;500;533;951;20;88;0;0
Xtaz;529|557;11389;3660;3161;0;464;60;99;10;28;0;0
Xtaz;494|570;10311;9808;403;0;414;479;886;36;222;0;0
Xtaz;571|517;10454;0;0;6251;5;2472;0;251;0;1;5
Xtaz;476|568;10845;8212;200;0;500;600;1000;50;300;0;0
Xtaz;512|574;10311;10000;621;44;435;505;838;31;186;0;0
Xtaz;508|575;10311;9312;200;0;499;450;913;47;275;0;0
Xtaz;544|563;10311;0;0;5633;5;3084;0;347;0;0;4
Xtaz;500|533;11653;0;0;2266;5;1223;0;200;0;0;4
Xtaz;547|564;11653;3051;3063;0;392;50;230;10;10;1;0
Xtaz;545|564;10311;0;0;6531;5;3457;0;347;0;1;4
Xtaz;547|562;10311;10000;345;0;380;469;747;50;300;1;1
Xtaz;538|572;10311;0;0;5769;5;3150;0;347;0;0;0
Xtaz;543|570;10311;9998;200;0;264;329;937;50;289;0;0
Xtaz;500|540;10311;8650;907;0;500;600;1000;30;140;0;0
Xtaz;544|568;10311;9408;200;0;422;517;842;50;300;0;0
Xtaz;544|572;10311;0;0;5633;5;3084;0;347;0;0;4
Xtaz;543|572;10311;0;0;6414;5;3474;0;346;0;0;4
Xtaz;543|565;10311;0;0;6049;5;2980;0;347;0;0;4
Xtaz;507|527;10311;5055;833;0;480;560;925;50;300;0;0
Xtaz;546|565;10220;0;0;6053;5;2980;0;347;0;0;4
Xtaz;545|566;10311;0;0;5999;5;2992;0;347;0;0;4
Xtaz;544|577;10311;10000;1747;0;500;480;815;20;71;0;0
Xtaz;546|589;10311;9208;200;0;453;560;986;33;199;0;0
Xtaz;553|585;10425;9006;1094;0;450;542;892;20;125;0;0
Xtaz;546|590;10375;9707;1009;0;500;462;983;20;81;0;0
Xtaz;513|602;10559;9984;200;0;390;528;986;31;128;0;0
Xtaz;555|587;10619;7882;1925;0;392;468;1000;20;114;0;0
Xtaz;524|601;10559;9902;213;0;406;533;976;32;137;0;0
Xtaz;517|596;10311;9870;200;0;450;524;1000;29;127;0;0
Xtaz;549|592;10361;10000;305;0;441;520;880;26;120;0;0
Xtaz;532|605;10311;9903;282;0;433;564;982;20;116;0;0
Yorick;479|530;10211;0;1;7349;50;2620;1;500;2;0;0
Yorick;480|529;10211;0;1;9397;36;820;1;500;6;0;0
Yorick;482|529;10211;0;1;7920;50;2508;1;500;6;0;0
Yorick;479|532;10211;5068;5082;0;140;0;420;5;0;0;0
Yorick;475|530;10211;0;1;8622;44;1892;1;550;6;0;0
Yorick;474|530;10211;0;1;9126;33;846;1;550;6;0;0
Yorick;483|535;10211;5160;5207;0;139;0;395;5;0;0;0
Yorick;481|526;10211;8408;8428;0;131;0;1;5;0;0;0
Yorick;474|534;10211;7416;7398;0;256;0;1;6;0;0;0
Yorick;482|526;10211;0;1;10356;31;1777;1;600;6;1;0
Yorick;484|535;10211;0;1;7268;50;2611;1;500;6;0;1
Yorick;476|532;10211;0;1;8692;31;1444;1;500;6;0;0
Yorick;476|533;10211;0;1;11430;30;1638;1;500;6;1;0
Yorick;477|534;10211;6558;6531;0;618;0;9;5;0;0;0
Yorick;482|535;10211;1;1;9169;40;1626;1;550;6;0;0
Yorick;485|538;10211;1;1;7583;3;14;1;402;6;0;4
Yorick;498|533;10211;0;1;9205;36;863;1;500;6;0;4
Yorick;503|540;10211;8626;8611;0;193;170;0;5;0;0;0
Yorick;498|532;11143;4505;4487;0;50;0;0;5;10;0;0
Yorick;501|543;10211;0;1;7716;50;2400;1;446;6;0;0
Yorick;499|528;10211;0;1;7182;50;2590;1;500;6;0;4
Yorick;501|542;10211;6158;6204;0;130;133;980;14;51;0;0
Yorick;499|529;10211;100;78;7117;29;1017;1;500;7;1;0
Yorick;529|527;10211;0;1;4493;50;2415;1;500;6;0;1
Yorick;422|427;9884;1979;1506;0;50;69;128;15;30;0;0
Yorick;422|422;9683;4450;2334;0;50;55;265;5;0;0;0
Yorick;423|430;10211;0;1;2374;40;1396;1;175;2;0;0
Yorick;420|434;10211;0;1;7089;50;2552;1;500;6;0;2
Yorick;421|436;9955;0;1;7025;50;2400;1;500;6;0;0
Yorick;423|427;9897;0;1;7021;50;740;1;500;6;0;0
Yorick;422|424;9848;0;1;6915;50;2400;1;500;6;0;0
Yorick;416|433;10211;3490;2062;0;54;142;788;8;30;0;0
Yorick;416|427;9897;4819;2561;0;199;185;805;30;110;0;0
Yorick;419|428;10211;0;1;6951;50;2400;1;500;6;0;0
Yorick;423|434;10110;3604;2242;0;167;62;287;28;102;0;0
Yorick;422|434;10211;0;1;6723;50;2400;1;500;6;0;0
Yorick;413|431;3754;1624;1604;0;50;0;0;5;0;0;0
Yorick;417|431;4168;1586;1577;0;50;167;0;5;0;0;0
Yorick;412|432;6608;1656;1647;0;50;0;0;5;0;0;0
Yorick;423|423;9968;3598;2121;0;50;55;262;5;0;0;0
Yorick;415|430;10211;3699;2235;0;99;119;632;18;65;0;0
Yorick;424|438;10211;3883;2117;0;78;149;701;13;102;0;0
Yorick;431|430;10211;0;1;6286;50;2414;1;500;20;0;0
Yorick;418|436;10444;2986;2949;0;299;0;0;5;0;0;0
Yorick;424|426;7244;2111;2061;0;50;237;0;5;0;0;0
Yorick;438|429;11553;774;810;79;50;64;0;5;0;1;0
Yorick;424|436;10437;3319;3296;0;50;700;0;100;199;0;0
Yorick;431|425;10211;3127;2684;0;50;20;85;5;20;0;0
Yorick;439|435;10211;0;1;6168;37;927;1;500;6;0;0
Yorick;427|422;10211;4307;2566;0;156;55;257;29;107;0;0
Yorick;429|431;9683;860;491;0;150;162;194;5;20;0;0
Yorick;422|436;9683;0;1;5228;50;2346;1;500;6;0;0
Yorick;430|430;10211;3479;2278;0;151;48;758;29;104;0;0
Yorick;422|437;10211;3747;1938;0;109;155;677;18;67;0;0
Yorick;423|433;9493;0;1;4149;48;1750;1;351;6;0;0
Yorick;419|434;10211;0;1;5735;50;2400;1;500;6;0;0
Yorick;428|421;10211;1305;891;0;134;135;730;24;29;0;0
Yorick;418|432;10211;0;1;4131;47;1942;1;344;6;0;0
Yorick;418|434;9848;2243;2217;0;50;700;0;70;142;0;0
Yorick;422|429;10046;3773;1712;0;50;55;233;5;0;0;0
Yorick;423|429;10211;0;1;5480;20;816;1;500;6;0;0
Yorick;421|426;10211;0;1;5400;50;2400;1;454;6;0;0
Yorick;423|435;10026;0;1;5482;50;2400;1;500;6;0;0
Yorick;437|429;9848;0;1;4940;50;2219;1;459;6;0;0
Yorick;441|429;10211;3071;2163;0;128;74;733;25;91;0;0
Yorick;441|428;10211;0;1;4552;26;728;1;497;6;0;0
Yorick;440|429;10211;1;1;4857;50;2400;1;500;6;0;0
Yorick;440|430;9683;0;1;4845;30;902;0;394;6;0;0
Yorick;439|430;9751;0;1;3588;44;1517;1;337;2;0;0
Yorick;439|429;10211;1797;1812;0;1757;31;135;27;98;0;0
Yorick;442|430;10211;996;635;0;75;20;87;5;20;0;0
Yorick;440|432;9945;0;1;4599;50;2400;1;452;6;0;0
Yorick;435|429;9546;0;1;4383;50;1857;1;465;6;0;0
Yorick;442|429;10211;0;1;4346;48;2270;1;464;6;0;0
Yorick;426|427;9652;1392;228;0;54;60;327;30;110;0;0
Yorick;478|491;11568;4417;4380;0;50;0;0;19;0;0;0
Yorick;479|492;10211;7267;7267;0;120;0;733;5;0;1;0
Yorick;479|491;10211;5364;5346;0;171;122;913;21;0;1;0
Yorick;487|492;10211;0;1;6408;20;2936;1;400;1;0;4
Yorick;487|491;10365;0;1;7468;40;2717;1;418;2;0;0
Yorick;502|507;11553;4179;4182;0;216;14;1;11;10;1;0
Yorick;449|463;12019;3159;3113;0;50;0;0;5;0;0;0
Yorick;421|447;10046;3303;3302;0;29;269;54;37;77;0;0
Yorick;428|461;10211;0;1;8716;50;2309;1;500;6;0;0
Yorick;422|448;10211;1919;1907;0;250;699;53;99;182;1;0
Yorick;415|452;10211;0;1;4777;50;1883;1;399;6;0;0
Yorick;428|460;10211;4012;4015;0;289;0;414;15;38;0;0
Yorick;422|452;10211;0;1;3172;45;2093;1;235;6;0;0
Yorick;427|461;10211;0;1;6300;50;2400;1;500;6;0;0
Yorick;432|511;10211;0;1;5500;50;3051;1;399;2;0;0
Yorick;441|519;10211;0;1;6159;50;2887;1;400;6;0;0
Yorick;440|519;10211;9323;9105;0;122;0;445;14;15;0;0
Yorick;439|525;10211;0;1;7665;50;2542;1;399;2;0;0
Yorick;439|524;10211;0;1;6820;50;2717;1;398;2;0;0
Yorick;439|523;10211;10936;10912;0;106;0;0;5;0;0;0
Yorick;440|523;10211;9153;9130;0;126;0;1;5;0;0;0
Yorick;434|529;10211;10843;10830;0;76;0;1;5;0;0;0
Yorick;433|530;10211;10900;10883;0;85;0;1;3;0;0;0
Yorick;430|531;10211;10907;10913;0;94;0;1;5;1;0;0
Yorick;430|532;10211;0;1;7098;50;2625;1;500;6;0;0
Yorick;432|548;10211;0;1;6395;50;3003;1;401;6;0;0
Yorick;430|549;10211;0;1;7174;34;822;1;500;6;0;0
Yorick;431|548;10211;10836;10840;0;50;0;1;5;0;0;0
Yorick;408|536;10211;0;1;7776;27;1212;1;500;6;0;0
Yorick;413|548;10211;10795;10803;0;81;0;1;5;0;0;0
Yorick;405|539;10211;10633;10642;0;136;0;1;5;0;0;0
Yorick;398|501;10211;10990;11000;0;117;0;1;5;0;0;0
Yorick;399|511;10211;10808;10800;0;84;0;1;5;0;0;0
Yorick;400|511;10211;0;0;7097;49;2731;1;466;6;0;0
Yorick;397|521;10211;10746;10732;0;149;0;1;5;0;0;0
Yorick;402|519;10211;0;1;6455;50;2805;1;397;2;0;0
Yorick;419|554;10211;0;1;10024;24;734;1;500;6;0;0
Yorick;406|525;10211;10678;10668;0;181;0;1;5;0;0;0
Yorick;407|536;10211;0;1;7314;28;820;1;500;6;0;0
Yorick;397|509;10211;10075;10103;0;72;0;0;5;0;0;0
Yorick;400|514;10211;10670;10692;0;87;0;1;5;0;0;0
Yorick;398|500;10211;10401;10398;0;131;0;0;5;0;0;0
Yorick;398|508;10211;9760;9763;0;73;0;1;5;0;0;0
Yorick;396|517;10211;10570;10573;0;135;0;1;5;0;0;0
Yorick;411|548;10211;10648;10629;0;88;0;1;5;0;0;0
Yorick;394|506;10211;0;1;9444;20;855;1;500;6;0;0
Yorick;400|532;10211;10681;10681;0;87;0;1;5;0;0;0
Yorick;399|527;10211;10696;10718;0;61;0;1;5;0;0;0
Yorick;407|547;10211;9358;9384;0;184;0;1;5;0;0;0
Yorick;415|559;10211;0;1;9957;34;758;1;500;6;0;0
Yorick;402|517;10211;9373;9385;0;120;0;0;5;0;0;0
Yorick;405|537;10211;9655;9643;0;159;0;1;5;0;0;0
Yorick;406|539;10211;10152;10157;0;108;0;1;5;0;0;0
Yorick;400|528;10211;10746;10765;0;78;0;1;5;0;0;0
Yorick;416|559;10211;10151;10137;0;78;0;1;5;0;0;0
Yorick;400|527;10211;10353;10351;0;117;0;1;5;0;0;0
Yorick;396|534;10211;10630;10643;0;138;0;1;6;0;0;0
Yorick;395|515;10211;9593;9604;0;207;0;1;5;0;0;0
Yorick;401|533;10211;9737;9723;0;96;11;1;5;23;0;0
Yorick;392|508;10211;10392;10382;0;137;182;1;5;0;0;0
Yorick;398|539;10211;10733;10729;0;157;0;1;5;0;0;0
Yorick;397|540;10211;10595;10581;0;152;19;0;16;12;0;0
Yorick;404|551;10211;9859;9819;0;223;0;0;5;0;0;0
Yorick;418|555;9893;10198;10220;0;201;0;0;5;0;0;0
Yorick;390|515;10211;10042;10040;0;250;0;0;5;0;0;0
Yorick;390|508;10211;8673;8674;0;250;420;0;9;131;0;0
Yorick;393|518;10211;9825;9800;0;262;0;0;5;0;0;0
Yorick;393|517;10211;0;1;10212;37;1811;1;596;6;0;0
Yorick;393|510;10211;0;1;6158;50;2922;1;400;2;0;0
Yorick;392|526;10211;8999;8979;0;173;0;0;5;0;0;0
Yorick;400|542;9879;0;1;9229;29;722;1;500;6;0;0
Yorick;390|526;7574;5673;5697;0;128;285;0;93;0;0;0
Yorick;461|520;10211;0;1;10023;35;805;1;500;6;0;0
Yorick;460|521;10211;10920;10932;0;64;0;1;5;0;0;0
Yorick;461|521;10211;10374;10377;0;78;0;22;5;0;0;0
Yorick;461|522;10211;0;1;7127;50;2633;1;500;6;0;0
Yorick;460|518;10211;0;1;5916;20;3149;1;400;2;0;0
Yorick;462|526;10211;10679;10675;0;71;0;1;13;0;0;0
Yorick;464|523;10211;0;1;7109;50;2558;1;500;6;0;4
Yorick;463|524;10211;10521;10519;0;89;0;1;16;5;0;0
Yorick;462|524;10211;10557;10522;0;106;0;1;6;0;0;0
Yorick;464|531;10211;0;1;5582;50;3056;1;400;6;0;4
Yorick;466|531;10211;0;1;5990;33;3124;1;400;6;0;0
Yorick;464|532;10211;10440;10462;0;77;0;1;5;0;0;0
Yorick;465|532;10211;0;1;9706;34;731;1;500;6;0;0
Yorick;421|479;9724;0;1;6731;29;1236;1;469;6;0;0
Yorick;420|479;10211;0;1;6660;50;2802;1;400;2;0;0
Yorick;418|480;10211;4499;4507;0;299;0;62;5;0;0;0
Yorick;420|474;10211;5061;5019;0;299;0;42;5;0;0;0
Yorick;423|477;10211;4807;4789;0;299;234;13;35;67;0;0
Yorick;424|477;10078;0;1;10038;40;1824;1;500;6;0;0
Yorick;420|475;10211;4851;4844;0;299;0;0;5;0;0;0
Yorick;421|478;10211;4349;4336;0;298;0;0;5;0;0;0
Yorick;418|476;10211;4797;4822;0;298;0;0;5;0;0;0
Yorick;417|476;10211;4440;4462;0;298;0;0;5;0;0;0
Yorick;416|480;10211;4739;4691;0;298;0;0;5;0;0;0
Yorick;417|478;10211;0;1;5762;25;3185;1;400;1;0;0
Yorick;415|480;10211;0;1;6286;50;2853;1;400;2;0;0
Yorick;415|481;10211;4624;4636;0;286;0;120;5;0;0;0
Yorick;414|475;10211;3919;3904;0;298;0;0;5;0;0;0
Yorick;410|475;10211;0;1;7347;40;1000;1;500;6;0;0
Yorick;407|482;10211;0;1;7370;29;888;1;500;6;0;0
Yorick;453|535;10211;0;1;8352;50;2400;1;500;6;0;0
Yorick;453|534;10211;9941;9929;0;149;0;309;5;0;0;0
Yorick;454|533;10211;0;1;7312;50;2593;1;500;6;0;0
Yorick;455|533;10211;9588;9533;0;165;0;150;5;0;0;0
Yorick;458|534;10211;0;1;5688;40;3096;1;400;6;0;4
Дагир;505|533;10461;52;27;9100;432;1500;254;350;8;1;6
Дагир;511|535;11644;627;31;8000;470;1500;407;258;9;0;7
Дагир;412|503;9966;8539;5825;0;256;25;892;0;10;0;2
Дагир;412|511;9966;8166;5905;0;69;401;705;0;20;0;4
Дагир;419|515;9966;11941;3839;0;396;235;561;0;24;0;5
Дагир;413|504;9966;8502;5996;0;323;63;805;0;23;0;2
Дагир;420|560;9966;9050;4551;0;449;118;915;0;19;0;0
Дагир;418|558;9966;1041;0;8852;502;1386;49;597;60;0;4
Дагир;403|515;9966;21;0;10150;549;1290;0;622;45;0;2
Дагир;407|501;9966;500;374;9321;412;1416;126;500;20;0;5
Дагир;428|573;9966;0;0;8423;409;2002;0;584;30;0;2
Дагир;420|566;9966;0;0;8355;271;2102;0;498;52;0;4
Дагир;431|581;9966;0;0;8794;482;1925;0;524;41;0;2
Дагир;410|560;10224;0;0;8152;406;1857;0;614;73;1;5
Дагир;410|554;9966;0;0;10946;146;1541;0;484;48;0;4
Дагир;413|562;9966;0;0;7964;1695;1462;0;542;36;0;4
Дагир;424|574;9966;9552;5119;391;408;265;552;0;29;0;0
Дагир;425|577;8864;9986;6141;0;471;250;563;0;33;0;4
Дагир;426|537;10273;8377;4542;0;398;143;1156;0;111;0;0
Дагир;424|540;10290;9296;8628;0;118;42;724;0;39;0;0
Дагир;420|543;10429;8203;8126;0;69;34;688;0;17;0;1
Дагир;420|544;10273;2;2;10239;628;1051;121;680;56;0;1
Дагир;415|548;10149;9835;8926;0;170;133;192;0;26;0;1
Дагир;412|544;9818;10221;7529;0;261;85;445;0;18;0;0
Дагир;411|544;10114;7741;9185;0;90;132;447;0;39;0;0
Дагир;407|538;10069;8559;9393;0;244;49;461;0;23;0;0
Дагир;407|534;10495;9762;7424;0;164;248;486;0;9;0;0
Дагир;427|535;10178;9482;7963;0;228;39;622;0;35;1;2
Дагир;405|531;10237;8536;8146;0;33;7;698;0;13;0;0
Дагир;404|541;9723;10043;8542;0;54;37;305;0;8;0;0
Дагир;410|559;6730;9250;6139;0;351;131;674;0;139;1;1
Дагир;408|548;9564;7508;10672;0;28;52;434;1;22;0;0
Дагир;413|528;9912;9112;9665;0;280;152;141;0;45;0;0
Дагир;418|554;10068;10201;8171;0;52;113;487;0;28;0;0
Дагир;470|601;9847;11817;8786;0;216;90;239;0;33;0;0
Дагир;420|535;10252;9077;4936;0;304;143;693;0;40;1;4
Дагир;418|532;10252;0;0;10292;557;1207;0;676;27;0;0
Дагир;420|531;10259;0;0;10760;841;1103;0;604;45;0;0
Дагир;421|543;10253;9175;4714;0;196;286;746;0;42;0;0
Дагир;488|512;11615;2000;0;1900;574;457;386;0;0;1;5
Дагир;498|506;10613;150;0;4393;845;797;289;371;33;0;4
Дагир;392|531;9447;0;0;7035;512;1658;0;387;0;0;0
Дагир;423|577;2111;600;598;0;200;0;0;0;0;0;0
монарх алексей;424|566;12154;0;0;16377;50;0;0;1001;0;1;0
монарх алексей;452|588;12154;15971;6141;0;50;0;0;0;0;0;0
монарх алексей;450|586;12154;0;0;15637;50;0;0;1001;0;1;0
монарх алексей;431|572;12154;16838;5034;0;50;0;0;0;0;0;0
монарх алексей;460|594;12154;0;0;16625;46;0;0;1001;0;1;0
монарх алексей;419|569;12154;7561;3196;0;50;0;1042;0;334;0;0
монарх алексей;437|586;12154;0;0;16377;50;0;0;1001;0;1;0
монарх алексей;435|587;12154;0;0;16137;50;0;0;1001;0;1;0
монарх алексей;449|595;10232;0;0;6869;50;2756;0;628;0;1;0
монарх алексей;484|609;7182;0;0;3378;50;1411;0;246;0;0;0
Моя бабуля;461|530;11639;4975;4975;0;160;0;0;0;0;1;1
Моя бабуля;418|517;10495;11212;11212;0;80;0;0;0;0;1;0
Моя бабуля;416|520;10495;11152;11098;0;52;0;0;0;0;1;0
Моя бабуля;405|510;10297;0;0;7863;116;2500;0;400;0;0;4
Моя бабуля;394|507;10187;9625;9651;0;0;0;0;0;0;1;0
Моя бабуля;393|526;10122;10038;10021;0;108;0;0;0;0;1;0
Моя бабуля;392|503;10113;10187;10166;0;100;0;0;5;1;1;0
Сергейя;482|586;9541;0;0;6216;0;3050;0;350;100;1;0
Сергейя;480|584;9994;8472;1381;0;154;0;1456;0;70;1;2
Сергейя;398|540;8241;7036;2465;0;100;0;1485;0;0;0;0
Сергейя;499|597;9494;0;0;5869;0;3050;0;350;100;1;4
Сергейя;497|597;9599;7417;3989;0;254;0;1500;0;0;1;0
Сергейя;501|597;10057;11421;1208;0;100;0;1317;0;7;0;0
Сергейя;501|602;9502;6721;2829;0;193;0;1815;0;10;0;1
Сергейя;509|600;9970;8008;3308;0;100;0;1451;49;0;0;2
Сергейя;470|591;9753;6921;2639;0;140;0;1600;0;37;1;4
Токмэн;439|437;10375;3848;3856;0;1000;219;299;20;136;0;0
Токмэн;440|433;10375;500;450;5664;1000;1014;0;450;92;0;0
Токмэн;441|431;10375;500;450;4424;1000;1010;0;363;73;0;0
Токмэн;442|436;10102;1414;0;5970;100;995;0;459;99;0;0
Токмэн;443|433;9954;500;500;6115;1000;1081;0;465;100;0;0
Токмэн;443|432;10375;69;70;0;49;0;0;0;0;0;0
Токмэн;445|434;10375;500;500;1917;1000;945;0;173;34;0;0
Токмэн;447|428;10375;699;700;0;1000;144;134;10;82;0;0
Токмэн;447|434;9866;723;713;0;1000;160;42;17;0;1;0
Токмэн;448|442;10375;4569;4589;0;1000;115;53;20;137;0;3
Токмэн;449|442;10375;1217;3289;803;1000;317;26;106;150;1;4
Токмэн;455|445;10747;2281;2275;0;1000;58;92;3;6;0;0
Токмэн;449|432;10375;576;582;121;1000;17;0;15;81;0;2
Токмэн;449|433;10274;708;723;0;1000;293;0;10;10;0;0
Токмэн;452|429;10375;738;700;4233;1000;54;0;286;61;0;1
Токмэн;466|516;10311;0;0;7881;100;2300;0;500;100;0;0
Токмэн;467|518;10495;0;0;8114;100;2132;0;500;100;0;4
Токмэн;468|518;10311;0;0;6783;100;2582;0;450;90;0;3
Токмэн;469|518;10495;0;0;5756;100;2784;0;470;100;0;3
Токмэн;470|518;10495;0;0;5724;100;2792;0;470;100;0;3
Токмэн;470|520;10495;0;0;5772;100;2780;0;470;100;0;3
Токмэн;471|514;9902;0;0;6052;100;2846;0;415;70;0;3
Токмэн;472|516;9902;6390;6386;0;1000;0;443;5;0;0;0
Токмэн;472|517;10160;0;0;6209;100;2691;0;470;100;0;3
Токмэн;474|515;10160;0;0;5897;100;2769;0;470;100;0;3
Токмэн;474|514;9994;0;0;7279;100;2517;0;450;70;0;3
Токмэн;473|520;9902;0;0;6445;100;2300;0;405;70;0;4
Токмэн;474|521;9976;0;0;7593;100;2258;0;450;90;0;0
Токмэн;477|520;10495;0;0;7990;100;2026;0;500;100;0;0
Токмэн;479|517;9902;8000;8000;0;906;0;472;5;0;1;0
Токмэн;479|518;10495;0;0;7422;100;2300;0;600;100;1;3
Токмэн;479|520;10160;0;0;7664;100;2300;0;600;100;1;0
Токмэн;480|520;10495;0;0;7235;100;2300;0;550;100;1;4
Токмэн;478|521;10252;0;0;6602;100;2300;0;490;100;0;3
Токмэн;480|521;10495;6298;6322;0;1000;207;533;20;140;1;4
Токмэн;479|523;10495;0;0;7910;100;2038;0;500;100;0;0
Токмэн;479|524;10365;0;0;7862;100;2054;0;500;100;0;0
Токмэн;478|525;10237;7949;7975;0;1000;0;364;4;0;0;4
Токмэн;481|530;10495;0;0;8485;100;1970;0;500;100;0;5
Токмэн;488|520;11837;3713;3737;0;457;0;91;5;0;0;0
Токмэн;487|520;10495;0;0;7368;100;2093;0;500;100;0;4
Токмэн;490|523;10495;0;0;8100;100;2235;0;500;100;0;0
Токмэн;535|528;10495;281;0;5455;72;2978;0;450;0;0;5
Токмэн;535|525;12217;4418;4400;0;300;60;826;5;20;1;4
Токмэн;460|516;10323;0;0;5472;100;2923;0;422;80;0;3
Токмэн;461|508;9966;0;0;6053;79;709;0;415;70;0;3
Токмэн;463|517;9976;0;0;5984;100;2802;0;450;90;0;3
Токмэн;465|508;10375;0;0;7876;100;812;0;500;100;0;0
Токмэн;465|512;10429;0;0;6825;77;709;0;460;90;0;2
Токмэн;465|513;10429;0;0;5900;80;709;0;460;90;0;3
Токмэн;466|510;10375;0;0;8200;100;840;0;500;100;0;3
Токмэн;466|511;10354;6276;6261;0;1000;0;109;3;0;1;0
Токмэн;466|512;10429;843;851;0;1000;0;0;13;50;0;0
Токмэн;467|513;10375;6248;6270;0;1000;0;108;4;0;1;0
Токмэн;472|497;11665;3255;3230;0;1000;0;69;4;0;0;0
Токмэн;427|544;10375;0;0;6649;100;2640;0;461;100;0;0
Токмэн;423|546;10375;0;0;6754;100;2660;0;440;90;0;0
Токмэн;431|549;9966;0;0;5885;79;3080;0;450;0;0;0
Токмэн;404|549;10301;8031;8027;0;1000;200;85;13;50;0;0
Токмэн;418|552;9825;14048;6445;0;679;0;77;3;0;0;0
Токмэн;425|558;10375;0;0;7174;100;2460;0;500;100;0;0
Токмэн;432|558;10375;0;0;6504;100;2680;0;458;100;0;0
Токмэн;430|559;9825;0;0;5745;79;3124;0;450;0;0;0
Токмэн;431|559;9825;0;0;6113;79;3032;0;450;0;0;0
Токмэн;431|561;10375;0;0;6656;100;2632;0;466;100;0;0
Токмэн;427|562;10375;0;0;6604;100;2640;0;470;100;0;0
Токмэн;448|562;9966;0;0;5995;34;3075;0;450;0;0;0
Токмэн;431|563;10375;0;0;7164;100;2500;0;470;100;0;0
Токмэн;423|564;9966;10330;10163;0;328;0;148;3;0;0;0
Токмэн;441|564;9966;0;0;6355;34;2985;0;450;0;0;0
Токмэн;438|566;10375;0;0;6814;100;2550;0;500;100;0;0
Токмэн;435|568;9966;0;0;5805;71;3104;0;450;0;0;0
Токмэн;418|570;8510;7687;7707;0;1000;300;0;20;0;0;0
Токмэн;422|579;7914;4389;4353;0;1000;80;100;3;30;0;0
Токмэн;436|572;9966;10010;10029;0;870;0;43;3;0;0;0
Токмэн;432|573;9966;10640;10462;0;414;0;58;3;0;0;0
Токмэн;434|574;9966;8673;10387;0;1000;0;48;3;0;0;0
Токмэн;435|576;9966;10784;9691;0;592;0;63;3;0;0;0
Токмэн;433|583;9889;8367;8000;0;1000;0;185;3;0;0;0
Токмэн;439|585;9966;7631;7660;0;1000;0;31;3;0;0;0
Токмэн;450|583;9966;7712;7707;0;1000;0;84;3;0;0;0
Токмэн;442|589;10414;6968;6952;0;1000;47;100;3;20;0;0
Токмэн;448|589;9966;7143;7147;0;1000;0;41;3;0;0;0
Токмэн;450|589;9966;8000;8049;0;1000;0;93;3;0;0;0
Токмэн;448|590;9966;10520;10540;0;444;0;55;3;0;0;0
Токмэн;444|591;9902;8366;8609;0;988;0;84;5;0;0;0
Токмэн;456|591;9966;7646;7614;0;1000;0;186;3;0;0;0
Токмэн;456|592;9966;9614;9674;0;998;0;42;3;0;0;0
Токмэн;452|593;9966;8952;9611;0;762;0;85;3;0;0;0
Токмэн;460|593;9966;8013;8000;0;988;0;100;3;0;0;0
Токмэн;459|594;9966;8310;8643;0;995;0;77;3;0;0;0
Токмэн;452|596;9966;5720;5713;0;1000;0;211;5;0;0;0
Токмэн;472|602;9966;9168;9181;0;989;0;176;3;0;0;0
Токмэн;472|605;10043;6330;6335;0;1000;0;100;5;0;0;0
Токмэн;474|601;9966;10187;10235;0;535;0;91;3;0;0;0
Токмэн;478|603;9966;0;0;6323;50;2985;0;450;0;0;0
Токмэн;481|599;10043;7753;7734;0;1000;0;100;3;0;0;0
Токмэн;494|607;10378;5735;5703;0;1000;0;100;10;0;0;0
Токмэн;492|611;9531;4838;4878;0;1000;300;100;20;150;0;0
Туз.;451|519;9853;9480;8386;0;528;124;0;28;77;0;1
Туз.;446|519;9741;0;0;10199;223;1915;0;365;28;1;4
Туз.;447|521;10525;10538;4488;100;317;84;939;0;2;0;1
Туз.;453|520;12045;3722;3663;0;495;344;0;5;14;0;0
Туз.;434|520;10634;10810;8979;0;170;32;265;5;15;0;0
Туз.;437|516;9895;10931;586;0;213;427;833;10;26;0;0
Туз.;434|521;9945;0;0;10239;133;1965;0;331;15;1;4
Туз.;437|517;9619;11157;9062;0;370;119;126;11;7;0;0
Туз.;435|521;9231;11471;4819;0;262;347;502;8;23;0;0
Туз.;434|523;9997;11123;6200;0;633;175;143;22;88;0;0
Туз.;437|518;10617;13400;6359;0;178;60;237;32;38;0;0
Туз.;438|514;9896;0;0;9562;131;2188;0;341;13;1;4
Туз.;428|527;10392;13275;4310;0;305;129;415;23;33;0;3
Туз.;439|529;9742;0;0;9295;107;2250;0;400;12;0;2
Туз.;427|516;9328;11951;6608;0;267;130;362;14;37;0;0
Туз.;430|527;9521;9614;9937;0;293;260;0;33;94;0;0
Туз.;427|528;9765;66;0;9919;241;1999;0;341;36;0;3
Туз.;429|534;10077;13332;6573;0;160;54;167;19;15;0;3
Туз.;426|531;10077;12218;3221;0;179;53;737;6;187;0;0
Туз.;430|512;9539;0;0;10072;156;1991;0;393;16;0;4
Туз.;420|515;9503;469;1;9752;241;2053;0;240;16;0;6
Туз.;431|546;8885;0;0;10184;152;2032;0;401;13;0;1
Туз.;425|534;9959;0;0;9811;267;1939;0;384;17;0;4
Туз.;424|534;10860;13668;6322;0;256;29;118;30;37;0;0
Туз.;423|540;10077;13344;6257;0;476;147;0;42;77;0;0
Туз.;423|503;9630;10434;4918;0;256;81;946;16;21;1;0
Туз.;405|517;8745;0;0;10299;85;1806;0;358;0;0;3
Туз.;493|542;10213;3479;5208;0;555;978;92;22;60;0;0
Туз.;425|479;9777;0;0;8805;61;1492;0;340;8;0;1
Туз.;422|480;9966;0;0;9489;96;1818;0;401;12;1;1
Туз.;410|470;9942;4154;3882;0;1513;869;0;20;54;0;0
Туз.;408|470;9952;0;0;9500;97;2038;0;403;7;0;0
Туз.;522|542;10338;1039;1109;462;34;0;59;0;0;0;2
Туз.;427|477;9942;0;0;7905;68;1364;0;295;5;0;3
Туз.;439|453;9761;0;0;6213;60;1788;0;249;6;0;5
Туз.;427|479;9942;0;0;9975;109;1842;0;416;11;0;1
Туз.;427|476;9942;4075;3523;0;970;727;0;23;59;0;0
Туз.;490|548;9961;0;0;8367;53;2271;0;329;6;0;2
Туз.;493|541;10213;0;0;9605;92;2118;0;380;6;0;4
Туз.;420|487;9942;0;0;9500;97;1818;0;405;11;0;0
Туз.;426|476;9942;0;0;9493;101;1802;0;419;8;0;2
Туз.;433|460;9942;2413;2168;0;208;401;0;11;31;0;0
Туз.;431|461;9942;0;0;9247;75;2217;0;353;8;0;4
Туз.;430|462;9966;0;0;10177;95;2011;0;389;7;0;2
Туз.;440|464;10428;3553;2660;0;487;960;0;23;59;0;0
Туз.;442|453;10160;0;0;7020;67;1915;0;284;5;0;5
Туз.;423|513;9623;0;0;7160;69;1989;0;289;6;0;0
Туз.;439|464;10428;0;0;7866;76;2125;0;315;8;0;0
Туз.;422|512;9861;0;0;7252;74;2084;0;306;6;0;0
Туз.;420|509;9613;0;0;7258;78;2174;0;323;7;0;0
Туз.;420|513;9498;0;0;7252;78;2163;0;323;7;0;0
Туз.;418|512;9515;0;0;7252;82;2241;0;339;7;0;0
Туз.;418|511;9522;0;0;7463;86;2339;0;356;7;1;0
Туз.;421|441;9174;0;0;5795;10;873;0;290;0;0;0
Туз.;420|441;9083;3617;2981;0;556;875;0;26;68;0;0
Туз.;419|441;9453;0;0;6324;86;886;0;350;8;0;0
Туз.;443|455;10967;2474;824;0;175;365;0;8;21;0;0
Туз.;443|454;10428;0;0;4540;36;1342;0;299;3;0;4
Туз.;496|538;11355;0;0;5202;110;1633;0;110;2;1;4
Туз.;426|473;10241;0;0;8048;76;1428;0;319;5;0;4
