Игрок,Координаты,Очки,Копья,Мечи,Топоры,Лазы,ЛК,ТК,Тараны,Каты,Пал,Двор
ROCKET,468|603,6306,0,0,22337,35,0,0,1005,0,1,0
Marvable,449|540,7423,0,0,16959,9,1100,0,1000,0,0,0
Marvable,469|586,7423,0,0,16311,10,1193,0,1000,0,0,0
Darksol,480|553,9999,0,10,14990,5,500,0,500,0,1,1
XroM,427|585,3671,0,0,14863,10,1770,0,932,0,0,0
Sergej Kuts,422|581,4717,0,0,14420,156,2063,0,1004,0,0,0
Marvable,430|434,9408,0,0,14110,8,1419,0,978,0,0,1
EHoTka,485|556,10019,69,0,13979,189,803,20,869,52,0,3
Lesnik127,402|539,8755,0,0,13804,5,1814,0,376,0,1,4
Damosha,493|536,10311,0,0,13333,255,1300,0,405,5,0,4
Darksol,476|557,9999,0,5,13053,5,1442,0,700,0,0,0
Туз.,418|511,9522,0,0,12879,44,1498,0,290,0,0,4
Lesnik127,395|511,11079,8,0,12680,5,1723,0,456,0,1,4
ROCKET,475|571,10610,0,0,12630,35,1000,0,805,0,1,0
Damosha,426|440,10311,0,0,12584,255,1500,0,405,5,0,0
SneeK,412|548,11286,0,0,12434,0,1691,0,504,0,1,0
Lesnik127,405|546,9195,0,0,12326,5,2004,0,457,0,1,4
o-O..OnMaine..O-o,483|523,10237,0,0,12291,10,1850,0,1000,0,1,3
seme4ka-3,540|604,6125,0,0,12271,96,1933,0,932,0,1,0
Туз.,425|479,9942,0,0,12262,21,1487,0,461,8,0,0
Mastak,479|501,10971,1,1,11730,117,1356,0,288,80,0,2
Ewerverds,491|555,10106,0,3,11698,46,1787,0,584,0,0,5
Audi Q4,441|576,9771,0,0,11549,10,659,0,1300,0,1,0
Ewerverds,466|572,7664,0,3,11518,48,3027,0,536,0,0,1
Sergej Kuts,429|575,4884,0,0,11444,156,2065,0,1007,0,0,0
Corvhael,511|600,10339,0,0,11433,109,1584,0,500,10,0,0
Mastak,455|508,10971,1,1,11400,118,1726,0,421,78,0,0
9731,507|583,10636,0,0,11390,145,1022,0,645,10,1,2
XroM,519|521,9999,0,0,11386,9,255,1,988,1,1,6
o-O..OnMaine..O-o,492|528,10237,0,0,11225,7,808,0,1000,0,0,3
Mastak,475|504,10971,1,1,11183,126,1664,0,850,16,0,0
Yorick,485|536,10211,0,1,11086,44,1519,43,550,6,0,3
Polaykovsi777,443|458,10268,0,0,11071,15,1762,0,358,0,0,2
Ewerverds,490|555,10106,0,3,11050,43,2183,0,350,0,0,5
Lesnik127,423|558,10423,0,0,11044,0,2359,0,314,0,1,4
SneeK,411|547,11281,0,0,11030,0,1800,0,600,0,0,0
Foks,431|446,11090,1000,0,10984,235,1074,0,700,6,0,0
Mastak,445|443,10971,50,0,10966,178,2000,5,850,0,0,0
Mastak,473|511,11321,1,1,10945,150,1682,1,850,20,0,0
EHoTka,485|557,9860,250,0,10937,219,584,60,844,131,0,3
Mastak,452|501,10971,1,1,10930,115,1627,0,325,47,0,0
Corvhael,514|607,10339,0,0,10871,90,1724,0,500,15,0,0
Туз.,438|514,9896,0,0,10869,154,1952,0,424,0,1,4
Foks,533|555,10460,1200,0,10854,256,1000,0,600,10,0,3
Дагир,431|581,9966,0,0,10835,89,1379,0,716,61,0,0
FlameisteR,506|593,9229,0,0,10811,10,1710,0,850,4,0,0
Damosha,466|536,10311,0,0,10796,255,1700,0,405,100,0,3
8Taras8,458|601,9332,0,0,10792,10,1441,0,1000,0,1,11
FlameisteR,471|539,10002,0,0,10706,10,928,0,1000,4,0,3
Туз.,420|487,9942,0,0,10695,200,1724,0,414,20,0,4
Туз.,430|512,9539,0,0,10691,50,1909,0,403,0,0,4
AdreNoliN,404|553,5470,0,0,10580,40,3019,0,905,0,0,0
Mastak,458|500,10971,1,1,10575,146,1727,0,270,68,0,0
Дагир,425|509,9727,0,0,10563,255,1165,0,800,67,1,0
9731,504|590,10495,0,0,10559,144,1210,0,400,10,0,1
Audi Q4,461|572,9771,0,0,10501,10,1571,0,700,0,1,0
FlameisteR,464|573,9878,0,0,10440,10,2200,0,734,4,1,0
Дагир,420|531,10259,0,0,10400,645,1174,0,710,13,0,2
Mastak,467|492,10971,5,1,10399,150,1873,4,850,0,0,0
Rookie,467|522,9455,0,0,10398,80,2090,0,333,6,0,1
Xtaz,494|564,10375,0,0,10376,5,1943,0,350,0,0,3
EHoTka,495|548,9794,253,474,10337,438,511,123,649,94,0,3
XroM,484|546,9999,0,0,10274,5,1387,0,830,8,0,1
Туз.,446|519,9741,0,0,10261,120,2039,0,410,7,0,0
Туз.,420|513,9498,0,0,10254,113,2050,0,415,8,0,0
Mastak,434|450,10971,1,1,10246,115,1748,0,397,27,0,0
Туз.,490|548,9985,0,0,10178,194,1832,0,443,21,0,2
XroM,450|551,9999,0,0,10126,4,1633,0,758,0,0,2
Lesnik127,399|536,9263,0,0,10102,5,2611,0,412,0,1,4
Туз.,427|528,9765,0,0,10097,180,1880,0,455,38,0,2
Туз.,421|441,9925,0,0,10089,107,2054,0,402,0,0,2
Marvable,476|596,9757,0,0,10075,10,2487,0,375,0,0,0
Mastak,435|526,10971,1,1,10059,86,1867,0,386,55,0,0
seme4ka-3,538|568,10485,0,0,10050,89,1781,0,365,100,0,3
Damosha,492|535,10311,0,0,10033,255,2000,0,405,5,0,4
Mastak,465|505,10971,1,1,10030,113,1666,0,393,98,0,0
Wogd,487|602,10495,0,0,10030,1,2165,0,350,0,0,1
Yorick,485|538,10211,0,1,10016,45,1604,1,589,6,0,3
Audi Q4,456|574,9771,0,0,10001,10,1571,0,800,0,0,0
Apprentice,430|455,9902,553,10,10000,38,1547,0,340,13,0,0
Дагир,418|532,10262,0,0,10000,406,1200,0,766,37,1,4
Polaykovsi777,438|458,10273,0,0,9947,11,2018,0,357,0,0,2
Mastak,451|496,10971,1,1,9941,128,1818,0,376,90,0,0
Darksol,480|556,9999,0,5,9935,10,2100,0,500,0,0,2
Apprentice,562|582,10192,10,10,9933,32,2068,60,340,10,0,0
Darksol,546|536,9999,0,5,9899,10,1605,0,520,0,1,17
FlameisteR,488|598,10354,0,0,9892,10,1980,0,1000,4,0,0
Mastak,480|498,10971,1,1,9889,121,1722,0,450,100,0,0
Mastak,464|487,10971,51,1,9867,150,1993,5,850,0,0,0
Sergej Kuts,469|537,9552,0,0,9863,80,2197,0,297,0,0,5
Mastak,478|500,10971,1,1,9849,114,1648,0,400,100,0,2
Туз.,434|521,9945,0,0,9840,149,1911,0,379,12,1,3
Туз.,418|512,9515,0,0,9791,41,2244,0,381,7,0,0
Polaykovsi777,570|522,10273,0,0,9700,15,2012,0,360,0,1,10
Mastak,463|505,10971,1,1,9693,128,1730,0,400,100,0,0
Yorick,480|529,10211,0,1,9672,50,2000,1,556,6,0,0
Polaykovsi777,445|460,10273,0,0,9620,11,2179,0,359,0,0,3
Polaykovsi777,450|454,10920,0,0,9601,14,1684,0,337,0,0,2
seme4ka-3,537|570,10387,0,0,9596,88,1967,0,365,100,0,3
Megadjal,437|560,6274,0,0,9592,65,2500,0,399,0,0,0
Foks,508|600,9550,1000,0,9573,273,2231,0,491,10,0,0
Mastak,454|510,10971,1,1,9546,132,2002,0,399,32,0,0
Дагир,425|505,9633,0,0,9539,320,1204,0,900,112,0,4
seme4ka-3,501|585,10480,0,0,9532,104,1897,0,358,99,0,3
Marvable,422|531,9771,0,0,9528,10,2503,0,375,60,0,0
Marvable,425|424,9745,0,0,9521,3,2421,0,300,0,0,0
Yorick,482|535,10211,0,1,9518,48,1586,1,591,6,0,4
Токмэн,431|549,9966,0,0,9513,100,1900,0,500,100,0,0
Токмэн,448|562,9966,0,0,9513,100,1900,0,500,100,0,0
Mastak,481|505,10971,1,1,9511,117,1706,0,400,100,0,3
Sergej Kuts,446|537,10109,0,0,9511,169,2201,0,785,0,0,0
Yorick,479|530,10211,0,1,9503,50,2016,1,557,6,0,1
Mastak,480|497,10971,2,1,9498,144,1769,1,400,100,0,0
Sergej Kuts,475|606,4799,0,0,9492,50,2000,0,1000,0,0,0
Xtaz,502|547,10375,0,0,9490,5,2165,0,350,0,0,3
Ewerverds,489|559,10106,0,3,9464,50,2576,0,350,0,0,5
Yorick,466|531,10211,0,1,9452,50,2050,1,500,6,0,3
Yorick,482|529,10211,0,1,9439,48,1619,1,593,6,0,0
Токмэн,431|561,10375,0,0,9414,100,1900,0,500,100,0,0
Токмэн,438|566,10375,0,0,9414,100,1900,0,500,100,0,0
Mastak,444|447,10971,1,1,9412,138,1943,0,309,83,0,0
Polaykovsi777,441|460,10311,0,0,9409,10,2102,0,359,0,0,5
Mastak,453|501,10971,1,1,9402,144,2006,0,375,10,0,0
Marvable,533|601,9735,0,0,9392,7,2362,0,374,0,0,0
Mastak,507|509,10971,1,1,9387,135,1753,0,400,100,0,4
Дагир,407|501,10019,499,373,9384,270,780,112,1090,55,0,0
Damosha,433|542,4978,0,0,9381,204,3700,0,421,0,0,0
Xtaz,543|572,10311,0,0,9377,5,2820,0,350,0,1,2
FlameisteR,509|595,9337,0,0,9361,10,1822,0,805,4,0,0
o-O..OnMaine..O-o,492|527,10237,0,0,9348,10,1998,0,497,0,0,3
o-O..OnMaine..O-o,486|529,10237,0,0,9342,9,1662,0,785,0,1,3
Marvable,477|564,9771,0,0,9320,10,2375,0,375,0,0,0
o-O..OnMaine..O-o,485|527,10237,0,0,9285,10,1810,0,680,0,0,3
Sergej Kuts,471|604,5685,0,0,9284,74,2000,0,929,0,0,0
Mastak,456|513,10971,1,1,9255,150,2131,0,398,100,0,0
Yorick,484|535,10211,0,1,9242,50,2000,1,580,6,1,3
Serginio,474|576,10470,0,0,9241,25,2200,0,500,100,0,0
Marvable,414|548,7423,0,0,9233,10,3115,0,880,0,0,0
o-O..OnMaine..O-o,491|519,10237,0,0,9223,10,2555,0,730,0,1,3
Damosha,426|528,4978,0,0,9198,255,3800,0,445,0,0,0
Дагир,432|503,9843,0,0,9186,455,1279,0,900,72,1,4
Mastak,457|498,10971,1,1,9182,82,1958,0,399,62,0,0
Mastak,455|506,10506,1,1,9180,149,2372,0,387,90,0,0
Yorick,483|541,10407,0,1,9175,50,1924,9,548,0,0,3
XroM,480|575,3841,0,0,9155,6,1649,0,1134,0,1,0
Xtaz,493|557,10311,0,0,9131,5,2259,0,350,0,0,3
Yorick,476|532,10211,0,1,9124,50,2032,1,580,6,0,3
Wogd,550|598,10167,0,0,9116,42,2438,0,300,1,0,2
Токмэн,473|520,9717,0,0,9108,99,1730,0,496,99,0,4
Токмэн,471|514,10237,0,0,9084,100,1900,0,482,100,0,4
seme4ka-3,506|559,10321,0,0,9054,75,1938,0,333,100,0,3
Rookie,484|536,10001,0,0,9044,78,1403,0,890,50,0,6
Токмэн,470|518,10495,0,0,9042,100,1900,0,500,100,0,4
Дагир,426|496,10160,0,0,9035,312,1224,37,802,165,0,4
Токмэн,460|516,9647,0,0,9026,100,1732,0,500,100,0,4
Damosha,411|440,4978,0,0,9009,4,2818,0,598,0,0,0
Audi Q4,467|569,9771,0,0,9001,10,2071,0,600,0,0,3
Sergej Kuts,511|607,4299,0,3,9000,200,2590,0,704,0,0,0
Serginio,460|595,10319,1,0,9000,0,2000,0,500,103,1,1
Tjapik,505|576,9959,20,15,9000,19,1873,0,602,60,0,5
Foks,473|558,9874,1000,0,8976,389,1800,0,719,10,0,2
Sergej Kuts,424|583,5164,0,0,8950,176,2471,0,703,10,0,0
Corvhael,506|536,10339,0,0,8946,72,1489,0,1013,7,0,4
Foks,532|559,10033,1000,0,8933,270,1006,0,788,10,1,3
Туз.,439|529,9742,0,0,8930,227,2171,0,429,8,0,2
Marvable,490|589,9771,0,0,8928,10,2473,0,375,0,0,0
Darksol,467|552,9999,0,5,8921,10,2100,0,826,0,0,1
Mastak,473|498,10928,1,1,8917,127,2010,0,345,84,0,0
ROCKET,440|592,6306,0,0,8908,35,3000,0,1005,0,1,0
seme4ka-3,544|557,10083,0,0,8905,105,2023,0,467,100,0,3
Sergej Kuts,412|485,9123,0,0,8900,200,2600,0,704,0,0,0
Mastak,407|448,10971,1,1,8899,112,2101,0,486,59,0,2
Wogd,478|538,10365,0,0,8892,1,2294,50,379,0,0,3
Mastak,452|504,10971,1,1,8878,142,2047,0,355,68,0,0
ROCKET,433|585,6306,0,0,8865,35,3000,0,1005,0,1,0
o-O..OnMaine..O-o,494|526,10237,0,0,8855,9,2118,0,500,0,0,4
Corvhael,494|551,10339,0,0,8838,106,1800,0,1101,10,0,0
o-O..OnMaine..O-o,485|526,10237,0,0,8837,10,2963,0,800,0,1,3
Corvhael,505|538,10339,0,0,8831,80,1495,0,1028,7,0,4
Yorick,482|526,10211,0,1,8830,50,2068,1,590,6,0,4
Marvable,458|545,9771,0,0,8820,10,2920,0,375,0,0,0
killerDim,452|549,10042,0,0,8813,0,911,0,278,427,1,0
seme4ka-3,536|565,10019,0,0,8795,75,1864,0,330,100,0,3
AdreNoliN,414|438,7861,0,0,8792,35,2025,0,732,0,0,4
AdreNoliN,410|440,8037,0,0,8780,24,1778,0,681,0,0,4
o-O..OnMaine..O-o,486|530,10237,0,0,8764,10,2922,0,691,0,1,3
Туз.,422|512,9861,0,0,8763,144,2023,0,410,8,0,0
Токмэн,479|524,10365,0,0,8749,100,1900,0,800,95,1,4
Apprentice,507|544,10311,10,10,8729,0,2413,0,340,10,0,4
Mastak,448|448,10838,1,1,8706,123,1930,0,331,90,0,0
Rookie,482|537,10311,0,0,8702,79,1541,0,829,84,0,6
FlameisteR,492|582,9506,0,0,8694,8,1794,0,517,4,0,1
Marvable,475|563,9771,0,0,8692,10,2757,0,375,0,0,3
Sergej Kuts,475|537,8819,0,0,8690,151,2524,0,305,0,1,5
Foks,535|554,10378,1000,0,8684,293,1000,0,698,10,0,3
XroM,448|483,9999,0,0,8669,11,1657,0,965,1,1,4
Xtaz,494|557,10268,0,0,8668,4,2379,0,350,0,0,3
Corvhael,519|606,10339,0,0,8667,110,2765,0,500,65,0,0
Damosha,493|535,10311,0,0,8660,255,2148,0,405,5,0,4
o-O..OnMaine..O-o,460|531,10237,0,0,8654,10,2464,0,723,0,0,5
Darksol,434|576,9999,0,5,8653,43,3422,0,600,0,0,0
Damosha,415|514,4978,0,0,8620,255,2428,0,846,0,0,0
Marvable,416|551,9771,0,0,8600,10,2915,0,375,0,0,0
Токмэн,431|563,10375,0,0,8599,100,1900,0,500,100,0,0
Xtaz,494|567,10311,0,0,8591,5,2394,0,350,0,0,3
Wogd,500|605,10495,0,0,8584,22,2571,0,286,0,0,2
Xtaz,502|551,10146,0,0,8568,5,2421,0,320,0,0,3
Xtaz,497|563,10375,0,0,8566,5,2996,0,350,0,0,3
o-O..OnMaine..O-o,491|532,10237,0,0,8551,10,1591,0,1000,0,0,3
Ewerverds,489|546,10106,0,3,8536,48,2809,0,350,0,0,5
Токмэн,432|558,10375,0,0,8534,100,2320,0,500,0,0,0
Sergej Kuts,439|591,4739,0,0,8514,200,2600,0,1004,0,0,0
Токмэн,427|562,10375,0,0,8514,100,1900,0,600,100,0,4
EHoTka,458|447,10019,3554,364,8513,280,652,214,542,8,0,0
Ewerverds,427|567,10106,0,3,8510,45,2942,0,350,0,0,0
seme4ka-3,536|566,10160,0,0,8507,105,2289,0,330,100,0,3
AdreNoliN,432|570,5470,0,0,8496,44,2990,0,823,0,1,0
Marvable,525|533,9863,0,0,8474,10,3000,0,400,0,0,6
FlameisteR,467|540,10040,0,0,8473,10,1780,0,936,4,1,2
Sergej Kuts,405|552,10034,0,719,8471,74,1416,0,963,0,0,0
ROCKET,498|545,10945,0,0,8454,35,2000,0,405,0,0,4
Yorick,432|511,10211,0,1,8442,50,2350,1,520,6,1,0
Yorick,430|532,10211,0,0,8442,45,2306,0,499,6,0,0
Mastak,438|560,10971,1,1,8439,26,2221,0,446,58,0,0
Yorick,430|549,10211,0,1,8430,48,2330,1,500,6,0,0
ROCKET,482|547,10945,0,0,8416,35,2000,0,405,0,0,4
Damosha,445|516,10311,0,0,8400,255,2673,0,405,5,0,0
Yorick,474|530,10211,0,1,8400,50,2300,1,510,6,0,3
Darksol,487|591,9999,0,5,8397,40,2356,0,550,0,0,0
Токмэн,465|513,10066,0,0,8395,95,1733,0,465,92,0,4
Туз.,493|541,10237,0,0,8392,141,1939,0,332,23,1,2
Audi Q4,401|487,4911,0,0,8389,1,1900,0,1200,0,0,0
Apprentice,525|545,10160,432,41,8384,20,2208,113,340,2,0,5
XroM,454|484,9999,27,0,8377,2,1935,0,818,1,1,4
Mastak,483|497,10971,1,1,8371,150,2375,0,850,6,0,0
Yorick,415|559,10211,0,1,8368,50,2396,1,500,6,0,0
Mastak,494|506,10971,1,1,8365,142,2155,0,400,50,0,4
Mastak,418|561,10971,1,1,8362,137,2134,0,397,64,0,0
Mastak,438|557,10971,1,1,8354,5,2285,0,433,50,0,0
Yorick,487|492,10211,0,1,8352,50,2324,1,500,6,0,3
Yorick,419|554,10211,0,1,8352,50,2400,1,500,6,0,0
Yorick,407|536,10211,0,1,8352,50,2400,1,500,6,0,0
Yorick,393|517,10211,0,1,8352,46,2356,1,496,6,0,0
Yorick,417|478,10211,0,1,8352,50,2400,1,500,6,0,0
Yorick,453|535,10211,0,1,8352,46,2356,1,496,6,0,0
Apprentice,427|457,10431,10,10,8350,50,1622,0,340,10,0,0
Yorick,475|530,10211,0,1,8350,48,2324,1,502,6,0,3
Yorick,441|519,10211,0,1,8349,45,2303,1,498,6,1,0
Yorick,439|525,10211,0,1,8342,50,2400,1,500,6,1,0
Mastak,422|434,10971,1,1,8323,143,2370,0,399,100,0,0
Токмэн,441|564,9966,0,0,8322,100,1900,0,484,100,0,0
seme4ka-3,445|453,10259,0,0,8321,65,2397,0,351,100,0,0
Serginio,473|577,10470,0,0,8317,25,2500,0,500,101,1,1
Corvhael,498|553,10339,60,66,8313,80,1800,0,936,11,0,0
Mastak,468|509,10971,1,1,8313,150,2064,0,400,100,0,0
Токмэн,461|508,10301,0,0,8312,100,1900,0,500,100,0,4
Rookie,481|537,8571,0,0,8310,60,1458,0,809,2,0,2
Mastak,478|511,12154,1,1,8295,136,1968,0,434,100,0,4
Токмэн,479|518,10495,0,0,8288,100,1900,0,500,100,0,4
Yorick,393|510,10211,0,1,8286,50,2400,1,500,6,0,0
Ewerverds,463|579,10106,0,3,8284,46,2733,0,560,0,1,0
Туз.,423|513,9498,0,0,8268,132,1987,0,395,21,0,4
seme4ka-3,512|560,10113,0,0,8267,99,2328,0,330,100,0,3
Mastak,491|510,10971,1,1,8265,133,1998,0,709,0,0,0
Megadjal,447|567,10088,0,0,8263,100,2478,0,400,0,0,0
Xtaz,545|564,10311,0,0,8259,5,3102,0,350,0,0,2
Токмэн,466|516,10311,0,0,8251,100,1900,0,500,100,0,4
Sergej Kuts,420|571,5404,0,0,8248,200,2600,0,704,0,0,0
Туз.,420|515,9338,394,1,8246,73,1736,0,306,7,0,0
Corvhael,510|537,10339,0,0,8244,82,1831,0,887,0,1,4
Polaykovsi777,544|564,9870,0,0,8242,15,2500,0,360,0,1,6
ROCKET,495|543,10945,0,0,8224,35,2000,0,405,0,0,4
ROCKET,483|549,10945,0,0,8224,35,2000,0,405,0,0,4
ROCKET,486|546,10945,0,0,8224,35,2000,0,405,0,0,4
Yorick,400|511,10211,0,1,8223,19,2361,1,492,6,0,0
Mastak,456|505,10971,1,1,8217,69,2317,0,446,27,0,0
seme4ka-3,535|589,6193,0,0,8217,100,2406,0,870,9,1,0
ROCKET,495|542,10945,0,0,8215,35,2000,0,405,0,0,4
Туз.,420|509,9613,0,0,8213,145,1978,0,395,17,0,4
Mastak,446|444,10971,1,1,8201,138,2098,0,400,100,0,0
Damosha,461|531,4978,0,0,8199,255,2624,0,937,0,0,0
Darksol,474|528,9999,0,5,8195,50,2684,0,600,0,0,3
Mastak,522|517,10971,5,38,8193,105,2035,0,417,75,0,4
Туз.,425|534,9959,0,0,8187,299,1951,0,388,29,0,2
Damosha,489|533,10311,0,0,8186,255,2364,0,405,5,1,0
Xtaz,545|566,10311,0,0,8175,5,2498,0,350,0,0,3
Туз.,408|470,9952,0,0,8175,166,2002,0,403,16,0,1
Rookie,467|528,9623,0,0,8173,97,2573,0,320,10,0,4
Marvable,446|535,9771,0,0,8160,10,3025,0,375,0,0,0
Yorick,484|538,9735,0,1,8159,50,2400,1,500,6,1,3
Apprentice,398|480,10619,10,10,8156,50,2800,0,800,53,1,0
Mastak,461|503,10971,1,1,8148,77,2240,0,395,54,0,0
ROCKET,488|552,10945,0,0,8138,35,2000,0,405,0,0,4
Yorick,428|461,10211,0,1,8131,50,2400,1,500,6,0,0
Marvable,536|605,9745,0,0,8129,10,2708,0,348,0,0,0
Damosha,488|541,10311,0,0,8128,255,2306,0,405,5,0,3
Туз.,443|454,10428,109,0,8128,82,2287,222,291,13,0,0
Corvhael,516|547,10339,0,0,8118,80,1701,0,1017,0,0,4
Darksol,446|577,9999,0,8,8117,12,2414,0,570,0,0,0
Mastak,491|511,10971,1,1,8116,134,2020,0,641,0,0,4
EHoTka,460|448,10019,3471,1069,8113,299,602,169,459,116,0,0
Дагир,420|544,10273,2,2,8100,716,1167,307,698,117,0,0
Токмэн,487|520,10495,0,0,8084,100,1900,0,500,100,0,4
Mastak,474|512,12154,1,1,8082,150,2057,0,400,100,0,0
Mastak,490|510,10971,1,1,8078,130,2049,0,707,0,0,0
Yorick,487|491,10211,0,1,8072,50,2395,1,500,6,0,3
Ewerverds,436|577,10106,0,3,8070,47,3111,0,350,0,0,0
Mastak,456|501,12154,1,1,8070,141,2117,0,398,75,0,0
Corvhael,522|526,10339,0,0,8055,92,2339,12,500,0,0,4
seme4ka-3,512|571,10022,0,0,8054,94,2419,0,330,100,0,3
Megadjal,446|567,5959,0,0,8053,90,2903,0,460,0,0,0
Yorick,460|518,10211,0,1,8052,50,2400,1,500,6,0,3
Yorick,464|523,10211,0,1,8052,50,2400,1,500,6,0,3
Yorick,464|531,10211,0,1,8052,50,2400,1,500,6,0,3
Yorick,465|532,10211,0,1,8052,50,2400,1,500,6,0,3
Yorick,458|534,10211,0,1,8052,50,2400,1,500,6,0,3
Ewerverds,451|591,10106,0,3,8046,49,2996,0,350,0,0,0
seme4ka-3,511|563,10078,0,0,8033,75,2255,0,330,100,0,3
Marvable,402|534,9745,0,0,8026,10,3000,0,375,0,0,0
Apprentice,442|475,10452,10,10,8021,39,2634,0,340,10,0,0
Marvable,420|567,9771,0,0,8020,10,3000,0,375,0,0,0
Дагир,399|523,9615,184,148,8016,612,1400,0,748,20,0,0
Darksol,455|520,9999,0,5,8015,44,2387,0,540,0,0,3
o-O..OnMaine..O-o,480|528,10237,0,0,8013,10,2327,0,500,0,0,3
o-O..OnMaine..O-o,486|526,10237,0,0,8013,10,2353,0,500,0,0,3
Mastak,453|511,10971,1,1,8011,142,2107,0,482,67,0,0
Tjapik,543|530,9959,406,2,8010,25,2062,77,505,44,0,5
Marvable,432|420,9745,0,0,8007,7,2925,0,200,0,0,0
Wogd,573|519,6446,0,0,8006,100,580,0,300,60,0,2
Yorick,499|529,10211,0,1,8006,50,1931,1,500,6,0,4
ROCKET,479|544,10945,0,0,8002,35,2000,0,405,0,0,4
ROCKET,486|550,10945,0,0,8002,35,2000,0,405,0,0,4
Audi Q4,471|570,9771,0,0,8001,10,2321,0,600,0,0,2
Audi Q4,495|583,9771,0,0,8001,10,2321,0,600,0,1,1
Audi Q4,465|571,9771,0,0,8001,10,2321,0,600,0,1,4
Audi Q4,531|528,11430,0,0,8001,10,2227,0,600,0,1,4
Audi Q4,531|532,11430,0,0,8001,10,2227,0,600,0,1,4
mirakses,487|567,10740,0,0,8000,228,2300,0,400,0,0,1
mirakses,502|596,10723,0,0,8000,200,2300,0,400,0,0,2
mirakses,492|558,10628,0,0,8000,200,2300,0,400,0,1,1
mirakses,494|562,10590,0,0,7997,200,2300,0,400,0,0,2
mirakses,452|556,10971,0,0,7994,200,2300,0,400,0,0,1
Marvable,539|602,7391,0,0,7986,10,3000,0,375,0,0,0
Токмэн,480|520,10495,0,0,7984,100,1900,0,800,100,1,4
mirakses,515|541,10654,0,0,7980,200,2300,0,400,0,0,0
Foks,433|484,10694,1000,0,7975,247,1896,0,600,10,0,0
Mastak,456|498,10971,1,1,7971,84,2347,0,446,39,0,0
mirakses,487|585,10637,0,0,7970,229,2300,0,400,0,1,1
mirakses,420|512,10247,0,0,7967,200,2300,0,400,0,0,4
Corvhael,506|537,10339,0,0,7966,91,1931,0,859,0,0,4
Дагир,428|573,9966,0,0,7965,224,1484,0,633,33,0,0
ROCKET,492|541,10945,0,0,7964,35,2000,0,405,0,0,4
seme4ka-3,530|569,10557,0,0,7964,96,2380,0,328,99,0,3
Damosha,406|443,10311,0,0,7962,205,2420,0,404,5,1,0
Дагир,410|554,9966,0,0,7962,394,1585,0,600,19,0,0
o-O..OnMaine..O-o,485|529,10237,0,0,7957,10,2367,0,500,0,0,3
Yorick,476|533,10211,0,1,7952,48,2378,1,498,6,0,4
Darksol,403|513,9999,0,5,7951,17,3622,0,498,0,0,0
Ewerverds,429|566,10106,0,3,7948,48,3141,0,350,0,0,0
Tjapik,496|566,9959,0,2,7948,25,2130,0,579,80,0,5
Tjapik,491|585,9959,27,22,7948,25,2165,0,600,52,0,0
Darksol,455|517,9999,0,5,7947,39,2494,0,530,0,0,0
EHoTka,539|530,10019,693,204,7946,239,1656,93,570,90,0,4
Yorick,486|541,10211,0,1,7942,50,2400,1,500,6,1,4
EHoTka,487|556,10019,733,0,7932,368,2002,38,450,59,0,3
Ewerverds,490|546,10106,0,3,7932,50,3019,0,350,0,0,5
ROCKET,491|542,10945,0,0,7932,35,2000,0,405,0,0,4
Foks,468|562,9902,1000,0,7930,303,2366,0,500,100,0,3
Mastak,449|498,10971,1,1,7930,109,2276,0,437,79,0,0
Megadjal,448|553,10067,0,0,7928,70,2500,0,400,0,0,4
Apprentice,448|475,10117,10,10,7927,50,2672,0,340,10,0,0
Mastak,459|509,10971,1,1,7927,121,2235,0,392,75,0,0
ROCKET,496|543,10945,0,0,7927,35,2000,0,405,0,0,4
ROCKET,497|546,10945,0,0,7926,35,2000,0,405,0,0,4
Mastak,460|493,11824,1,1,7925,149,2266,0,448,44,0,0
Xtaz,488|564,10336,0,0,7922,5,2560,0,350,0,0,3
o-O..OnMaine..O-o,486|531,10237,0,0,7921,10,2376,0,500,0,0,3
Ewerverds,438|575,10106,0,3,7918,49,3148,0,350,0,0,0
Tjapik,500|577,9959,25,18,7916,25,2168,0,552,65,0,2
ROCKET,481|546,10433,0,0,7914,35,2000,0,405,0,0,4
Corvhael,520|558,10339,0,0,7911,98,2472,0,500,9,0,0
Yorick,461|522,10211,0,1,7903,50,2396,1,533,6,0,3
Tjapik,492|577,9959,27,23,7878,25,2165,0,600,65,0,2
Wogd,573|520,6454,0,0,7862,100,467,0,300,46,0,1
Marvable,477|579,9771,0,0,7854,8,2705,0,373,20,0,0
Mastak,437|521,10971,1,1,7851,150,2407,5,930,0,1,0
seme4ka-3,537|569,9829,0,0,7841,95,2450,0,330,100,0,3
Darksol,492|602,9999,0,5,7831,42,2526,0,526,0,0,0
Yorick,498|533,10211,0,1,7826,50,2400,1,500,6,1,3
Tjapik,494|575,9959,21,18,7823,25,2062,0,571,130,0,5
Rookie,466|518,7597,0,0,7821,5,2111,0,393,0,0,0
o-O..OnMaine..O-o,417|450,10237,0,0,7818,10,2495,0,485,0,0,0
Tjapik,498|569,9959,18,14,7817,25,2193,0,600,48,0,5
Tjapik,542|540,9959,337,28,7809,25,2310,0,451,42,0,5
ROCKET,494|541,10945,0,0,7802,35,2000,0,405,0,0,4
Corvhael,502|541,10339,0,0,7798,98,1800,0,910,0,0,4
FlameisteR,470|536,10040,0,0,7798,10,2200,0,717,4,0,3
Corvhael,493|552,10339,0,0,7782,101,2200,0,877,0,0,0
Sergej Kuts,418|563,6374,0,0,7781,200,2600,0,704,0,0,0
Tjapik,493|573,9959,31,26,7775,25,2171,0,600,17,0,2
монарх алексей,484|609,12154,0,0,7775,93,47,0,1160,0,1,5
Ewerverds,471|582,10106,0,2,7769,50,3160,0,350,0,0,1
Tjapik,534|533,9959,152,28,7769,25,2140,0,600,62,0,5
Sergej Kuts,416|536,10512,0,0,7766,153,1984,0,788,0,0,4
seme4ka-3,506|555,10620,0,0,7760,103,2320,0,332,100,0,3
Darksol,418|559,9999,0,5,7757,17,2890,0,500,0,0,0
Mastak,450|499,10971,1,1,7757,116,2326,0,448,67,0,0
Mastak,461|498,10971,1,1,7756,132,2230,0,389,98,0,0
Ewerverds,412|549,10106,0,3,7754,49,3069,0,350,0,0,0
Megadjal,425|574,6058,0,0,7753,100,2967,0,450,0,0,0
Mastak,446|445,10971,2,1,7750,142,2243,0,374,99,0,0
Yorick,529|527,10211,0,1,7749,50,2552,1,477,6,1,1
Xtaz,546|565,10220,0,0,7742,5,2637,0,350,0,0,2
Xtaz,543|568,10211,0,0,7741,5,2613,0,350,0,0,3
Yorick,439|524,10211,0,1,7740,50,2400,1,500,6,0,0
Xtaz,449|500,10311,0,0,7735,5,2583,0,350,0,0,4
seme4ka-3,497|559,10129,0,0,7731,74,2284,0,330,100,0,3
ROCKET,494|545,10945,0,0,7717,35,2000,0,405,0,0,4
Дагир,418|558,9966,1097,0,7716,394,1203,218,723,122,0,3
Туз.,431|546,8885,0,0,7704,99,2066,0,408,8,0,2
Xtaz,494|566,10375,0,0,7694,5,2614,0,350,0,0,3
Yorick,454|533,10211,0,1,7685,50,2400,1,500,6,0,0
Darksol,458|549,9999,0,9,7683,10,2611,0,500,0,0,0
Foks,517|599,10378,1000,0,7683,196,1833,0,498,96,1,2
Corvhael,521|558,10339,0,0,7675,110,2525,0,500,9,0,0
Xtaz,498|548,10311,0,0,7675,5,2623,0,350,0,0,3
Darksol,468|553,9999,0,5,7674,16,2100,0,627,0,0,3
Corvhael,490|545,10339,0,0,7672,91,2332,0,865,0,0,0
Mastak,476|461,12154,0,1,7667,145,2311,0,362,50,0,4
o-O..OnMaine..O-o,490|519,10237,0,0,7667,10,2162,0,700,0,1,4
Damosha,492|537,10311,0,0,7664,255,2397,0,405,5,0,4
Tjapik,541|528,9959,21,3,7663,25,2170,0,462,143,1,5
Ewerverds,506|541,10106,0,3,7660,50,3002,0,350,0,0,6
Mastak,461|504,10971,1,1,7660,144,2268,0,373,98,0,0
Ewerverds,478|574,10106,0,2,7645,50,3156,0,350,0,0,0
Дагир,413|562,9966,0,0,7641,1007,1635,0,420,118,0,2
Corvhael,504|537,10339,0,0,7638,88,1977,0,889,0,0,4
seme4ka-3,499|587,10261,0,0,7638,105,2547,0,330,100,1,0
Токмэн,425|558,10375,0,0,7624,100,1900,0,500,100,0,4
Tjapik,495|587,9959,3,4,7617,25,2220,0,600,24,0,0
Corvhael,495|550,10339,0,0,7613,94,2283,0,857,0,0,0
Damosha,446|517,10311,0,0,7604,255,2872,0,405,5,0,0
Rookie,471|524,9894,0,0,7595,97,2681,0,333,24,0,2
Darksol,463|519,9999,0,5,7589,12,2559,0,560,0,0,0
Токмэн,465|512,9917,0,0,7582,100,1900,0,500,100,0,4
Sergej Kuts,460|586,7078,0,0,7577,200,2600,0,704,0,0,0
Yorick,400|542,10211,0,1,7566,50,2400,1,500,6,0,0
Apprentice,532|574,9966,10,10,7563,50,3070,0,340,10,1,3
Corvhael,510|536,10339,0,0,7559,87,2016,0,874,0,1,4
Corvhael,502|542,10339,0,0,7558,117,1837,0,890,0,0,4
killerDim,454|551,9950,0,0,7555,0,790,0,410,296,1,0
Corvhael,473|606,10339,0,0,7550,110,2800,0,500,0,0,0
EHoTka,525|568,9274,444,42,7547,287,1626,278,589,103,0,3
Mastak,456|515,10971,1,1,7547,145,2319,0,436,97,0,0
Darksol,467|547,9999,0,5,7527,49,2700,0,598,0,0,1
Corvhael,512|552,10339,0,0,7526,82,1859,0,746,0,0,4
o-O..OnMaine..O-o,481|529,10237,0,0,7525,10,2449,0,500,0,0,3
seme4ka-3,451|455,10430,0,0,7516,98,2599,0,329,100,0,0
seme4ka-3,535|567,10019,0,0,7515,105,2546,0,330,100,0,3
Rookie,477|535,9657,0,0,7514,80,2250,0,327,6,0,0
Ewerverds,490|553,10106,0,3,7504,50,2646,0,350,0,0,5
Mastak,458|504,10971,1,1,7503,106,2371,0,446,80,0,0
Audi Q4,464|565,9771,0,0,7501,10,2446,0,600,0,0,1
Audi Q4,462|570,9771,0,0,7501,10,2446,0,600,0,1,0
Audi Q4,467|572,9771,0,0,7501,10,2446,0,600,0,0,0
Audi Q4,463|578,9771,0,0,7501,10,2446,0,600,0,0,0
Audi Q4,461|565,9771,0,0,7501,10,2446,0,600,0,0,0
Audi Q4,472|603,9771,0,0,7501,10,2446,0,600,0,0,0
Audi Q4,426|582,11309,0,0,7501,10,2337,0,600,0,0,0
Audi Q4,514|534,11150,0,0,7500,10,2328,0,500,0,0,4
Sergej Kuts,481|610,5600,0,0,7500,200,2600,0,704,0,0,1
Audi Q4,533|513,11480,0,0,7499,10,2330,0,500,0,1,4
Audi Q4,511|531,11480,0,0,7499,10,2205,0,600,0,0,4
Sergej Kuts,409|555,4859,0,0,7499,200,2600,0,704,0,0,0
Wogd,547|570,6988,0,0,7499,82,3235,0,300,0,0,4
Sergej Kuts,443|590,4906,0,0,7498,200,2600,0,704,0,0,0
Sergej Kuts,433|590,5046,0,0,7498,200,2600,0,704,0,0,0
Sergej Kuts,442|591,5196,0,0,7498,200,2600,0,704,0,0,0
Yorick,420|479,10211,0,1,7498,50,2400,1,500,6,0,0
Audi Q4,532|528,11100,0,0,7497,10,2353,0,600,0,0,4
Wogd,460|560,10559,0,0,7497,100,2522,0,370,80,0,2
Rookie,475|543,7959,0,0,7496,80,1611,0,1194,2,1,0
Mastak,458|499,12154,1,1,7495,75,2360,0,377,55,0,0
Corvhael,519|543,10339,0,0,7491,110,2489,0,500,0,0,4
Darksol,472|509,9999,0,5,7489,37,2497,0,560,0,0,3
Mastak,472|504,11321,1,1,7487,150,2327,0,422,98,0,0
Sergej Kuts,438|591,4450,0,0,7486,187,2402,0,704,0,0,0
Darksol,447|531,9999,0,5,7485,29,2589,0,550,0,0,0
Rookie,479|538,9908,0,0,7483,97,2671,0,333,24,0,4
Tjapik,426|506,9959,25,22,7481,25,2310,0,596,81,0,0
Wogd,504|534,10237,0,0,7481,81,2664,0,348,20,0,4
Darksol,475|529,9999,0,5,7479,48,2744,0,600,0,0,3
seme4ka-3,491|584,10495,0,0,7479,89,2535,0,389,100,0,0
Xtaz,544|566,10971,0,0,7477,4,2634,0,350,0,0,3
Xtaz,571|517,10346,0,0,7476,5,1987,0,350,0,1,3
Darksol,476|530,9999,0,5,7471,48,2746,0,600,0,0,3
Tjapik,497|581,9959,12,14,7471,23,2306,0,380,211,0,2
Damosha,406|442,10311,0,0,7467,205,1995,0,526,5,0,5
Xtaz,502|546,10311,0,0,7467,5,2675,0,350,0,0,3
Mastak,430|453,10971,1,1,7466,143,2240,0,385,79,0,0
ROCKET,495|546,10945,0,0,7466,35,2000,0,405,0,0,4
Ewerverds,472|578,10106,0,3,7457,50,2894,0,549,0,0,0
Rookie,477|516,9581,0,0,7457,97,2736,0,333,24,0,2
Mastak,462|514,10971,1,1,7455,59,2468,0,444,50,0,0
Darksol,462|510,9999,0,5,7450,33,2521,0,550,0,0,3
Mastak,449|504,10971,1,1,7450,150,2371,5,850,0,0,0
seme4ka-3,536|562,10019,0,0,7450,105,2478,0,365,100,0,3
o-O..OnMaine..O-o,417|440,10237,0,0,7448,10,2819,0,300,0,0,0
o-O..OnMaine..O-o,406|445,10237,0,0,7447,108,2484,0,488,0,0,0
Marvable,475|561,7423,0,0,7445,10,3000,0,960,0,0,0
Sergej Kuts,491|593,6058,0,0,7444,200,2600,0,704,0,0,0
Sergej Kuts,515|611,6045,0,0,7433,200,2600,0,704,0,0,0
Ewerverds,463|571,10106,0,3,7425,45,3012,0,509,0,1,0
o-O..OnMaine..O-o,486|527,10237,0,0,7425,10,2475,0,500,0,0,4
Sergej Kuts,429|582,4901,0,0,7421,200,2600,0,704,0,0,0
Apprentice,533|579,9902,9,9,7416,45,2744,0,340,10,0,4
Sergej Kuts,500|598,5988,0,0,7410,200,2600,0,704,0,0,0
Mastak,438|527,10971,1,1,7409,103,2318,0,476,99,0,0
FlameisteR,473|554,9971,0,0,7407,10,2200,0,811,4,0,3
Туз.,405|517,8745,0,0,7406,151,2061,0,413,0,0,2
Darksol,474|572,9999,0,5,7405,35,2594,0,560,0,0,0
Tjapik,491|578,9959,27,22,7404,25,2317,0,600,73,0,2
o-O..OnMaine..O-o,479|525,10237,0,0,7397,10,2507,0,500,0,0,3
Damosha,493|533,10311,0,0,7392,255,2465,0,405,5,0,4
Damosha,448|515,10311,0,0,7392,225,2940,0,405,5,0,0
seme4ka-3,537|567,10129,0,0,7392,105,2560,0,330,100,0,3
Токмэн,469|518,10495,0,0,7388,100,1900,0,500,100,0,4
Yorick,408|536,10211,0,1,7387,50,2400,1,500,6,0,0
Mastak,495|510,10971,1,1,7386,130,1977,0,787,85,1,4
Foks,467|565,9761,976,0,7384,273,2115,0,510,100,0,0
Marvable,476|562,9771,0,0,7376,10,3111,0,375,0,0,2
Corvhael,549|538,10339,0,0,7372,110,2210,0,500,0,0,0
Sergej Kuts,504|609,5908,0,0,7369,200,2600,0,704,0,0,0
Marvable,438|551,9771,0,0,7368,10,2863,0,375,0,0,0
Xtaz,551|536,10311,0,0,7368,5,1731,0,350,0,0,3
Mastak,431|519,10971,1,1,7359,150,2400,0,400,100,1,0
Mastak,448|494,10971,1,1,7359,150,2400,0,400,100,1,0
Mastak,444|450,10971,1,1,7354,146,2373,0,399,67,0,0
Apprentice,461|472,11110,9,9,7351,20,726,0,340,10,0,0
Rookie,475|542,7911,0,0,7351,79,1473,0,931,2,0,1
Токмэн,490|523,10495,0,0,7350,100,1900,0,500,100,0,4
Marvable,493|608,9735,0,0,7347,8,2874,0,373,0,0,0
Mastak,493|496,10971,1,1,7345,145,2394,1,400,44,0,3
seme4ka-3,510|573,10281,0,0,7337,103,2530,0,330,100,0,3
Wogd,503|534,6739,0,0,7336,100,3090,0,310,70,0,4
Mastak,527|528,6659,1,1,7333,135,2105,0,400,0,0,4
Darksol,444|545,9999,0,5,7325,9,2652,0,540,0,0,0
Darksol,469|551,9999,0,5,7324,21,2300,0,626,0,0,0
Mastak,450|452,10971,1,1,7324,141,2372,0,439,85,0,1
Mastak,431|452,10971,1,1,7321,146,2314,0,400,100,0,0
Damosha,489|540,10311,0,0,7316,255,2509,0,405,5,0,3
Yorick,424|477,10211,0,1,7316,50,2400,1,500,6,0,0
Mastak,459|503,10971,1,1,7313,149,2352,0,450,100,0,0
Mastak,439|447,10971,1,1,7311,146,2344,0,378,100,0,0
Rookie,480|538,9413,0,0,7310,97,2708,0,333,24,0,2
Mastak,459|498,12154,1,1,7309,143,2336,0,347,92,0,0
Mastak,477|460,12154,1,1,7308,130,2358,0,400,100,1,0
FlameisteR,481|547,10115,0,0,7305,10,2200,0,824,4,0,3
Mastak,452|503,10971,1,1,7301,150,2367,0,440,100,0,0
Tjapik,496|565,9959,13,14,7301,24,2375,0,400,143,0,5
Rookie,472|526,9894,0,0,7299,91,2716,0,333,45,0,3
Corvhael,494|553,10339,0,0,7298,100,2326,0,753,0,0,0
Xtaz,498|547,10311,0,0,7295,5,2718,0,350,0,0,3
Apprentice,446|477,9955,10,10,7291,50,2869,0,340,10,0,0
Mastak,438|519,10971,1,1,7289,150,2400,0,414,100,1,0
o-O..OnMaine..O-o,407|461,10237,0,0,7288,10,2000,0,407,0,0,0
Damosha,426|442,10311,0,0,7284,255,2592,0,405,5,0,0
EHoTka,520|570,9792,2064,14,7280,166,682,100,554,36,0,3
Marvable,520|595,9771,0,0,7280,10,2885,0,375,0,0,0
Дагир,392|531,10139,0,0,7280,646,1306,0,498,37,0,2
Corvhael,523|591,10339,0,0,7279,105,2618,0,497,0,0,0
Моя бабуля,405|510,10297,0,0,7277,111,2422,0,600,0,1,4
Mastak,503|490,10971,1,1,7271,150,2274,0,400,100,0,3
seme4ka-3,513|595,6841,0,0,7267,100,2135,0,1000,0,1,0
Serginio,490|595,10787,0,0,7259,19,2000,0,500,84,0,0
Darksol,454|523,9999,0,5,7253,27,2636,0,560,0,0,0
FlameisteR,475|553,9985,0,0,7252,30,2200,120,677,4,0,3
Xtaz,497|554,10311,0,0,7251,5,2729,0,350,0,0,3
Marvable,476|564,9771,0,0,7242,10,3111,0,375,0,0,3
Marvable,475|565,9771,0,0,7242,10,3200,0,375,0,0,2
mirakses,438|583,10311,0,0,7242,250,2300,0,400,0,0,2
Tjapik,492|579,9959,12,13,7242,23,2038,0,530,102,0,2
Xtaz,499|558,10311,0,0,7234,5,2409,0,350,0,0,3
Corvhael,517|543,10339,0,0,7231,104,2557,0,500,0,0,4
Darksol,464|543,9999,0,5,7228,10,2400,0,580,0,0,0
Xtaz,538|572,10311,0,0,7225,5,2658,0,350,0,1,6
Mastak,401|506,10971,1,1,7221,80,2372,0,400,100,0,0
Damosha,409|441,7291,0,0,7218,205,3077,0,404,5,1,0
Darksol,477|586,9999,0,10,7218,25,2682,0,530,0,0,0
Darksol,468|585,9999,0,10,7216,15,2675,0,540,0,0,0
Sergej Kuts,491|596,5599,0,0,7213,200,2600,0,704,0,0,0
Marvable,413|523,9771,0,0,7200,10,2905,0,375,0,0,0
Darksol,474|527,9999,0,5,7197,50,2601,0,530,0,0,3
Darksol,447|505,9999,0,5,7195,11,2696,0,530,0,0,0
Mastak,397|523,10971,1,1,7193,150,2344,0,400,100,0,0
Tjapik,513|581,9959,22,18,7193,25,2316,0,600,24,0,2
Yorick,432|548,10211,0,1,7188,49,2687,1,483,6,0,0
Darksol,447|510,9999,0,5,7185,16,2696,0,530,0,0,0
Darksol,452|523,9999,0,9,7185,39,2721,0,500,0,0,0
Sergej Kuts,461|592,5612,0,0,7183,200,2600,0,704,0,0,0
Rookie,464|527,9464,0,0,7182,97,2451,0,432,24,0,0
AdreNoliN,453|550,5494,0,0,7181,33,2665,0,647,0,0,0
Ewerverds,476|573,10106,0,3,7180,48,3213,0,350,0,0,0
Darksol,470|531,9999,0,5,7179,50,2633,0,508,0,0,3
Apprentice,535|571,10040,9,9,7177,50,2800,20,800,10,0,3
Mastak,424|436,10971,1,1,7177,147,2349,0,400,100,0,0
Mastak,421|447,10971,1,1,7177,149,2348,0,400,100,0,0
Rookie,465|521,9093,0,0,7174,97,2840,0,333,46,0,2
Mastak,429|452,10971,1,1,7169,145,2314,0,397,96,0,0
Mastak,464|601,10971,1,1,7169,150,2400,0,440,100,0,0
Ewerverds,469|589,10106,0,3,7168,50,3250,0,350,0,0,1
Mastak,431|447,10971,1,1,7168,150,2359,0,393,100,0,0
Tjapik,503|582,9959,27,21,7168,25,2165,0,580,38,0,5
seme4ka-3,522|605,6204,0,0,7165,100,2522,0,1000,0,0,2
Darksol,462|585,9999,0,4,7164,10,2667,0,560,0,0,0
Sergej Kuts,477|543,9599,0,0,7159,113,2869,0,296,0,0,5
AdreNoliN,448|546,7595,0,0,7157,27,3052,0,434,0,0,0
Sergej Kuts,391|509,5105,0,0,7148,200,2600,0,704,0,0,0
Wogd,450|563,9975,0,0,7148,1,3000,0,303,0,0,0
mirakses,497|579,11162,0,0,7145,200,2300,0,400,0,0,0
Ewerverds,488|580,10106,0,2,7143,49,3222,0,350,0,0,0
Darksol,495|519,9999,0,5,7141,10,2820,0,698,0,0,4
Marvable,412|528,9771,0,0,7140,10,2920,0,375,0,0,0
Mastak,431|451,10971,1,1,7139,149,2359,0,399,100,0,0
Дагир,420|566,10040,0,0,7138,365,1376,0,535,223,1,0
Corvhael,494|542,10339,40,0,7135,98,2274,0,820,0,0,0
Ewerverds,488|585,10106,0,2,7135,49,3224,0,350,0,0,0
Mastak,432|454,10971,1,1,7135,150,2358,0,400,100,0,0
Damosha,460|528,10311,0,0,7132,255,2580,0,405,5,0,2
Sergej Kuts,415|567,7461,0,0,7130,200,2600,0,704,0,0,0
Sergej Kuts,461|587,5187,0,0,7128,200,2600,0,704,0,0,0
Mastak,443|446,10971,1,1,7127,137,2373,0,400,97,0,0
Corvhael,497|549,10339,0,8,7125,107,2380,0,740,0,0,0
Corvhael,513|540,10339,0,0,7124,80,2212,0,807,0,0,4
Mastak,515|516,10971,1,1,7123,149,2262,0,400,100,0,4
Apprentice,510|548,10237,10,10,7119,45,2860,0,310,10,0,3
Mastak,458|505,10971,1,1,7119,150,2400,0,450,100,0,0
Mastak,452|499,10971,1,1,7119,150,2400,0,450,100,0,0
Mastak,464|496,10971,1,1,7119,150,2400,0,450,100,0,0
Mastak,470|516,10971,1,1,7119,150,2400,0,450,100,0,0
Mastak,424|426,10971,1,3,7119,50,2187,0,1108,0,0,0
Mastak,487|499,10971,1,1,7119,150,2400,0,450,100,0,0
Mastak,450|503,10971,1,1,7119,150,2400,0,450,100,0,0
Mastak,473|493,10971,1,1,7119,150,2400,0,450,100,0,0
Mastak,466|493,10971,1,1,7119,150,2400,0,450,100,0,0
Mastak,462|505,10971,1,1,7119,150,2400,0,450,100,0,0
Mastak,486|501,10971,1,1,7119,150,2400,0,450,100,0,0
Mastak,448|524,10971,1,1,7119,150,2400,0,450,100,0,0
Darksol,423|488,9999,0,5,7114,9,2756,0,499,0,0,0
Ewerverds,474|558,10106,0,3,7108,50,3165,0,350,0,0,5
Darksol,462|513,9999,0,5,7106,29,2608,0,551,0,0,3
seme4ka-3,511|572,7717,0,0,7103,99,2101,0,391,100,0,3
Sergej Kuts,467|539,8595,0,0,7103,200,2914,0,305,0,0,5
Ewerverds,472|584,10106,0,3,7102,49,3232,0,350,0,0,0
Xtaz,544|563,10311,0,0,7101,4,2767,0,350,0,0,3
Mastak,456|503,10971,0,695,7094,47,2275,2,447,18,0,0
Ewerverds,495|563,10106,0,3,7091,43,2704,0,389,0,0,5
Marvable,514|593,9771,0,0,7087,9,2935,0,374,0,0,0
Xtaz,493|564,10375,0,0,7086,5,2791,0,350,0,0,2
Mastak,485|506,10971,1,1,7085,148,2372,0,400,100,0,3
Токмэн,474|521,9899,0,0,7085,100,1598,0,500,100,0,4
Darksol,472|530,9999,0,5,7081,50,2630,0,530,0,0,3
Mastak,422|448,10971,1,1,7081,150,2372,0,400,100,0,0
Wogd,477|537,10311,0,0,7079,100,2731,0,310,66,0,3
Mastak,481|499,10971,1,1,7075,150,2411,0,450,100,0,0
ROCKET,479|542,10945,0,0,7074,35,2000,0,405,0,0,4
Foks,470|565,9835,1000,0,7072,279,2054,0,600,100,0,0
Damosha,463|531,10311,0,0,7064,255,2572,0,405,5,0,3
Mastak,422|422,10971,0,0,7060,6,3558,0,1,0,0,2
Corvhael,500|552,10339,0,0,7058,100,2326,0,801,0,0,0
Damosha,489|534,10311,0,0,7056,255,2549,0,405,5,0,4
Xtaz,543|565,10311,0,0,7055,5,2778,0,350,0,0,3
Ewerverds,481|564,10106,0,3,7052,50,3169,0,350,0,0,3
Darksol,448|543,9999,0,5,7051,29,2698,0,550,0,0,0
Rookie,449|527,6762,0,0,7050,82,2414,0,780,150,1,0
Ewerverds,482|556,10106,0,3,7048,50,3240,0,350,0,0,5
Xtaz,544|572,10311,0,0,7047,5,2780,0,350,0,0,3
Corvhael,488|544,10339,0,0,7042,111,2332,0,795,0,0,0
Mastak,471|500,10971,1,1,7041,150,2382,0,400,100,0,0
Corvhael,518|560,10339,0,0,7035,110,2703,0,500,0,0,0
Corvhael,493|550,10339,0,0,7032,100,2330,0,803,0,0,0
seme4ka-3,510|571,10400,0,0,7032,90,2437,0,330,100,0,3
Mastak,486|506,10971,1,1,7031,150,2384,0,400,100,0,3
Mastak,442|449,10971,1,1,7031,149,2385,0,400,100,0,0
Ewerverds,469|584,10106,4,3,7028,50,3249,0,350,0,0,0
Marvable,409|557,9771,0,0,7027,9,2950,0,374,0,0,0
Tjapik,489|580,9959,23,20,7027,24,2262,0,571,69,0,0
AdreNoliN,436|568,7607,0,0,7026,39,3207,0,348,0,0,0
Mastak,436|444,10971,1,1,7025,149,2387,0,399,100,0,0
Mastak,441|447,10971,1,1,7019,149,2389,0,399,100,0,0
Mastak,438|444,10971,1,1,7019,149,2389,0,399,100,0,0
Corvhael,525|555,10339,0,0,7016,110,2698,0,499,0,0,0
Tjapik,506|564,9959,30,27,7016,25,2400,0,600,29,0,6
seme4ka-3,527|567,10257,0,0,7015,94,2533,0,330,100,0,3
Tjapik,514|580,9959,19,16,7012,25,2482,0,600,41,0,2
AdreNoliN,404|507,7589,0,0,7009,20,3127,0,352,0,0,4
Ewerverds,479|557,10106,0,2,7009,50,3240,0,350,0,0,3
o-O..OnMaine..O-o,492|517,10237,0,0,7005,10,2580,0,500,0,0,3
Darksol,455|518,9999,0,5,7003,18,2715,0,550,0,0,0
Xtaz,503|550,10311,0,0,7003,5,2791,0,350,0,0,3
Foks,446|456,10802,1000,0,7001,184,2299,0,500,6,1,0
Ewerverds,469|587,10106,0,3,7000,48,3258,0,350,0,0,0
Ewerverds,495|586,10106,0,3,7000,48,2898,0,350,0,0,0
Rookie,518|611,8743,0,0,6997,82,2688,0,298,150,0,0
Marvable,477|576,9771,0,0,6996,10,3256,0,375,0,0,0
Audi Q4,455|568,9771,0,0,6995,10,2321,0,600,0,0,2
Corvhael,528|565,10339,0,0,6995,110,2713,0,500,0,0,0
Ewerverds,481|562,10106,0,3,6992,50,3134,0,350,0,0,5
Darksol,474|529,9999,0,5,6990,10,2679,0,525,0,0,3
Ewerverds,461|576,10106,0,3,6989,49,2984,0,569,0,1,0
Ewerverds,489|581,10106,0,3,6988,50,3305,0,348,0,0,0
Tjapik,506|570,9959,2,2,6988,25,2167,0,535,61,0,5
seme4ka-3,535|568,10317,0,0,6985,105,2659,0,330,100,0,3
Токмэн,535|528,10495,0,0,6985,100,1900,0,500,100,0,4
Darksol,445|540,9999,0,4,6984,50,2692,0,560,0,0,0
Rookie,513|517,9966,661,0,6982,66,2726,13,240,32,0,4
Ewerverds,466|598,10106,0,3,6980,50,3357,0,350,0,0,1
Mastak,456|504,10971,353,388,6980,149,2254,1,398,80,0,0
Darksol,477|604,9999,0,5,6970,40,2764,0,509,0,0,0
Mastak,467|505,10971,1,1,6969,150,2400,0,400,100,0,0
Mastak,459|508,10971,1,1,6969,150,2400,0,400,100,0,0
Mastak,455|505,10971,1,1,6969,150,2400,0,400,100,0,0
Mastak,462|506,10971,1,1,6969,150,2400,0,400,100,0,0
Mastak,463|496,10971,1,1,6969,150,2400,0,400,100,0,0
Mastak,472|507,10971,1,1,6969,150,2400,0,400,100,0,0
Mastak,490|504,10971,1,1,6969,150,2400,0,400,100,0,0
Mastak,481|498,10971,1,1,6969,150,2400,0,400,100,0,0
Mastak,473|495,10971,1,1,6969,150,2400,0,400,100,0,0
Mastak,474|490,10971,1,1,6969,150,2400,0,400,100,0,0
Mastak,466|498,10971,1,1,6969,150,2400,0,400,100,0,0
Mastak,475|500,10971,1,1,6969,150,2400,0,400,100,0,0
Mastak,465|492,10971,1,1,6969,150,2400,0,400,100,0,0
Mastak,493|505,10971,1,1,6969,150,2400,0,400,100,0,0
Mastak,487|469,10971,1,1,6969,150,2400,0,400,100,0,0
Mastak,463|507,10971,1,1,6969,150,2400,0,400,100,0,0
Mastak,472|493,10971,1,1,6969,150,2400,0,400,100,0,0
Mastak,466|492,10971,1,1,6969,150,2400,0,400,100,0,0
Mastak,445|446,10971,1,1,6969,150,2400,0,400,100,0,0
Mastak,488|500,10971,1,1,6969,150,2400,0,400,100,0,0
Mastak,425|450,10971,1,1,6969,150,2400,0,400,100,0,0
Mastak,456|510,10971,1,1,6969,150,2400,0,400,100,0,0
Mastak,459|519,10971,1,1,6969,150,2400,0,400,100,0,0
Mastak,480|512,10971,1,1,6969,150,2400,0,400,100,0,0
Mastak,489|502,10971,1,1,6969,150,2400,0,400,100,0,0
Mastak,461|507,10971,1,2,6968,150,2400,0,400,100,0,0
Mastak,492|506,10971,2,1,6968,150,2400,0,400,100,0,0
Mastak,435|448,10971,2,1,6968,150,2400,0,400,100,0,0
AdreNoliN,448|548,7851,0,0,6966,48,3068,0,450,0,0,0
Mastak,477|493,10971,1,1,6963,150,2400,1,400,100,0,0
Ewerverds,482|560,10106,0,3,6952,50,3194,0,350,0,0,3
seme4ka-3,453|427,10615,0,0,6950,93,2704,0,330,100,0,0
Sergej Kuts,493|606,5673,0,0,6950,199,2583,0,437,0,0,0
Darksol,477|532,9999,0,5,6945,10,2696,0,520,0,0,3
Ewerverds,470|587,10106,0,3,6944,50,3331,0,350,0,0,0
Ewerverds,490|597,10106,0,3,6944,48,3272,0,350,0,0,0
AdreNoliN,459|540,7851,0,0,6940,31,3165,0,344,0,0,2
Foks,481|556,10311,1000,0,6935,263,2138,0,500,96,0,3
Mastak,481|512,10971,1,1,6935,150,2400,0,400,100,0,0
Ewerverds,471|595,10106,0,3,6934,49,3274,0,350,0,0,0
Apprentice,431|466,10397,8,8,6933,50,3174,60,340,10,0,0
Mastak,464|508,11130,1,1,6932,150,2400,0,400,100,0,0
seme4ka-3,510|580,9845,0,0,6932,81,1839,0,330,72,0,3
Ewerverds,497|586,10106,0,2,6931,47,3026,0,550,0,0,0
Mastak,481|510,11824,1,1,6929,150,2400,0,450,100,0,0
Marvable,523|604,9757,0,0,6927,10,2974,0,375,0,0,0
Corvhael,517|605,10339,0,0,6919,106,2714,0,500,10,0,0
Corvhael,518|555,10339,0,0,6915,110,2733,0,500,0,0,0
Darksol,474|555,9999,0,5,6913,10,2500,0,530,0,0,3
Marvable,522|602,9771,0,0,6912,10,2977,0,375,0,0,0
Mastak,459|494,12154,1,1,6910,150,2400,0,440,100,0,0
Corvhael,525|591,10339,0,0,6908,105,2728,0,499,0,0,0
Mastak,468|507,10971,1,1,6908,150,2400,0,400,100,0,0
Darksol,478|591,9999,0,5,6906,27,2747,0,540,0,0,0
Ewerverds,486|599,10106,0,2,6905,50,3341,0,350,0,0,0
Apprentice,538|575,10040,8,10,6902,50,2900,0,799,10,0,3
Darksol,445|537,9999,0,4,6902,13,2756,0,540,0,0,0
Ewerverds,531|600,7664,0,2,6901,50,3369,0,730,0,0,0
Ewerverds,474|592,10106,0,3,6901,50,3281,0,350,0,0,0
Ewerverds,496|598,10106,0,3,6901,49,3282,0,350,0,0,0
AdreNoliN,432|538,7654,0,0,6899,40,3078,0,471,0,0,0
Corvhael,523|555,10339,0,0,6899,110,2717,0,500,10,0,0
Rookie,474|544,9379,0,0,6895,95,2368,0,333,6,0,3
o-O..OnMaine..O-o,479|529,10237,0,0,6892,9,2615,0,495,0,0,4
seme4ka-3,514|571,10439,0,0,6888,92,2325,0,330,100,0,3
Rookie,462|519,9889,0,0,6887,97,2904,0,309,10,0,2
Xtaz,489|567,10311,0,0,6887,5,2895,0,350,0,0,0
Corvhael,509|568,10339,0,0,6883,128,2716,0,500,8,0,0
Corvhael,517|557,10339,19,0,6880,108,2738,0,500,0,0,0
Corvhael,540|589,10339,0,0,6879,154,2420,0,500,150,0,0
Apprentice,557|579,9832,10,10,6878,50,2966,0,340,10,0,1
Ewerverds,465|584,10106,0,3,6878,49,3288,0,350,0,0,0
Xtaz,508|568,10311,0,0,6875,5,2823,0,350,0,0,3
Darksol,439|569,9999,0,5,6872,10,2791,0,519,0,0,0
Corvhael,512|555,10339,0,0,6870,109,2771,0,585,0,0,0
Xtaz,509|528,10523,0,0,6870,5,2927,0,350,0,1,0
Mastak,484|503,10971,1,1,6869,150,2400,0,400,100,0,3
Mastak,490|466,10971,1,1,6869,150,2400,0,400,100,0,1
Tjapik,512|582,9959,25,22,6868,25,2165,0,480,119,0,5
Darksol,462|511,9999,0,5,6867,12,2777,0,530,0,0,0
Rookie,466|528,9711,0,0,6862,97,2892,0,269,6,0,7
Corvhael,515|546,10339,5,0,6860,110,2644,1,500,0,0,4
Mastak,478|508,12154,1,1,6860,150,2400,0,450,100,0,0
Apprentice,541|521,10301,9,10,6859,40,2386,0,357,10,0,3
Darksol,430|563,9999,0,10,6858,14,2815,0,500,0,0,0
mirakses,450|557,10971,0,0,6856,200,2300,0,400,0,1,4
Darksol,453|543,9999,0,5,6855,44,2742,0,548,0,0,0
Mastak,462|492,10971,98,18,6855,150,2400,0,400,100,0,0
Corvhael,518|553,10339,0,0,6854,97,2639,0,500,0,0,4
Ewerverds,495|599,10106,0,3,6853,49,3294,0,350,0,0,0
Ewerverds,490|551,10106,0,3,6852,50,3229,0,350,0,0,5
Ewerverds,488|597,10106,0,3,6852,48,3235,0,350,0,0,0
Ewerverds,485|584,10106,0,2,6852,48,3209,0,563,0,0,0
Corvhael,493|553,10339,0,0,6851,92,2232,0,785,0,0,0
Darksol,459|590,9999,0,5,6851,21,2752,0,550,0,0,0
Mastak,469|488,11130,1,1,6850,150,2400,0,400,100,0,0
Ewerverds,467|571,10106,0,3,6849,50,3414,0,350,0,0,0
Токмэн,470|520,10091,0,0,6849,100,1733,0,496,100,0,4
AdreNoliN,442|553,5494,0,0,6847,37,2849,0,640,0,0,0
Foks,510|587,10378,1000,0,6847,250,2305,0,500,10,0,2
Darksol,448|533,9999,0,5,6841,13,2821,0,500,0,0,0
Darksol,450|540,9999,0,9,6837,15,2820,0,500,0,0,0
Mastak,496|504,10971,1,1,6830,150,2400,0,400,100,0,4
Marvable,535|597,9735,0,0,6829,10,3000,0,375,0,0,0
Tjapik,515|578,9959,0,2,6829,25,2165,0,556,31,0,5
Corvhael,534|553,10339,0,0,6827,134,2666,0,500,0,0,0
Ewerverds,466|583,10106,0,3,6826,49,3301,0,350,0,0,0
Marvable,516|592,9745,0,0,6826,10,3000,0,375,0,0,0
Marvable,541|600,9745,0,0,6826,10,3000,0,375,0,0,0
Darksol,458|510,9999,0,5,6825,36,2701,0,530,0,0,3
Ewerverds,483|561,10106,0,3,6824,50,3176,0,350,0,0,5
Darksol,454|532,9999,0,9,6823,38,2812,0,500,0,0,0
Marvable,480|587,9757,0,0,6823,10,3000,0,375,0,0,0
Mastak,468|511,11130,110,1,6823,150,2400,0,400,100,0,0
Xtaz,447|498,10311,0,0,6823,5,2861,0,350,0,0,2
Corvhael,528|523,10339,0,0,6822,110,2532,0,610,0,0,0
Mastak,469|500,10971,1,1,6822,150,2400,0,400,100,0,0
Marvable,449|543,9771,0,0,6820,10,3000,0,375,0,0,0
Marvable,455|535,9771,0,0,6820,10,3000,0,375,0,0,0
Marvable,465|558,9771,0,0,6820,10,3000,0,375,0,0,0
Marvable,481|583,9771,0,0,6820,5,3000,0,375,0,1,0
Marvable,434|579,9771,0,0,6820,10,3000,0,375,0,0,0
Marvable,482|578,9771,0,0,6820,10,3000,0,375,0,0,0
Marvable,489|536,9771,0,0,6820,5,3000,0,375,0,1,0
Marvable,535|598,9771,0,0,6820,10,3000,0,375,0,0,0
Mastak,471|504,10971,1,1,6819,150,2400,0,400,100,0,0
Ewerverds,473|585,7664,0,3,6817,49,3383,0,350,0,0,0
Ewerverds,460|591,10106,0,3,6816,50,3303,0,350,0,0,0
Mastak,479|496,10971,1,1,6813,150,2389,0,400,100,0,2
Ewerverds,473|592,10106,0,3,6812,50,3304,0,350,0,0,0
Ewerverds,483|572,10106,13,3,6803,50,3303,0,350,0,0,0
Mastak,470|500,10971,1,1,6801,150,2400,0,400,100,0,0
Ewerverds,458|581,10106,0,3,6800,50,3307,0,350,0,0,0
Corvhael,524|557,10339,0,0,6799,110,2742,0,500,10,0,0
Ewerverds,447|580,10106,0,3,6797,49,3308,0,350,0,0,0
Rookie,445|524,9441,0,0,6797,97,2682,0,309,141,0,4
Wogd,451|562,9975,0,0,6797,1,3059,0,326,0,0,0
Ewerverds,491|549,10014,0,3,6793,50,2856,0,350,0,0,5
Sergej Kuts,466|538,9298,0,0,6783,200,2903,0,305,0,0,5
Ewerverds,463|586,10106,0,3,6782,49,3312,0,350,0,0,0
Mastak,485|501,10971,189,1,6781,150,2400,0,400,100,0,0
Ewerverds,468|580,10106,0,3,6780,50,3372,0,350,0,0,0
Apprentice,505|593,9923,7,7,6775,50,2972,0,340,10,0,0
Audi Q4,449|592,9771,0,0,6774,10,2446,0,600,0,0,3
Wogd,438|481,10636,0,0,6774,0,2972,0,298,0,0,0
Corvhael,501|554,10339,0,0,6769,121,2744,0,500,10,0,0
Mastak,438|439,10971,1,1,6769,150,2400,0,400,100,0,2
Darksol,476|534,9987,0,5,6767,50,2500,0,549,0,0,3
Ewerverds,458|580,10106,0,2,6761,50,3317,0,350,0,0,0
Ewerverds,451|589,10106,0,3,6761,49,3317,0,350,0,0,0
Mastak,470|491,10971,1,1,6758,150,2400,0,450,100,0,0
Apprentice,503|594,11550,163,29,6756,41,2721,41,340,10,0,0
Darksol,452|516,9999,0,5,6755,10,2844,0,500,0,0,0
Ewerverds,457|587,10106,0,3,6752,50,3319,0,350,0,0,0
Ewerverds,507|599,10106,0,3,6752,50,3319,0,350,0,0,0
seme4ka-3,563|575,10253,0,0,6750,118,2820,0,330,35,0,4
Ewerverds,456|584,10106,0,3,6748,48,3321,0,350,0,0,0
Mastak,447|451,10971,40,1,6745,150,2471,0,460,100,0,0
Foks,473|565,11420,1000,0,6740,268,2321,0,500,10,0,2
Apprentice,522|586,9976,10,10,6736,45,3009,0,340,10,0,0
Wogd,507|532,10237,0,0,6736,100,2857,0,335,20,0,4
Mastak,486|500,10971,1,1,6735,150,2400,7,450,100,0,0
Mastak,493|506,10971,1,1,6735,150,2400,0,400,100,0,4
Ewerverds,445|584,10106,0,3,6730,49,3325,0,350,0,0,0
seme4ka-3,518|575,10398,0,0,6725,83,2346,0,330,100,0,3
Corvhael,516|555,10339,0,0,6724,109,2742,0,496,0,0,0
Corvhael,531|590,10339,0,0,6723,110,2781,0,500,0,0,0
Damosha,451|518,10311,0,0,6720,255,3093,0,405,5,0,0
Apprentice,514|542,10237,10,10,6719,0,2920,0,340,10,0,4
Darksol,447|529,9999,0,5,6719,38,2789,0,540,0,0,0
Mastak,468|492,10971,1,1,6719,150,2400,0,450,100,0,0
Ewerverds,481|585,10106,0,2,6717,50,3328,0,350,0,0,0
Mastak,467|512,12154,1,1,6710,150,2400,0,400,100,0,0
Megadjal,451|563,9568,0,0,6709,86,2878,0,400,0,0,2
Darksol,473|530,9999,0,5,6707,48,2724,0,530,0,0,3
Mastak,468|498,10971,1,1,6705,150,2400,0,400,100,0,0
Ewerverds,491|600,10106,0,3,6704,50,3331,0,350,0,0,0
seme4ka-3,516|585,10620,0,0,6703,88,2464,0,571,100,1,0
Corvhael,516|593,10339,0,0,6701,119,2782,0,500,0,0,0
Ewerverds,435|582,10106,0,2,6701,50,3332,0,350,0,0,0
Corvhael,528|592,10339,0,0,6700,110,2786,0,500,0,0,0
Ewerverds,452|575,10106,0,3,6700,50,3332,0,350,0,0,0
Ewerverds,411|550,10106,0,3,6696,50,3333,0,350,0,0,0
Corvhael,514|554,10339,0,0,6695,110,2788,0,500,0,0,0
Corvhael,521|541,10339,0,0,6695,110,2614,0,500,0,0,4
Apprentice,544|581,9976,10,9,6689,47,3020,0,340,10,0,0
Corvhael,545|593,10339,0,0,6687,105,2706,0,497,30,0,0
Ewerverds,492|553,10106,0,3,6685,50,2997,0,569,0,0,5
Mastak,437|461,10636,1,1,6681,150,2400,0,400,100,0,0
Darksol,448|538,9999,0,4,6680,44,2846,0,500,0,0,0
Ewerverds,484|573,10106,0,3,6680,50,3337,0,350,0,0,0
Ewerverds,481|576,10106,0,3,6676,50,3338,0,350,0,0,0
Apprentice,508|545,9976,48,10,6672,50,2970,0,300,0,0,4
Apprentice,438|475,9912,127,7,6665,49,3000,0,340,10,0,0
o-O..OnMaine..O-o,479|526,10237,0,0,6665,10,2675,0,492,0,0,4
Mastak,413|517,10971,1,1,6664,150,2030,5,825,0,0,0
Токмэн,468|518,9772,0,0,6663,100,1733,0,443,90,0,4
Ewerverds,531|534,10106,0,3,6662,50,2904,0,350,0,1,3
Ewerverds,469|597,10106,0,3,6658,47,2984,0,350,0,0,0
Apprentice,510|547,10040,10,10,6653,50,2973,0,290,10,0,4
Sergej Kuts,472|541,8601,0,0,6652,200,2983,0,305,0,0,5
Ewerverds,458|582,10106,0,3,6648,48,2986,0,350,0,0,0
Corvhael,500|551,10339,0,0,6647,110,2800,0,500,0,0,0
Corvhael,493|551,10339,0,0,6647,110,2800,0,500,0,0,0
Corvhael,519|555,10339,0,0,6647,110,2800,0,500,0,0,0
Corvhael,517|556,10339,0,0,6647,110,2800,0,500,0,0,0
Corvhael,501|558,10339,0,0,6647,110,2800,0,500,0,0,0
Corvhael,513|560,10339,0,0,6647,110,2800,0,500,0,0,0
Corvhael,515|563,10339,0,0,6647,110,2800,0,500,0,0,0
Corvhael,517|563,10339,0,0,6647,110,2800,0,500,0,0,0
Corvhael,518|564,10339,0,0,6647,110,2800,0,500,0,0,0
Corvhael,521|562,10339,0,0,6647,110,2800,0,500,0,0,0
Corvhael,519|564,10339,0,0,6647,110,2800,0,500,0,0,0
Corvhael,515|568,10339,0,0,6647,110,2800,0,500,0,0,0
Corvhael,531|555,10339,0,0,6647,110,2723,0,500,0,0,0
Corvhael,514|546,10339,0,0,6647,90,2700,0,500,0,0,4
Corvhael,513|585,10339,0,0,6647,110,2800,0,500,0,0,0
Corvhael,516|586,10339,0,0,6647,110,2800,0,500,0,0,0
Corvhael,514|586,10339,0,0,6647,110,2800,0,500,0,0,0
Corvhael,514|585,10339,0,0,6647,110,2800,0,500,0,0,0
Corvhael,525|586,10339,0,0,6647,110,2800,0,500,0,0,0
Corvhael,519|587,10339,0,0,6647,110,2800,0,500,0,0,0
Corvhael,541|588,10339,0,0,6647,110,2800,0,500,0,0,0
Corvhael,542|587,10339,0,0,6647,110,2800,0,500,0,0,0
Corvhael,532|597,10339,0,0,6647,110,2800,0,500,0,0,0
Corvhael,520|603,10339,0,0,6647,110,2800,0,500,0,0,0
Corvhael,526|601,10339,0,0,6647,110,2800,0,500,0,0,0
Corvhael,521|601,10339,0,0,6647,110,2800,0,500,0,0,0
Corvhael,515|597,10339,0,0,6647,110,2800,0,500,0,0,0
Corvhael,524|605,10339,0,0,6647,110,2800,0,500,0,0,0
Corvhael,538|601,10339,0,0,6647,110,2800,0,500,0,0,0
Corvhael,533|603,10339,0,0,6647,110,2800,0,500,0,0,0
Darksol,410|520,9999,0,5,6647,36,2858,0,500,0,0,0
Дагир,505|533,10461,45,24,6643,513,2034,0,338,27,0,6
Mastak,493|495,10971,228,1,6642,150,2400,0,400,100,0,1
Corvhael,511|564,10339,0,0,6641,113,2800,0,500,0,0,0
Corvhael,514|596,10339,0,0,6641,113,2800,0,500,0,0,0
Rookie,475|526,10296,0,0,6641,65,1906,0,333,10,0,4
Apprentice,537|577,9902,10,10,6640,20,2985,0,340,5,0,3
Marvable,454|540,9757,0,0,6639,10,2971,0,375,0,0,3
Sergej Kuts,495|596,9327,0,0,6639,156,2600,0,680,0,0,0
Wogd,548|574,6667,0,0,6639,97,3258,0,349,19,0,1
Apprentice,443|476,9902,10,10,6636,45,3003,0,340,10,0,0
Ewerverds,458|585,10106,0,2,6634,40,2781,0,350,0,0,0
Corvhael,527|563,10339,0,1,6632,117,2800,0,500,0,0,0
Corvhael,516|546,10339,0,0,6631,98,2700,0,500,0,0,4
Corvhael,511|588,10339,0,0,6630,110,2793,0,499,0,0,0
Токмэн,477|520,10495,0,0,6630,100,1611,0,500,100,0,4
Corvhael,514|567,10339,0,0,6627,120,2800,0,500,0,0,0
Corvhael,530|588,10339,0,0,6623,110,2800,4,500,0,0,0
Corvhael,527|561,10339,0,0,6621,123,2800,0,500,0,0,0
Corvhael,509|538,10339,0,0,6620,90,2692,0,520,0,1,4
Marvable,476|560,9771,0,0,6620,10,3000,0,375,0,0,2
Marvable,475|560,9771,0,0,6620,10,3000,0,375,0,0,2
Marvable,479|565,9771,0,0,6620,10,3000,0,375,0,0,2
Corvhael,521|586,10339,0,0,6613,127,2800,0,500,0,0,0
Darksol,467|592,9999,0,5,6613,8,2880,0,500,0,0,0
Corvhael,523|560,10339,0,0,6608,129,2800,0,500,0,0,0
Corvhael,517|570,10339,42,0,6605,110,2800,0,500,0,0,0
o-O..OnMaine..O-o,410|458,10237,0,0,6605,10,2000,0,407,0,0,0
Токмэн,449|442,11558,455,436,6605,435,1831,144,463,97,1,6
Ewerverds,486|571,10106,0,3,6604,50,2921,0,350,0,0,3
Rookie,473|539,9294,0,0,6604,97,2929,0,333,18,0,0
Corvhael,530|556,10339,0,0,6601,133,2800,0,500,0,0,0
seme4ka-3,509|580,10738,0,0,6600,83,2247,0,330,100,0,1
Ewerverds,501|590,10106,0,3,6598,47,2999,0,350,0,0,0
Ewerverds,401|526,10106,0,3,6596,50,3358,0,350,0,0,0
Corvhael,523|565,10339,0,0,6594,110,2800,0,500,0,0,0
Marvable,453|545,9771,0,0,6592,10,3057,0,375,0,0,0
Apprentice,536|577,9690,9,9,6590,50,2985,0,340,10,0,3
Mastak,432|437,12154,1,1,6581,149,2384,0,399,100,0,2
Corvhael,511|594,10339,0,0,6577,145,2800,0,500,0,0,0
Mastak,470|490,10971,1,1,6577,150,2529,0,455,100,0,0
Mastak,424|423,9328,0,0,6576,13,2525,0,9,10,1,0
Darksol,455|532,9999,0,9,6575,18,2884,0,500,0,0,0
Mastak,396|514,10971,1,1,6574,150,2400,0,400,100,0,0
Mastak,442|442,10971,182,1,6570,150,2400,0,400,100,0,0
Mastak,507|514,10971,1,1,6569,150,2400,0,400,100,0,4
Mastak,506|515,10971,1,1,6569,150,2400,0,400,100,0,4
Mastak,496|494,10971,1,1,6569,150,2400,0,400,100,0,4
Apprentice,527|549,10058,15,18,6567,44,2973,0,340,10,0,0
Wogd,488|604,10495,0,0,6562,21,2837,0,478,0,0,2
Ewerverds,498|583,10106,0,2,6553,50,3369,0,350,0,0,0
Apprentice,556|580,9902,24,10,6550,50,3054,0,340,10,0,0
Wogd,453|561,9984,0,0,6550,100,2913,0,340,70,0,0
Apprentice,532|578,9924,10,10,6548,49,2931,0,332,10,0,3
Corvhael,519|557,10339,0,0,6547,110,2800,0,520,0,0,0
Mastak,487|506,10971,1,1,6547,131,2940,0,300,0,0,0
Apprentice,500|585,9902,10,10,6540,48,3061,0,340,10,0,0
Mastak,475|505,10971,1,1,6540,150,2400,0,400,100,0,0
Darksol,471|530,9999,0,5,6531,50,2805,0,500,0,0,3
Marvable,535|605,9735,0,0,6529,10,3075,0,375,0,0,0
Damosha,455|514,10311,0,0,6528,255,2731,0,405,5,0,2
Marvable,487|537,9771,0,0,6528,10,2998,0,375,0,0,3
Mastak,398|451,10971,1,1,6528,150,2102,5,818,0,0,0
o-O..OnMaine..O-o,519|532,10237,0,0,6527,9,2700,0,500,0,0,4
Marvable,487|536,9771,0,0,6524,10,2999,0,375,0,0,3
Marvable,484|542,9757,0,0,6523,10,3000,0,375,0,0,3
Marvable,483|542,9757,0,0,6523,10,3000,0,375,0,0,3
Wogd,454|562,9985,0,0,6521,100,2945,0,320,70,0,0
Marvable,454|537,9771,0,0,6520,10,3000,0,375,0,0,3
Marvable,477|561,9771,0,0,6520,10,3000,0,375,0,0,3
Marvable,484|533,9771,0,0,6520,10,3000,0,375,0,0,3
Marvable,485|537,9771,0,0,6520,10,3000,0,375,0,0,3
Marvable,486|534,9771,0,0,6520,10,3000,0,375,0,0,3
Rookie,482|520,10221,0,0,6519,97,3019,0,220,63,0,2
Rookie,467|517,10378,0,0,6517,92,2722,0,270,120,0,3
Marvable,486|484,9788,0,0,6516,10,3000,0,375,0,0,3
Токмэн,474|515,8941,0,0,6513,99,1595,0,496,100,0,4
Rookie,464|526,9865,0,0,6509,97,2929,0,333,18,0,0
Damosha,493|534,10311,0,0,6504,255,2687,0,405,5,0,4
Darksol,449|557,9999,0,5,6504,29,2772,0,600,0,0,0
Darksol,444|537,9999,0,5,6501,23,2838,0,550,0,0,0
Mastak,413|431,10971,1,1,6500,69,1790,0,1222,20,0,0
Wogd,458|558,10559,0,0,6500,100,2860,0,355,70,0,0
Ewerverds,483|562,10106,0,3,6496,50,2948,0,350,0,0,3
Mastak,488|502,10971,490,1,6480,150,2400,0,400,100,0,0
Foks,508|591,10220,1000,0,6474,189,2306,0,472,6,0,0
Marvable,486|535,10003,0,0,6468,10,3000,0,375,0,0,3
Ewerverds,467|575,10106,0,3,6467,48,3123,0,562,0,1,0
Wogd,464|552,10559,0,0,6467,100,2947,0,308,60,0,0
Darksol,474|598,9999,0,5,6465,45,2894,0,504,0,0,0
Mastak,486|514,10971,1,1,6462,150,2400,5,735,0,0,0
Yorick,461|520,10211,0,1,6459,50,2000,1,498,6,0,3
AdreNoliN,489|538,7866,0,0,6457,26,3147,0,388,0,0,2
Darksol,452|534,9999,0,9,6457,15,2915,0,500,0,0,0
Wogd,460|569,10375,0,0,6456,100,2912,0,330,70,0,0
Rookie,477|542,9985,0,0,6455,99,2720,48,270,141,0,3
Mastak,436|504,10971,1,1,6454,150,2528,0,478,100,1,0
Damosha,462|515,10311,0,0,6452,255,2725,0,405,5,0,3
Corvhael,504|539,10339,0,0,6451,108,2750,0,500,0,0,4
Foks,486|575,10217,1110,0,6447,188,2048,0,553,96,0,0
Rookie,512|518,9506,1402,1,6443,64,2553,0,254,114,1,4
Marvable,448|583,9771,0,0,6420,10,3100,0,375,0,0,0
Marvable,524|539,9771,0,0,6420,10,3000,0,375,0,0,4
Marvable,524|534,9771,0,0,6420,10,3000,0,375,0,0,4
o-O..OnMaine..O-o,486|543,10237,0,0,6417,10,2726,0,500,0,0,3
o-O..OnMaine..O-o,458|530,10237,0,0,6417,10,2827,0,476,0,0,0
Marvable,419|530,9771,0,0,6408,10,3103,0,375,0,0,0
Ewerverds,507|542,10106,0,2,6405,50,3341,0,350,0,0,5
Wogd,496|593,10495,0,0,6402,100,2875,0,360,80,0,0
Damosha,492|533,10311,0,0,6400,255,2713,0,405,5,0,4
Sergej Kuts,479|581,9643,0,0,6400,188,2560,0,702,0,0,0
Sergej Kuts,444|592,5200,0,0,6398,200,2600,0,704,0,0,0
Sergej Kuts,398|536,5878,0,0,6398,200,2600,0,704,0,0,0
Rookie,446|525,6794,0,0,6396,82,2000,0,394,2,0,0
Wogd,462|547,10495,0,0,6396,1,3085,0,300,0,0,3
Darksol,458|588,9999,0,5,6391,8,2811,0,600,0,0,0
Apprentice,511|543,10237,8,10,6389,45,3055,0,300,10,0,3
Mastak,459|538,10971,1,1,6387,150,2400,0,400,100,0,0
Ewerverds,458|577,10106,0,2,6381,46,3054,0,350,0,0,0
Marvable,511|601,9771,0,0,6380,10,3110,0,375,0,0,0
Darksol,431|564,9999,0,5,6377,31,2928,0,500,0,0,0
Foks,518|597,9761,1013,0,6370,280,1970,0,414,100,0,2
Mastak,471|505,10971,1,1,6369,150,2400,0,400,100,0,0
XroM,450|494,9999,0,7,6369,97,2396,0,806,9,0,4
Darksol,444|544,9829,0,5,6367,10,2931,0,520,0,0,0
Marvable,453|544,9771,0,0,6360,10,3115,0,375,0,0,0
Ewerverds,468|577,10106,0,3,6355,48,3163,0,553,0,1,0
Ewerverds,495|581,10106,0,3,6352,50,3419,0,350,0,0,0
FlameisteR,481|550,10083,232,1,6352,10,2200,0,981,4,0,3
Wogd,500|550,10375,0,0,6352,100,2888,0,310,70,0,3
Apprentice,533|578,10495,4,4,6350,20,2910,30,340,4,0,2
Apprentice,530|525,10157,9,10,6349,44,3050,0,340,10,0,0
Darksol,455|584,9999,0,5,6345,33,2860,0,560,0,0,0
Apprentice,528|576,9966,10,10,6341,50,3018,0,340,10,0,3
Mastak,490|507,10636,716,1,6335,150,2400,0,400,100,0,0
seme4ka-3,534|569,9879,0,0,6332,91,2829,0,330,100,0,3
Туз.,496|538,11355,0,0,6332,104,1122,0,270,8,1,6
Ewerverds,500|591,10106,0,3,6325,49,3155,0,567,0,0,0
Wogd,429|543,10375,0,0,6322,100,3003,0,300,60,0,0
Darksol,459|515,9999,0,5,6319,22,2947,0,500,0,0,0
Darksol,416|544,9999,0,5,6319,8,3254,0,500,0,0,0
Mastak,476|501,10971,1,1,6319,150,2400,0,400,100,0,0
Foks,465|568,10495,1000,0,6317,250,2235,0,597,100,0,0
o-O..OnMaine..O-o,514|525,10237,0,0,6317,10,2822,0,444,0,0,4
Дагир,410|560,10224,0,0,6316,339,1551,0,761,116,0,0
Apprentice,535|572,11583,10,10,6314,22,2948,0,340,10,0,3
Darksol,475|590,9999,0,5,6313,35,2917,0,520,0,0,0
seme4ka-3,506|587,10625,0,0,6310,100,2641,0,503,100,1,0
o-O..OnMaine..O-o,458|528,10237,0,0,6309,10,2779,0,486,0,0,3
Сергейя,468|606,7150,0,0,6308,0,3100,0,350,100,0,0
Wogd,494|605,10495,0,0,6304,100,2882,0,350,70,0,2
Darksol,461|549,9999,0,4,6303,9,2600,0,520,0,0,0
Дагир,403|515,9966,21,0,6303,373,1644,0,364,117,0,0
Marvable,514|594,9735,0,0,6301,10,3132,0,375,0,0,0
Darksol,476|555,9999,0,5,6299,11,2600,0,510,0,0,3
Darksol,430|571,9999,0,5,6297,37,2945,0,500,0,0,0
o-O..OnMaine..O-o,460|529,10237,0,0,6297,10,2757,0,500,0,0,4
XroM,498|543,9999,0,0,6294,3,1941,0,737,3,0,6
Darksol,452|582,9999,0,5,6287,28,2852,0,580,0,0,0
Damosha,460|530,10311,0,0,6284,255,2792,0,405,5,0,2
Apprentice,511|542,10311,10,10,6283,45,3002,0,340,10,0,4
Mastak,475|508,12154,1,1,6281,150,2544,0,450,100,0,0
Mastak,474|506,12154,1,1,6276,150,2400,0,400,100,0,0
Darksol,456|581,9999,0,5,6273,25,2867,0,572,0,0,0
Darksol,409|530,9999,0,5,6273,37,2951,0,500,0,0,0
Wogd,506|535,10523,0,0,6268,100,2930,0,300,20,0,5
Darksol,471|528,9999,0,5,6267,50,2871,0,500,0,0,3
Darksol,458|550,9999,0,5,6267,14,2964,0,500,0,0,0
Darksol,454|584,9999,0,5,6265,28,2865,0,574,0,0,0
Darksol,457|524,9999,0,4,6264,10,2967,0,500,0,0,0
Darksol,453|583,9999,0,5,6264,43,2862,0,570,0,0,0
Wogd,501|532,9888,0,0,6263,100,3024,0,313,20,0,4
Rookie,500|506,10301,30,1,6261,97,2875,0,270,87,0,5
Corvhael,516|558,10339,0,0,6257,110,2800,0,578,0,0,0
Damosha,459|520,10311,0,0,6256,255,2799,0,405,5,0,2
Darksol,455|524,9999,0,4,6256,11,2968,0,500,0,0,0
Apprentice,534|575,10040,9,9,6254,9,3076,0,340,0,0,3
Ewerverds,462|582,10106,0,2,6253,50,3084,0,350,0,0,0
Wogd,550|576,11074,0,0,6253,100,2844,0,345,40,0,2
Ewerverds,456|575,10106,0,3,6252,50,3084,0,350,0,0,0
Corvhael,509|536,10339,0,0,6249,108,1906,0,720,0,1,4
Damosha,455|529,10311,0,0,6244,255,2802,0,405,5,0,2
Darksol,476|567,9999,0,10,6244,17,2967,0,500,0,0,0
Apprentice,537|578,9902,10,10,6241,45,3096,0,313,10,0,3
Damosha,422|440,10311,0,0,6236,255,2779,0,405,5,0,3
Corvhael,515|551,10339,0,0,6229,119,2800,0,500,0,0,4
Xtaz,509|532,10158,0,0,6225,5,2968,0,350,0,0,4
Foks,438|446,11635,1000,0,6222,213,2200,0,700,6,0,0
Apprentice,532|584,10262,10,10,6220,46,3124,0,337,10,0,0
Ewerverds,474|585,10106,0,3,6219,50,2806,0,581,0,0,0
Apprentice,454|475,10160,10,10,6210,39,2711,0,340,10,0,0
Marvable,511|591,9771,0,0,6210,10,3150,0,375,0,1,0
Darksol,421|507,9999,0,5,6208,8,2958,0,499,0,0,0
Wogd,524|593,10375,0,0,6194,100,3035,0,300,60,0,0
Apprentice,515|583,10001,10,10,6193,50,3091,0,320,10,0,3
Apprentice,522|549,10375,10,10,6190,20,2968,0,340,10,0,4
Darksol,472|527,9999,0,5,6187,48,2892,0,500,0,0,3
Darksol,426|493,9999,0,5,6187,18,2982,0,500,0,0,0
Apprentice,526|579,9966,10,6,6177,50,3110,0,300,10,0,3
Marvable,418|527,9771,0,0,6176,10,3161,0,375,0,0,0
Darksol,440|572,9999,0,5,6175,26,2981,0,500,0,0,0
Darksol,412|564,9999,0,5,6173,8,2943,0,498,0,0,0
o-O..OnMaine..O-o,515|527,10237,0,0,6173,10,2843,0,456,0,0,4
Darksol,446|584,9999,0,10,6170,16,2986,0,500,0,0,0
Darksol,474|574,9999,0,4,6168,10,2991,0,500,0,0,0
Wogd,542|594,10237,0,0,6160,100,2864,0,310,60,0,0
Darksol,414|504,9999,0,5,6157,9,3174,0,500,0,0,0
Wogd,502|534,7592,0,0,6157,81,2338,0,347,20,0,4
Wogd,496|524,6923,0,0,6157,100,3307,0,400,50,0,4
Ewerverds,520|601,10106,0,3,6156,50,3108,0,350,0,0,0
Ewerverds,432|569,10106,0,3,6152,50,3109,0,350,0,0,0
Damosha,408|442,10311,0,0,6143,155,2901,0,403,5,1,0
Corvhael,516|565,10339,2,0,6142,110,2800,0,500,0,0,0
Wogd,508|534,10311,0,0,6141,100,2905,0,380,40,0,4
Darksol,448|530,9999,0,4,6138,39,2984,0,500,0,0,0
seme4ka-3,535|569,10201,0,0,6131,103,2846,0,316,95,0,3
Audi Q4,449|593,9771,0,0,6130,10,2446,0,600,0,0,0
Apprentice,531|561,10065,11,10,6129,20,3003,41,340,10,0,3
Darksol,402|499,9999,0,10,6120,16,2954,0,496,0,0,0
Apprentice,515|550,10040,10,10,6109,23,3060,0,340,10,0,4
Ewerverds,503|588,10106,0,2,6101,43,2803,0,608,0,0,0
Wogd,465|549,10559,0,0,6100,100,2930,0,319,70,0,3
Rookie,477|533,8779,0,0,6099,0,2081,0,270,0,0,0
o-O..OnMaine..O-o,535|541,10237,0,0,6095,10,2800,0,486,0,0,5
Apprentice,530|575,9966,8,10,6093,45,3083,0,340,10,0,3
Sergej Kuts,467|546,10375,0,0,6089,200,3000,0,305,0,0,5
Apprentice,536|579,10190,7,8,6087,46,3170,0,340,10,0,0
Darksol,458|557,9999,0,5,6087,10,3011,0,500,0,0,0
seme4ka-3,449|452,10320,0,0,6080,93,3001,0,316,90,1,0
Damosha,420|438,10311,0,0,6078,5,2495,0,405,5,0,0
o-O..OnMaine..O-o,514|527,10237,0,0,6074,10,2866,0,457,0,0,4
Wogd,535|593,10311,0,0,6067,100,3038,0,310,70,0,0
Darksol,396|513,9999,0,10,6057,20,2940,0,518,0,0,0
seme4ka-3,513|591,9884,0,0,6054,90,2581,0,330,100,0,0
Apprentice,510|598,11550,26,9,6053,50,2993,0,340,10,0,0
Ewerverds,506|589,10106,0,3,6050,44,2810,0,610,0,1,0
Apprentice,509|550,10301,9,9,6047,50,3004,5,340,32,1,3
Apprentice,533|575,10401,7,7,6044,48,3043,0,371,10,0,3
Damosha,463|530,10311,0,0,6040,255,2828,0,405,5,0,3
Damosha,418|437,10311,0,0,6039,255,2877,0,405,5,0,0
EHoTka,540|529,10019,961,296,6037,319,1025,635,483,210,0,4
seme4ka-3,508|587,10149,0,0,6030,100,2539,0,597,100,1,0
Damosha,488|534,10311,0,0,6022,255,2805,0,405,5,1,4
EHoTka,523|572,10078,1010,138,6020,288,1901,343,503,27,0,2
Marvable,454|543,9771,0,0,6020,10,3200,0,375,0,0,0
Apprentice,528|577,10030,9,10,6019,50,3108,0,340,10,0,3
Токмэн,472|517,10160,0,0,6016,100,1900,0,444,100,0,4
Mastak,412|432,10971,1,1,6010,50,1777,0,1242,30,0,4
o-O..OnMaine..O-o,528|520,10237,0,0,6005,10,2880,0,460,0,0,4
Mastak,487|510,10971,1,1,6000,110,2048,0,683,37,0,0
Mastak,492|511,10971,1,1,6000,50,2375,0,717,60,0,4
Mastak,493|510,10971,1,1,6000,50,2375,0,712,60,0,4
Mastak,492|508,10971,1,114,6000,150,2170,0,806,0,0,0
o-O..OnMaine..O-o,514|528,10237,0,0,5997,10,2822,0,508,0,0,4
Wogd,507|530,10311,0,0,5997,41,3033,0,346,30,0,4
Apprentice,432|468,10728,8,6,5995,50,3060,0,340,10,0,0
Apprentice,430|469,10397,8,8,5993,50,3079,0,340,10,0,0
Foks,512|568,10237,839,0,5991,255,1441,0,392,10,0,3
Ewerverds,507|540,10106,0,2,5986,50,3000,0,350,0,0,6
Sergej Kuts,526|531,10501,544,267,5986,140,1934,186,305,0,1,4
Foks,525|596,9740,1003,100,5985,259,2529,0,371,100,0,2
Darksol,451|538,9999,0,5,5979,10,2918,0,596,0,0,0
Apprentice,427|469,10636,76,7,5975,50,3007,31,340,10,0,0
Damosha,415|438,10311,0,0,5970,297,2661,0,404,48,1,5
Wogd,506|534,10678,0,0,5967,81,2501,0,300,0,0,0
Rookie,507|612,9152,63,0,5964,53,1889,0,270,62,0,2
XroM,492|480,9999,299,0,5962,485,2219,85,645,50,1,3
Сергейя,499|597,9494,0,0,5961,0,3027,0,350,100,1,4
Darksol,430|567,9999,0,5,5957,25,3036,0,500,0,0,0
Apprentice,531|582,9966,8,8,5955,49,3193,0,338,10,0,0
o-O..OnMaine..O-o,519|530,10237,0,0,5945,9,2873,0,478,0,0,4
Xtaz,503|557,10268,0,0,5940,4,2708,0,330,0,0,3
Mastak,454|507,10971,490,1,5938,150,2400,2,450,100,0,0
Darksol,470|556,9999,0,5,5919,10,2800,0,510,0,0,0
Rookie,471|523,8446,0,0,5907,80,1916,0,226,10,0,2
Wogd,556|575,10311,0,0,5901,100,3075,0,372,40,0,0
o-O..OnMaine..O-o,521|522,10237,0,0,5895,10,2907,0,460,0,0,4
Apprentice,529|580,9988,8,8,5889,49,3106,0,340,10,0,4
seme4ka-3,445|456,10256,1254,0,5889,34,2231,383,290,89,0,0
Darksol,393|519,9999,0,5,5885,21,3009,0,498,0,0,0
Mastak,461|492,10971,620,599,5884,150,2400,3,450,100,0,0
Rookie,472|539,9000,0,0,5881,0,1731,0,270,0,0,0
Rookie,469|523,9931,0,1,5873,97,3033,0,281,94,0,3
mirakses,533|524,9813,740,0,5872,183,2028,223,366,0,1,2
Darksol,408|518,9999,0,5,5869,19,3061,0,500,0,0,0
Wogd,537|536,10495,0,0,5864,100,3052,0,330,40,0,3
Darksol,411|542,9999,0,5,5857,27,3060,0,500,0,0,0
Токмэн,466|510,10375,0,0,5847,100,1900,0,500,100,0,3
Darksol,432|566,9999,0,5,5843,20,3067,0,500,0,0,0
Wogd,516|519,9847,0,0,5821,100,3090,0,300,30,0,4
Darksol,407|510,9999,0,5,5818,17,3051,0,499,0,0,0
Darksol,419|559,9999,0,5,5813,33,3068,0,500,0,0,0
Darksol,422|508,9999,0,5,5812,24,3047,0,520,0,0,0
Darksol,458|479,9999,0,5,5811,38,3066,0,500,0,0,0
Yorick,499|528,10211,0,1,5807,50,2014,1,319,6,0,4
Darksol,441|551,9891,0,4,5803,20,3014,0,558,0,0,0
Darksol,414|539,9999,0,5,5803,26,3074,0,500,0,0,0
Darksol,415|547,9999,0,5,5803,14,3080,0,500,0,0,0
Darksol,424|568,9999,0,5,5801,23,3076,0,500,0,0,0
mirakses,416|483,10490,0,0,5801,200,2300,0,400,0,0,0
Darksol,429|561,9999,0,4,5798,13,3082,0,500,0,0,0
Darksol,430|576,9999,0,5,5795,26,3076,0,500,0,0,0
Darksol,433|584,9999,0,5,5793,23,3078,0,500,0,0,0
Sergej Kuts,542|530,10593,26,0,5788,103,731,6,335,20,1,4
Darksol,412|529,9999,0,5,5787,24,3079,0,500,0,0,0
Darksol,414|550,9999,0,5,5787,8,3087,0,500,0,0,0
Darksol,419|552,9999,0,5,5783,18,3083,0,500,0,0,0
Darksol,436|574,9999,0,5,5781,31,3077,0,500,0,0,0
Corvhael,443|431,10339,0,0,5778,110,2800,0,500,0,0,0
Darksol,403|509,9999,0,5,5776,16,3062,0,499,0,0,0
Wogd,559|571,7576,0,0,5776,100,3076,0,390,40,0,0
Wogd,524|526,10469,0,0,5776,100,3001,0,370,40,0,4
Wogd,507|537,10237,0,0,5772,81,2412,0,300,30,0,5
Darksol,443|591,9999,0,5,5769,15,3050,0,530,0,0,0
Darksol,457|597,9999,0,5,5764,29,3032,0,540,0,0,0
Darksol,415|505,9999,0,5,5763,32,3081,0,500,0,0,0
Darksol,401|544,9999,0,10,5758,24,3035,0,540,0,0,0
Wogd,526|522,6980,0,0,5756,100,2876,0,357,20,0,2
AdreNoliN,412|436,7847,0,0,5749,28,1751,0,709,0,0,4
Darksol,481|607,9999,0,5,5749,29,3086,0,500,0,0,0
Darksol,406|522,9999,0,5,5748,27,3041,0,517,0,0,0
Darksol,405|522,9999,0,5,5748,15,3032,0,529,0,0,0
Darksol,445|583,9999,0,5,5736,16,3058,0,530,0,0,0
Darksol,407|500,9999,0,5,5735,11,3026,0,518,0,0,0
Darksol,411|524,9999,0,5,5733,34,3075,0,510,0,0,0
Apprentice,453|466,10224,10,10,5732,28,1441,0,340,10,0,0
Darksol,418|508,9999,0,5,5732,46,3075,0,505,0,0,0
Apprentice,440|464,10452,166,7,5730,50,3163,0,340,10,0,0
Darksol,458|595,9999,0,5,5730,21,3057,0,530,0,0,0
Marvable,426|432,9745,0,0,5720,3,1932,0,200,0,0,3
Darksol,405|503,9999,0,5,5717,16,3028,0,518,0,0,0
Darksol,432|564,9999,0,5,5715,24,3097,0,500,0,0,0
Darksol,478|473,9999,0,38,5714,15,3059,0,525,0,1,0
Darksol,396|529,9999,0,10,5712,21,2998,0,538,0,0,0
Darksol,395|517,9999,0,5,5708,10,3005,0,538,0,0,0
Darksol,453|595,9999,0,5,5703,28,3048,0,540,0,0,0
Foks,533|522,10559,1010,0,5703,250,1000,0,816,10,0,3
Megadjal,438|577,9692,0,0,5700,100,3064,0,400,0,0,0
Foks,525|585,10237,1022,0,5696,263,2557,0,571,9,0,2
Megadjal,447|566,10028,0,0,5688,70,3060,0,400,0,1,0
Ewerverds,535|529,10418,0,3,5684,236,2236,0,350,0,0,5
Xtaz,496|560,10210,0,0,5684,5,2029,0,247,0,0,0
Darksol,416|541,9999,0,5,5683,26,3104,0,500,0,0,0
Wogd,521|529,10072,0,0,5682,100,3047,0,371,40,0,4
Darksol,435|536,9999,0,5,5681,23,3106,0,500,0,0,0
Damosha,409|439,9289,0,0,5676,245,1747,0,405,100,0,5
Darksol,478|477,9999,0,5,5657,9,3049,0,494,0,1,3
Darksol,393|503,9999,0,5,5628,14,3038,0,528,0,0,0
Sergej Kuts,511|608,5755,0,0,5627,200,2600,0,648,0,0,0
Apprentice,455|472,10379,10,10,5621,33,1437,0,340,10,1,0
Megadjal,446|568,9403,0,0,5610,70,3065,0,400,0,0,3
Wogd,522|530,10495,0,0,5609,100,2998,0,400,30,0,5
Sergej Kuts,472|537,6865,0,0,5602,160,863,0,200,0,1,4
o-O..OnMaine..O-o,526|521,10237,0,0,5595,8,2992,0,420,0,0,5
Wogd,524|524,11911,0,0,5589,84,2972,0,336,40,0,4
Токмэн,467|518,9953,0,0,5579,100,1900,0,500,100,0,4
Darksol,480|475,9956,120,4,5565,28,3005,0,521,0,0,3
Corvhael,440|436,10339,0,0,5562,110,2800,0,500,0,0,0
Corvhael,441|436,10339,0,0,5551,110,2800,0,500,0,0,0
Apprentice,390|485,5622,10,10,5550,50,2660,0,623,0,0,0
Xtaz,510|531,10787,0,0,5548,5,2932,0,350,0,0,4
Rookie,457|541,8170,0,0,5525,82,2000,0,342,2,0,0
Mastak,483|464,10971,1177,1,5505,294,2400,0,400,100,0,0
Yorick,440|429,10211,0,1,5482,50,1050,1,458,6,0,0
Darksol,472|465,9999,760,8,5473,455,2635,91,473,0,0,0
Megadjal,452|568,9964,0,0,5473,60,3023,0,400,0,1,4
Wogd,456|569,10559,0,0,5473,100,2800,0,360,80,0,0
Apprentice,437|473,9902,10,10,5462,42,2884,43,340,10,0,0
Токмэн,441|431,10954,238,212,5425,300,1900,0,478,80,0,6
Mastak,443|443,10971,818,885,5416,150,2360,2,400,100,0,0
Yorick,440|432,10211,0,1,5415,50,1058,1,455,6,0,0
Yorick,441|428,10211,0,1,5409,50,1050,1,452,6,0,3
Apprentice,439|464,10452,10,10,5403,50,3241,28,340,10,0,0
Wogd,452|563,9984,0,0,5402,100,2780,0,360,80,0,0
Mastak,459|505,10971,1784,1,5397,160,2343,3,446,36,0,0
Wogd,508|603,10294,0,0,5394,100,2780,0,330,70,0,0
Megadjal,450|561,10452,0,0,5391,100,2860,0,470,0,1,4
Yorick,442|429,10211,0,1,5389,50,1050,1,452,6,0,1
Токмэн,479|520,10160,0,0,5356,94,1612,0,757,95,1,4
Megadjal,454|546,10178,0,0,5353,85,2930,0,460,0,1,4
Wogd,508|533,10273,0,0,5341,81,2478,0,300,30,0,5
Yorick,440|430,10211,0,1,5322,50,1050,1,448,6,0,0
Polaykovsi777,534|582,9875,0,0,5314,15,2175,0,360,0,0,5
EHoTka,536|585,8941,4905,0,5313,242,1146,361,511,59,0,0
Foks,553|537,10790,1030,0,5312,200,1000,0,512,10,0,3
Wogd,453|563,9975,0,0,5307,1,3464,0,300,0,0,0
Wogd,515|599,6997,0,0,5304,100,2780,0,362,80,0,0
8Taras8,454|600,9924,0,0,5291,50,2753,0,472,0,1,0
Corvhael,444|438,10339,0,0,5290,110,2800,0,500,0,0,0
Damosha,453|515,10311,0,0,5276,255,3044,0,405,5,0,2
Darksol,471|468,9999,906,8,5274,800,2575,22,422,40,0,0
Polaykovsi777,555|591,9870,0,0,5273,15,1152,0,360,0,0,1
o-O..OnMaine..O-o,516|524,10237,0,0,5261,9,2987,0,523,0,0,4
Rookie,515|591,8068,0,0,5261,40,1940,0,270,24,0,0
EHoTka,494|548,9208,4211,2894,5252,176,497,80,518,40,0,3
Darksol,428|523,9999,0,5,5243,22,3216,0,500,0,0,0
Mastak,459|507,10971,1670,84,5241,150,2391,2,400,100,0,0
Туз.,514|535,9850,0,0,5232,362,1749,0,369,6,0,5
Corvhael,510|566,10339,0,0,5228,136,2619,0,500,0,0,0
Токмэн,479|523,10394,0,0,5225,93,1595,0,756,96,1,4
Токмэн,440|433,10725,303,303,5217,276,1900,50,448,100,0,6
Wogd,558|589,10429,0,0,5204,92,2538,0,283,54,0,0
Wogd,500|599,10495,0,0,5163,100,2720,0,360,70,0,0
Wogd,507|603,10295,0,0,5159,100,2740,0,330,70,0,0
EHoTka,496|549,10019,2342,0,5152,382,1843,0,674,98,0,3
Sergej Kuts,447|594,4887,0,0,5150,196,2308,0,592,0,0,0
Apprentice,439|470,10414,10,10,5110,38,2476,0,340,10,0,0
Foks,524|594,9281,1000,0,5072,240,1708,0,200,84,0,2
Wogd,507|534,7343,0,0,5056,65,2457,0,324,0,0,4
Tjapik,431|537,9959,0,0,5027,0,2006,0,346,31,0,0
EHoTka,550|599,8915,3210,0,5006,166,1289,7,505,121,0,0
Foks,516|594,7070,1000,13,4992,200,1544,0,100,92,0,1
Foks,536|549,9740,969,0,4979,200,959,0,612,10,1,3
EHoTka,531|588,9899,5625,13,4971,275,623,135,450,126,0,0
Foks,436|450,11400,1000,0,4969,198,2699,0,600,6,0,0
Darksol,505|522,9999,0,5,4949,26,3160,0,460,0,1,7
Ewerverds,508|542,10106,0,2,4949,50,3260,0,350,0,0,6
Foks,513|593,7124,1000,0,4935,263,2313,0,200,84,0,2
Mastak,420|447,10971,833,1265,4931,150,2381,3,400,100,0,0
Apprentice,455|474,10160,10,10,4910,32,2008,0,340,10,0,0
Darksol,406|523,9999,0,5,4878,37,3301,0,479,0,0,0
EHoTka,529|567,9699,2380,0,4860,248,1526,443,450,210,0,3
EHoTka,540|569,10019,2520,0,4853,259,1682,301,450,144,0,3
Darksol,473|587,9999,0,2,4849,10,3365,0,465,0,0,0
EHoTka,486|555,10019,2820,0,4844,305,2078,66,450,119,0,3
Токмэн,463|517,9791,0,0,4840,100,1608,0,500,100,0,4
Дагир,511|535,12135,514,26,4837,465,877,344,191,0,0,5
Токмэн,465|508,9971,0,0,4818,100,1596,0,420,90,0,4
EHoTka,538|530,10019,3243,2128,4783,216,1094,418,307,157,1,3
Sergej Kuts,542|535,9684,49,15,4758,113,642,11,87,0,1,4
Apprentice,450|464,10160,10,10,4747,25,1523,0,340,18,0,0
Токмэн,478|521,9406,0,0,4682,681,1593,0,478,95,0,4
Foks,512|595,7633,992,0,4656,205,1554,0,300,98,0,0
Wogd,547|593,10442,0,0,4642,100,3008,0,300,60,0,0
Apprentice,437|468,10354,10,10,4609,35,2312,0,340,10,0,0
EHoTka,503|574,9506,4672,0,4604,357,1694,66,450,118,0,3
Wogd,505|597,10311,0,0,4591,100,3048,0,300,60,0,0
Wogd,500|530,13496,0,0,4580,41,497,0,191,25,0,4
Mastak,482|498,10971,1193,1205,4555,150,2400,3,400,100,0,0
Foks,512|593,5825,955,0,4528,182,1362,0,100,93,0,0
Wogd,559|576,7996,0,0,4500,211,2160,0,370,20,0,0
Дагир,498|506,10832,95,0,4475,620,911,232,203,15,0,4
Apprentice,456|479,9976,10,10,4408,37,2404,0,340,10,0,0
EHoTka,522|569,9504,3136,36,4396,261,615,351,405,150,0,3
Sergej Kuts,394|529,6211,0,0,4369,176,2205,0,564,0,0,0
EHoTka,528|584,9640,4258,0,4355,224,1481,344,415,160,0,2
Ewerverds,468|583,10106,0,1,4349,50,3500,0,350,0,0,0
EHoTka,556|596,6274,1920,0,4298,162,472,179,397,83,0,0
EHoTka,523|568,10019,348,108,4288,331,1915,562,531,109,0,3
EHoTka,524|569,9504,4400,16,4233,156,1195,208,405,78,0,3
Wogd,554|573,6813,0,0,4200,81,1979,0,340,30,0,2
Wogd,572|516,6997,0,0,4170,51,817,0,364,80,1,0
EHoTka,519|568,9379,4226,0,4161,326,1595,364,287,135,0,3
o-O..OnMaine..O-o,416|452,10237,0,0,4107,6,1420,0,270,0,0,0
XroM,490|481,9999,298,0,4107,0,2798,24,343,15,0,3
Damosha,466|532,10311,7026,10,4092,255,1581,0,405,5,0,2
Damosha,490|614,5533,0,0,4071,255,1895,0,405,5,0,5
Токмэн,481|530,10239,0,0,4051,82,1612,0,412,92,0,3
EHoTka,539|528,10019,1716,0,4042,211,1629,285,549,112,0,4
EHoTka,502|557,9835,2806,20,3985,312,1825,431,417,124,0,3
Damosha,408|439,3069,0,0,3953,255,1291,0,0,0,0,0
Rookie,483|516,10014,2540,1,3953,112,1801,669,269,139,0,2
Rookie,517|592,6408,0,0,3943,40,1766,0,240,24,0,0
EHoTka,500|522,10019,2737,0,3926,312,1925,345,450,90,0,4
Mastak,472|503,11550,2277,1875,3828,159,2106,3,400,100,0,0
Tjapik,494|585,9959,0,2,3743,25,2224,0,325,10,0,0
Sergej Kuts,460|588,5202,0,0,3681,200,2600,0,472,0,0,0
Darksol,506|524,9999,0,10,3665,5,826,0,232,0,0,4
Tjapik,497|567,9959,0,2,3603,25,2500,0,313,10,0,5
o-O..OnMaine..O-o,490|475,10237,1130,1211,3598,474,1852,485,315,100,0,5
Mastak,450|527,10971,2940,3648,3536,316,1550,2,357,80,0,0
EHoTka,565|590,4215,2030,13,3473,474,1426,0,294,69,0,0
Marvable,422|459,9757,0,0,3468,10,1882,0,328,0,0,0
Wogd,547|572,6761,0,0,3463,63,1767,0,300,12,0,2
Apprentice,434|466,10397,10,10,3448,46,1830,11,315,10,0,0
EHoTka,516|543,10612,1046,0,3244,228,1422,136,331,41,0,4
Foks,529|606,5685,1010,88,3206,193,919,0,103,7,0,0
EHoTka,503|559,10019,2374,0,3153,335,2016,378,450,210,0,2
Rookie,518|592,4652,0,0,3130,40,1242,0,222,24,0,0
Tjapik,501|563,9959,0,2,3083,25,2344,0,267,10,0,5
ROCKET,492|542,12014,0,0,3053,35,1250,0,0,0,0,4
Mastak,445|448,10971,1,1,3011,100,1444,0,277,70,0,0
Дагир,488|512,11615,1499,0,2999,380,700,0,85,0,0,5
Tjapik,526|519,11301,24,21,2943,37,922,0,226,71,0,5
Apprentice,559|574,11244,4,4,2926,133,1132,0,213,10,0,2
Sergej Kuts,418|477,10253,2236,2206,2912,1000,796,0,304,0,0,0
Damosha,463|603,3965,0,0,2872,255,1121,0,389,5,0,0
Darksol,479|477,9999,1,5,2850,31,1159,0,341,0,0,0
Apprentice,457|472,10654,8,9,2837,30,1396,0,340,10,0,0
Darksol,507|424,9999,129,5,2820,681,953,0,185,0,0,0
Wogd,551|576,10406,0,0,2814,100,3972,0,209,10,0,0
Apprentice,431|461,9966,10,10,2756,40,1497,0,222,10,0,0
Rookie,517|520,11848,138,432,2700,76,1048,0,127,12,0,4
Xtaz,500|533,11483,0,0,2631,4,1151,0,200,0,1,4
Tjapik,495|526,11301,25,20,2556,25,1130,0,203,20,0,6
Apprentice,533|576,3670,100,100,2553,20,1236,0,10,0,0,0
Yorick,402|519,10211,0,1,2550,50,1758,1,247,0,0,0
Mastak,494|473,12313,54,1,2549,82,1016,0,232,59,0,0
Apprentice,456|469,9923,10,10,2494,39,1366,0,273,10,0,0
Apprentice,510|515,11244,10,10,2483,5,1320,0,160,10,0,4
Wogd,507|539,9820,0,0,2452,39,1200,0,156,0,0,4
Apprentice,454|468,10160,186,3,2450,136,1369,0,340,10,0,0
FlameisteR,530|543,12416,0,0,2400,17,1067,0,334,4,0,4
Yorick,501|543,9724,0,1,2399,0,1297,0,206,0,0,4
Apprentice,463|420,11308,10,10,2350,20,1279,0,280,10,0,0
Wogd,547|575,10654,0,0,2296,100,3388,0,300,81,0,0
Darksol,471|553,9999,0,5,2208,10,1111,0,196,0,0,0
Rookie,519|594,4775,0,0,2162,40,888,0,80,0,1,0
killerDim,437|539,10385,4008,4514,3658,45,0,1064,0,121,0,4
Sergej Kuts,471|535,9552,6662,6595,3390,26,941,0,304,0,1,4
Sergej Kuts,467|538,9052,8099,8108,3310,200,268,0,69,0,1,4
Sergej Kuts,459|555,9644,8275,8310,3101,864,0,0,10,0,0,4
EHoTka,502|556,9920,13105,2886,3095,138,270,156,89,42,0,2
Sergej Kuts,457|553,9872,9054,9076,3030,177,0,0,1,0,0,4
Lesnik127,417|552,9363,20000,0,2769,0,0,0,0,0,0,0
Sergej Kuts,458|554,8295,7687,7697,2400,405,388,0,104,0,0,4
killerDim,429|540,10030,6930,5201,2396,260,0,1017,0,23,0,4
EHoTka,503|556,9835,8189,3698,2318,252,455,499,163,20,0,2
OliWi,408|563,9211,1750,427,2268,2000,0,0,0,0,1,0
EHoTka,531|548,10482,2504,3806,2259,500,213,429,17,85,0,3
Apprentice,526|542,11594,37,24,2255,25,1298,0,235,10,0,1
EHoTka,560|587,9422,907,8609,2091,325,20,32,4,16,1,0
Rookie,482|518,11584,0,410,2082,42,1077,0,141,124,0,4
Rookie,529|608,5941,0,0,2011,20,660,0,193,20,0,0
Audi Q4,464|562,9353,9900,6468,2000,500,798,0,10,0,1,1
Audi Q4,464|571,9353,10133,6005,2000,500,798,0,10,0,0,1
Audi Q4,470|574,9353,8189,8189,2000,500,798,0,10,0,0,0
Audi Q4,469|571,9353,8189,8189,2000,500,798,0,10,0,0,0
Audi Q4,465|575,9353,11263,5115,2000,500,798,0,10,0,0,1
Audi Q4,459|564,9353,11174,5204,2000,500,798,0,10,0,0,1
Audi Q4,462|578,9353,9961,6177,2000,500,798,0,10,0,0,1
Audi Q4,464|579,9353,8335,7803,2000,500,798,0,10,0,0,1
Audi Q4,454|573,9353,7949,7709,2000,500,798,0,10,0,0,0
Audi Q4,453|571,9353,12894,3004,2000,500,798,0,10,0,0,0
Audi Q4,460|575,9353,8189,8189,2000,500,798,0,10,0,0,1
Audi Q4,470|572,9353,7949,7949,2000,500,798,0,10,0,0,0
Audi Q4,479|591,9353,8802,7336,2000,500,798,0,10,0,0,0
Audi Q4,438|568,9353,9440,6698,2000,500,798,0,10,0,0,0
Audi Q4,469|574,9353,8251,7647,2000,500,798,0,10,0,0,0
Audi Q4,464|564,9353,7949,7949,2000,500,798,0,10,0,0,1
Audi Q4,466|563,9353,8139,8139,2000,500,798,0,10,0,0,1
Audi Q4,456|571,9353,8069,8069,2000,500,798,0,10,0,0,1
Audi Q4,499|605,9353,8069,8069,2000,500,798,0,10,0,0,0
Audi Q4,430|578,9353,7949,7949,2000,500,798,0,10,0,0,0
Audi Q4,454|597,9353,8069,8069,2000,500,798,0,10,0,0,0
Audi Q4,448|591,9353,7949,7949,2000,500,798,0,10,0,0,0
Audi Q4,431|578,9353,8069,8069,2000,500,798,0,10,0,0,0
Audi Q4,449|589,9353,7829,7829,2000,500,798,0,10,0,0,0
Audi Q4,490|584,9353,7829,7829,2000,500,798,0,10,0,0,0
Audi Q4,467|598,9353,7949,7949,2000,500,798,0,10,0,0,1
Audi Q4,480|602,9353,7949,7949,2000,500,798,0,10,0,0,0
Audi Q4,416|567,9353,7949,7949,2000,500,798,0,10,0,0,0
Audi Q4,419|572,9353,7627,7285,2000,500,798,0,10,0,0,0
Audi Q4,533|537,11012,6990,6289,2000,500,798,0,10,0,0,2
Audi Q4,500|528,11062,6696,6696,2000,500,798,0,10,0,0,2
Audi Q4,513|532,11062,6511,5738,2000,500,798,0,10,0,0,2
o-O..OnMaine..O-o,490|528,11579,406,400,2000,1852,0,2,0,2,0,0
Sergej Kuts,471|593,9843,9561,9539,2000,250,0,0,8,0,0,1
Xtaz,509|533,9351,0,0,1964,15,1011,0,220,0,0,0
FlameisteR,476|547,10051,3,0,1956,10,999,51,225,4,0,2
Darksol,415|491,9999,2353,1911,1803,640,1254,912,20,0,0,0
killerDim,436|539,10079,9290,7211,1788,402,0,185,0,11,0,0
XroM,473|541,9999,30,30,1722,28,2301,0,392,0,1,3
Polaykovsi777,436|483,10506,7559,7530,1712,182,111,453,5,0,0,0
FlameisteR,477|546,10316,3,1,1700,10,931,0,260,4,0,3
Rookie,472|492,11474,989,359,1659,328,729,91,216,20,0,6
Foks,535|607,5852,1000,0,1594,285,620,0,44,8,0,0
Sergej Kuts,425|499,10610,3451,3413,1548,1000,799,0,250,0,0,0
Darksol,418|483,9999,3051,1891,1516,700,682,1000,20,0,0,0
Сергейя,482|586,9541,0,0,1493,0,983,0,105,100,1,0
EHoTka,559|595,7982,4635,0,1455,300,433,605,137,210,0,4
FlameisteR,474|547,9885,150,10,1380,40,604,40,130,20,0,0
Sergej Kuts,456|554,9082,9290,9301,1341,230,435,0,8,0,0,0
Sergej Kuts,484|582,9257,8998,9387,1328,181,96,0,10,0,0,2
Mastak,409|434,2921,0,0,1251,22,663,0,176,0,0,0
Darksol,414|488,9999,7946,1723,1217,700,72,1000,20,0,0,0
Токмэн,474|514,9320,0,0,1178,100,1900,0,72,15,0,0
EHoTka,539|585,8666,9104,8811,1151,186,132,101,60,17,0,0
Туз.,422|480,9966,3467,3266,1128,121,214,0,42,19,0,0
Foks,464|566,9994,1000,0,1056,253,130,0,140,0,0,0
Rookie,519|593,4674,193,0,1050,100,460,0,0,0,0,0
EHoTka,504|558,10019,7867,5174,1043,241,489,541,88,29,0,2
монарх алексей,437|586,12154,0,0,1028,50,43,0,145,0,0,0
монарх алексей,435|587,12154,0,0,1028,50,43,0,144,0,0,0
монарх алексей,414|568,12154,0,0,1024,45,42,0,144,0,1,1
Mastak,472|455,13496,2344,2381,1020,574,511,3,98,30,0,2
EHoTka,541|569,10152,2257,3518,989,67,83,311,4,30,0,0
EHoTka,537|530,9568,4461,4197,985,237,530,500,17,344,1,2
Damosha,493|538,12124,0,0,981,2825,415,0,0,0,0,2
Xtaz,449|497,10311,6367,150,980,500,600,1000,106,300,0,4
Darksol,423|484,9999,11999,57,960,700,35,1000,20,0,0,0
монарх алексей,424|566,12154,0,0,959,50,0,0,147,0,0,0
монарх алексей,460|594,12154,0,0,943,50,0,0,247,0,0,0
Mastak,507|490,12180,3422,3417,932,102,3,3,117,0,0,0
Audi Q4,417|577,8782,3300,3300,926,0,0,0,0,0,0,0
монарх алексей,450|586,12154,0,0,924,50,27,0,37,0,0,0
монарх алексей,461|604,5039,0,0,908,40,0,0,153,0,0,0
монарх алексей,449|595,12154,0,0,894,50,32,0,138,0,0,0
killerDim,415|511,10025,8492,8753,864,8,0,266,9,33,0,4
Foks,466|560,9902,1016,0,843,266,289,0,135,0,0,0
Darksol,421|483,9999,9909,1690,805,700,188,1000,20,0,0,0
seme4ka-3,499|612,2213,0,0,800,20,340,0,50,0,0,0
EHoTka,528|605,2255,1066,0,789,260,295,0,0,0,0,0
Mastak,429|444,10971,6644,6638,784,250,661,3,52,47,0,0
Mastak,415|430,10971,0,0,731,20,390,0,112,0,0,0
Wogd,518|509,11690,2675,2647,726,300,413,0,30,10,0,0
Mastak,422|424,10971,0,0,725,20,378,0,119,0,0,1
Mastak,419|428,10971,40,50,700,70,405,0,20,0,0,1
Mastak,420|426,10478,1,1,700,102,383,0,20,0,0,1
Mastak,422|427,10971,1,1,647,20,344,0,99,0,0,0
Mastak,416|427,10971,49,1,647,20,344,0,101,0,0,0
Mastak,423|423,10971,1,0,647,31,354,0,188,0,0,0
Mastak,418|432,10971,1,1,647,78,354,0,138,0,0,0
Mastak,421|426,10971,1,1,647,44,354,0,99,0,0,0
Дагир,431|502,10030,4232,3000,647,442,851,569,93,236,0,4
Mastak,422|429,10971,1,1,641,30,351,0,0,0,0,0
o-O..OnMaine..O-o,502|506,11579,1339,1307,589,2248,0,2,0,2,0,0
Туз.,427|477,9942,5077,3993,506,117,0,0,6,17,0,0
Tjapik,390|512,9485,4821,4818,501,150,400,0,0,40,0,0
Darksol,407|479,9999,2394,1905,496,634,495,913,284,0,0,0
9731,428|580,10250,2513,8340,480,211,1024,187,0,201,0,4
OliWi,446|578,10375,3989,1607,461,135,410,0,4,0,1,15
seme4ka-3,508|580,9888,8127,7223,400,482,526,163,40,100,0,0
seme4ka-3,511|561,10436,6561,5211,400,346,400,147,50,100,0,0
Дагир,424|574,9966,9163,4503,391,297,358,625,0,96,0,0
Дагир,426|497,10127,7980,2065,388,556,93,1074,0,236,0,2
Corvhael,537|554,10339,8782,8775,350,300,0,33,50,20,0,0
Polaykovsi777,434|482,10749,7563,7531,326,200,203,472,5,0,0,3
seme4ka-3,504|559,10085,7443,5991,325,200,400,82,43,100,0,0
Rookie,482|516,9889,10929,3681,300,151,0,191,4,18,1,0
seme4ka-3,509|575,10311,8921,7104,300,209,400,145,20,100,0,0
seme4ka-3,509|581,10223,7383,5897,300,200,574,144,40,100,0,0
seme4ka-3,509|571,10311,8866,7079,300,209,400,145,30,100,0,0
Дагир,424|492,9860,9380,1491,300,599,107,1246,0,39,0,1
Дагир,425|497,10346,8923,2107,300,466,117,1172,0,43,0,2
Дагир,418|492,10019,6728,2020,300,351,453,1295,0,165,0,0
Дагир,434|502,10234,6303,1398,300,460,425,851,0,251,0,0
Дагир,420|491,10252,7910,1601,294,605,333,1176,0,126,1,0
Дагир,422|494,10160,6205,2022,289,504,564,1152,0,226,0,0
killerDim,431|555,10297,9100,5689,274,6,89,51,0,30,0,0
Mastak,431|439,10971,7506,7509,261,250,381,3,49,5,0,0
Sergej Kuts,430|473,10598,7181,7162,258,126,0,908,4,0,0,0
seme4ka-3,497|560,10388,4871,3941,250,350,400,150,30,100,0,0
seme4ka-3,510|578,10257,6489,5212,250,349,400,141,30,100,0,0
Токмэн,427|544,10375,6219,6204,230,822,8,1000,5,20,0,0
XroM,515|519,9999,3,0,228,1,302,0,16,10,0,6
Sergej Kuts,415|562,8525,9634,9623,223,545,8,0,7,0,0,0
Marvable,480|603,9771,3437,3425,214,250,520,0,10,220,0,0
Apprentice,529|575,9966,10876,441,200,263,146,1167,0,120,0,0
Apprentice,528|578,9902,9266,400,200,331,181,1487,0,63,0,0
Apprentice,539|578,9966,9803,394,200,307,161,1283,0,150,0,0
Apprentice,540|578,9902,9738,446,200,307,160,1294,0,150,0,0
Apprentice,534|577,9832,10507,1055,200,346,100,771,0,150,0,0
Apprentice,512|541,10237,1505,87,200,309,160,315,0,142,0,2
Apprentice,511|548,10544,12463,494,200,195,139,833,0,150,0,0
Apprentice,515|556,9994,11612,491,200,266,124,1107,0,78,0,0
Apprentice,395|476,10166,7460,331,200,277,140,1211,0,150,0,0
Apprentice,553|578,9902,8449,500,200,247,140,1115,0,150,0,0
Apprentice,558|582,10264,12055,500,200,221,120,901,0,150,0,0
Apprentice,560|580,10192,10096,500,200,225,120,941,0,150,0,0
Megadjal,446|566,8767,10200,2000,199,500,20,1184,14,0,0,0
Apprentice,428|458,10378,6073,261,196,309,197,764,0,150,0,0
Apprentice,512|553,10378,10283,458,196,283,157,1271,0,87,0,0
Apprentice,510|557,10168,11185,436,195,148,119,1016,0,120,0,0
Mastak,473|456,11824,8209,8199,195,250,548,3,24,56,0,0
Apprentice,515|547,10237,9381,393,193,260,150,1093,0,150,1,0
Apprentice,538|576,9902,9885,396,191,299,154,1299,0,150,0,0
Megadjal,440|565,6961,10000,2000,184,559,89,1256,12,20,0,0
Apprentice,517|546,10237,7507,672,178,374,200,1630,0,113,1,0
Apprentice,431|469,10636,7529,389,174,362,182,1568,0,150,0,0
Apprentice,398|483,10619,8073,345,173,336,175,1499,0,150,0,0
Apprentice,464|602,9832,6969,316,173,400,200,1740,0,143,0,1
Sergej Kuts,478|606,7925,10027,10025,172,163,90,0,3,0,0,0
INACHE.,476|463,11582,15551,0,171,348,85,592,0,0,0,0
Apprentice,445|474,9955,7998,317,165,270,137,759,0,150,0,0
Apprentice,538|574,10273,9979,430,164,314,169,1244,5,150,0,0
killerDim,413|524,10004,5856,3447,164,3243,0,799,39,8,0,0
Apprentice,534|574,10375,4283,200,163,400,200,1996,0,150,1,0
Apprentice,527|585,9966,9138,253,162,242,120,1608,0,56,0,0
Apprentice,441|461,9924,7909,336,162,174,195,1596,0,150,0,0
Apprentice,426|460,9902,7112,279,157,343,183,764,0,150,0,0
Дагир,432|509,10030,9972,881,157,447,127,1146,0,145,1,0
Apprentice,529|525,10378,9043,633,155,307,157,1379,0,106,0,0
Apprentice,532|582,9902,6842,300,154,400,200,1800,0,123,0,0
Apprentice,442|472,10452,7177,282,154,226,128,737,0,150,0,0
Apprentice,535|577,9637,8682,376,153,336,171,1503,0,150,0,0
killerDim,442|550,10068,8780,7774,153,337,0,494,0,11,0,0
Apprentice,535|578,9902,4319,167,152,210,88,799,0,150,0,0
Apprentice,445|477,9976,9815,404,152,177,90,756,0,150,0,0
Yorick,407|482,10211,3550,3551,152,50,333,1,24,0,0,0
Apprentice,448|467,10452,8027,348,151,325,158,1423,0,150,1,0
Apprentice,517|587,9966,7065,346,150,398,200,1800,0,82,0,0
Apprentice,527|587,9902,3485,3459,150,680,20,13,0,126,0,0
Apprentice,535|576,9902,9241,928,150,307,153,1382,0,105,0,0
Apprentice,507|585,9966,9856,9847,150,300,0,0,0,20,0,0
Apprentice,548|587,9902,8690,8693,150,300,20,110,0,20,0,0
Apprentice,433|479,10348,3608,350,150,301,180,1274,0,150,0,0
Apprentice,438|459,9959,6827,400,150,320,159,1388,0,150,0,0
Apprentice,433|460,9976,6972,300,150,366,200,1588,0,150,0,0
Apprentice,427|460,9902,8652,359,150,336,200,1368,20,150,0,0
Apprentice,430|456,9885,3978,300,150,400,200,870,0,150,0,0
Apprentice,429|455,10001,8540,344,150,321,188,1194,0,150,0,0
Apprentice,425|454,10160,3450,150,150,323,195,1103,0,150,0,0
Apprentice,511|544,10237,6268,256,150,269,160,1203,0,150,0,4
Apprentice,533|561,10489,7814,400,150,375,195,1623,0,99,0,0
Apprentice,399|483,10619,4358,193,150,254,140,930,0,150,0,0
Apprentice,397|479,10619,4281,193,150,263,160,925,0,150,0,0
Apprentice,397|478,10619,4972,227,150,281,170,1078,0,150,0,0
Apprentice,396|477,10619,5050,239,150,256,181,1098,0,150,0,0
FlameisteR,473|546,9709,8287,8316,150,200,200,40,36,0,0,2
Apprentice,532|590,9902,7023,6990,149,984,0,0,0,20,1,0
Apprentice,441|469,10117,7122,288,149,253,140,1153,0,150,0,0
Apprentice,444|469,10452,6758,272,148,172,89,742,0,150,0,0
Apprentice,439|472,10290,9382,407,146,202,103,765,0,150,0,0
Apprentice,535|570,9966,9110,1055,140,368,174,1330,0,109,0,0
Apprentice,431|470,10348,7464,332,140,337,175,1498,0,150,0,0
Apprentice,457|475,10160,8380,333,139,290,140,1239,0,150,0,0
Apprentice,530|553,11244,6699,302,139,176,40,159,0,58,0,0
Apprentice,443|469,10431,6349,266,137,288,93,729,0,150,0,0
Apprentice,396|482,10619,7978,336,137,337,184,1516,0,150,0,0
Apprentice,432|469,10728,5467,209,133,253,128,1086,0,150,0,0
Apprentice,433|469,10349,6731,283,132,303,166,731,0,150,0,0
Apprentice,432|471,10348,8277,368,131,350,178,1531,0,150,0,0
Apprentice,530|562,11993,6332,270,129,62,40,201,0,78,0,0
Apprentice,440|470,10452,7807,1094,127,314,153,1353,8,150,0,0
Apprentice,447|472,9924,7565,310,127,691,130,1073,1,150,0,0
Apprentice,431|468,10503,7042,316,127,314,163,1386,0,150,0,0
seme4ka-3,540|561,11550,10181,1,127,678,34,1198,0,75,0,3
Yorick,410|475,10211,3550,3545,127,50,307,1,27,0,0,0
Apprentice,439|478,9924,7659,476,126,357,183,1522,0,150,0,0
Apprentice,439|469,10452,6865,286,124,322,171,1427,0,150,0,0
seme4ka-3,492|470,11653,2027,1872,123,200,0,43,0,5,0,0
Токмэн,478|603,9966,6726,6730,123,500,0,999,8,0,0,0
Apprentice,448|477,9912,7201,328,121,222,111,737,0,150,0,0
Apprentice,440|468,10117,6387,286,119,318,171,1410,3,150,0,0
Apprentice,427|468,10971,6280,271,119,301,151,1303,0,150,0,0
Apprentice,437|464,10452,5867,310,117,278,157,1235,0,150,0,0
Apprentice,450|475,10160,6716,296,116,182,103,791,0,150,0,0
Apprentice,396|484,10619,4916,232,116,217,120,944,0,150,0,0
Sergej Kuts,501|610,4991,10664,10623,116,529,11,0,10,0,0,0
Apprentice,535|579,9966,5348,255,114,400,200,1800,0,150,0,0
Apprentice,528|589,9902,6911,6905,114,300,0,25,0,20,0,0
INACHE.,475|465,11479,14531,0,112,586,56,679,0,0,0,1
Marvable,493|605,9771,3403,3391,111,250,520,0,10,220,0,0
Marvable,487|609,9757,3910,3871,107,250,520,0,10,220,0,0
Apprentice,443|473,9912,3883,153,103,221,109,927,0,150,0,0
Apprentice,440|471,10244,6133,262,103,273,145,1220,0,150,0,0
Apprentice,433|468,10971,5529,233,103,244,122,1015,0,150,0,0
Apprentice,439|477,9924,4728,207,102,305,162,1359,0,150,0,0
Apprentice,543|524,11632,4996,219,100,108,41,395,0,100,0,0
Apprentice,460|445,11794,4935,199,100,143,80,298,0,150,0,0
Apprentice,441|462,9976,5675,250,100,235,120,1035,0,82,0,0
Apprentice,425|476,10378,6093,250,100,340,180,1520,0,150,0,0
Apprentice,555|579,9902,3403,139,100,231,120,987,0,150,0,0
FlameisteR,399|472,8815,10278,7682,100,238,100,186,30,0,0,0
FlameisteR,426|509,8247,11024,10468,100,200,100,0,30,0,0,0
Marvable,497|607,9735,3202,3097,98,257,617,0,5,220,0,0
Corvhael,488|489,10339,8122,8118,97,300,191,287,0,143,0,0
Apprentice,441|468,10452,5343,228,96,262,140,1120,0,150,0,0
Apprentice,457|477,9959,3450,150,95,218,80,645,0,150,0,0
FlameisteR,395|470,8643,10297,5671,95,302,381,453,40,172,0,0
Mastak,486|468,10971,7858,7822,95,250,108,3,205,0,0,0
Apprentice,509|545,11771,4907,188,94,143,75,315,0,150,0,0
Apprentice,456|476,10209,5196,201,93,225,112,1008,0,150,0,0
Corvhael,518|528,10339,8351,8330,91,300,0,118,0,20,0,0
Sergej Kuts,465|590,9060,10529,10531,91,284,0,0,7,0,0,2
Apprentice,455|469,10466,3146,131,86,152,83,649,0,150,0,0
Apprentice,456|477,10117,4354,178,83,206,113,874,0,150,0,0
Apprentice,452|462,10160,4941,220,82,221,112,925,2,150,0,0
Apprentice,453|473,10252,4832,229,81,26,114,977,0,150,0,0
Apprentice,456|474,10178,4420,215,80,183,95,776,0,150,0,0
Sergej Kuts,439|580,10034,9831,9850,80,980,0,0,8,0,0,0
Yorick,415|480,10211,2975,2976,80,50,257,1,9,0,0,0
Apprentice,530|576,10178,9865,442,79,297,61,1510,0,41,0,0
Apprentice,430|472,10348,3268,150,78,160,80,680,0,150,0,0
Apprentice,430|462,9966,3257,150,77,160,80,678,0,150,0,0
Apprentice,456|471,10301,4466,172,76,267,128,1125,0,150,1,0
Corvhael,514|558,10339,8754,8764,73,300,13,39,9,20,0,0
AdreNoliN,412|498,10062,9591,7844,70,503,0,321,12,0,0,1
Apprentice,437|472,10452,4191,187,70,160,83,700,0,150,0,0
mirakses,423|481,10495,6997,0,70,200,38,1000,18,0,0,4
Apprentice,452|472,10362,4331,185,67,199,99,850,0,150,0,0
Damosha,414|485,10311,7789,528,66,500,195,1429,214,40,0,1
Apprentice,455|475,10160,3827,175,64,181,89,767,0,150,0,0
Apprentice,444|471,10117,3276,150,61,340,180,1491,0,150,0,0
Apprentice,535|575,11550,9977,328,59,208,54,1440,0,38,0,0
Corvhael,452|435,10339,6176,6140,59,300,146,565,1,109,0,0
Polaykovsi777,535|583,9870,9685,9656,58,105,4,162,17,0,0,0
Apprentice,449|469,10544,3545,168,57,173,83,704,0,150,0,0
Apprentice,437|469,10452,3501,140,56,170,94,721,0,150,0,0
Apprentice,449|472,10452,3239,150,50,152,80,666,0,150,0,0
Apprentice,444|474,9902,3215,150,50,266,149,1183,0,150,0,0
Apprentice,445|475,9902,3137,150,50,160,80,643,0,150,0,0
Apprentice,454|458,10160,3278,150,50,153,80,676,0,150,0,0
Apprentice,453|467,10066,3101,127,50,150,75,638,0,150,0,0
Apprentice,439|473,10452,3195,150,50,155,80,653,0,150,0,0
Apprentice,439|466,10117,3108,150,50,160,80,638,0,150,0,0
Apprentice,446|474,9955,3130,150,50,240,129,1038,0,150,0,0
Apprentice,432|465,10397,3000,147,50,140,80,599,0,150,0,0
Apprentice,429|468,10397,3230,150,50,140,81,638,0,150,0,0
Apprentice,393|480,2733,1779,73,50,400,200,0,0,0,0,0
FlameisteR,414|492,8643,8137,5114,50,221,634,462,55,179,0,0
FlameisteR,414|494,8858,10377,10364,50,200,100,0,30,0,0,0
FlameisteR,407|494,8779,9636,6318,50,308,100,445,30,0,0,0
FlameisteR,406|494,8858,10291,6626,50,265,100,447,36,0,0,0
FlameisteR,405|498,8815,9999,8527,50,265,100,190,30,0,0,0
FlameisteR,405|491,8858,10007,6245,50,281,100,438,34,0,0,0
FlameisteR,398|476,8995,10053,6165,50,281,100,190,40,0,0,0
FlameisteR,419|494,8995,11050,6267,50,272,100,304,36,0,0,0
FlameisteR,418|494,8995,11087,7317,50,248,100,304,36,0,0,0
FlameisteR,417|494,8995,8243,8255,50,200,100,271,30,0,0,0
FlameisteR,416|494,8995,10995,6537,50,251,100,270,36,0,0,0
FlameisteR,413|494,8643,10131,6919,50,327,100,365,32,0,0,0
FlameisteR,412|492,8858,10063,10074,50,235,100,0,30,0,0,0
FlameisteR,403|495,8643,10058,10035,50,296,100,0,30,0,0,0
FlameisteR,391|479,7534,4759,4783,50,258,250,0,30,0,0,0
FlameisteR,390|468,5725,3061,3025,50,200,100,0,30,0,0,0
FlameisteR,470|538,9804,9734,9721,50,200,100,0,30,0,1,2
FlameisteR,471|537,11146,3787,3766,50,361,100,0,30,0,0,2
FlameisteR,476|544,9971,8091,7260,50,264,100,0,30,0,0,0
FlameisteR,473|540,9788,10594,10562,50,200,100,0,30,0,1,2
FlameisteR,484|544,11186,3183,3147,50,243,100,0,30,0,0,2
FlameisteR,483|546,10192,8279,8317,50,200,100,0,30,0,0,2
FlameisteR,480|545,10192,7028,4917,50,200,100,0,30,0,0,2
FlameisteR,479|546,10051,7231,5611,50,200,100,0,30,0,0,2
FlameisteR,474|545,10077,9716,9702,50,200,100,0,30,0,1,1
FlameisteR,476|551,10192,9195,9162,50,200,100,0,30,0,1,0
FlameisteR,476|552,10207,10471,10500,50,200,100,0,30,0,1,2
FlameisteR,468|554,9869,8365,8336,50,200,100,0,30,0,0,2
FlameisteR,468|539,9953,9151,9176,50,200,100,0,30,0,0,2
FlameisteR,478|549,10009,9047,9064,50,200,200,0,30,0,0,2
FlameisteR,404|463,10268,2956,2939,50,200,100,200,30,50,0,0
FlameisteR,457|560,10636,10841,8155,50,300,250,0,30,100,0,0
FlameisteR,470|558,10495,9911,9111,50,300,250,0,30,90,0,2
FlameisteR,487|587,9188,11219,8045,50,355,250,0,30,100,0,0
FlameisteR,468|579,9229,10594,9159,50,300,250,0,30,80,0,0
FlameisteR,502|594,10202,10787,8539,50,298,250,0,30,100,0,0
FlameisteR,473|590,9229,10643,8690,50,379,250,41,30,82,0,0
FlameisteR,484|594,9229,11223,8005,50,300,250,0,30,100,0,0
FlameisteR,501|598,9881,11784,7872,50,300,248,0,30,70,0,0
FlameisteR,504|601,9229,11775,7818,50,300,250,0,30,100,0,0
FlameisteR,458|593,9229,11061,8884,50,300,250,0,30,56,0,0
FlameisteR,438|589,9229,10222,9507,50,300,250,0,30,53,0,0
FlameisteR,410|555,9229,10874,9535,50,202,155,0,30,40,0,0
FlameisteR,494|608,9229,10812,9013,50,260,220,0,30,66,0,0
FlameisteR,476|585,9229,10869,8313,50,300,250,68,30,100,0,0
FlameisteR,516|590,9450,10379,8762,50,298,250,0,30,90,0,2
FlameisteR,519|598,9291,11112,8406,50,300,250,0,30,100,0,0
FlameisteR,453|573,9258,10684,8733,50,300,250,0,30,86,0,0
FlameisteR,484|587,9229,10797,8636,50,300,250,0,30,90,0,0
FlameisteR,432|565,9229,10184,9089,50,340,250,0,30,100,0,0
Sergej Kuts,450|572,9647,10719,10738,50,155,10,0,2,0,0,0
XroM,449|493,9999,7365,5763,50,763,0,365,8,25,0,0
FlameisteR,426|580,10397,10276,10264,49,200,101,0,30,13,0,0
FlameisteR,428|508,8750,10398,10401,48,200,100,0,30,0,0,0
Yorick,438|429,11553,4416,4411,48,50,0,0,5,0,0,0
Corvhael,460|484,10339,7322,2349,45,300,11,420,0,20,0,0
Туз.,426|476,9942,3886,3899,42,170,0,0,8,11,0,1
FlameisteR,469|540,10002,9180,9127,40,200,100,0,30,0,1,2
EHoTka,456|449,9797,8095,4664,36,360,491,585,20,201,1,0
9731,430|580,9976,3243,8821,35,313,1183,195,5,201,0,1
EHoTka,455|449,9835,6323,5171,33,351,649,721,15,184,0,0
FlameisteR,402|474,8815,6356,6356,29,200,100,190,30,0,0,3
Yorick,421|479,10211,2564,2597,28,50,0,1,5,0,0,0
Дагир,401|554,5328,8100,5048,28,779,526,564,0,143,0,0
Токмэн,435|568,9966,5480,5480,27,900,613,750,2,108,0,0
9731,500|589,10070,4389,12628,26,199,530,0,2,165,1,1
EHoTka,539|529,11361,2219,2785,24,112,203,283,10,130,0,2
Corvhael,454|439,10339,7289,7288,18,300,21,259,3,110,0,0
Mastak,440|450,10971,8970,8933,17,250,77,3,5,34,0,0
Corvhael,516|568,10339,7660,7689,16,300,0,228,0,20,0,0
Corvhael,450|491,10339,8360,8360,16,300,33,239,3,150,0,0
Marvable,436|422,9745,8137,7835,16,250,573,0,7,0,0,0
Corvhael,452|434,10339,5592,5576,15,300,200,575,70,150,0,0
Marvable,432|464,9745,5663,5451,13,250,0,0,5,0,0,0
Corvhael,446|492,10339,5975,4850,12,300,12,1227,3,20,0,0
killerDim,420|548,10297,10291,11466,12,41,0,0,0,15,1,0
XroM,414|512,9999,9588,9320,10,291,273,0,4,0,0,0
killerDim,424|517,9976,6370,7303,9,59,0,788,0,11,0,0
XroM,486|595,9999,9743,9444,9,331,0,0,8,0,0,1
killerDim,422|517,10001,5422,8857,7,300,0,668,9,15,0,0
XroM,416|522,9999,9604,9862,7,708,50,0,6,0,0,0
XroM,447|562,9999,9848,9735,7,368,38,0,11,15,0,0
XroM,449|539,9999,10014,8831,7,362,189,0,0,0,0,3
o-O..OnMaine..O-o,403|481,10237,7613,7600,6,500,4,500,0,100,0,0
o-O..OnMaine..O-o,400|467,10237,7658,7619,6,497,0,493,0,100,0,0
XroM,449|499,9999,9356,8940,5,593,0,132,0,25,0,0
XroM,448|500,9999,8483,7554,5,844,0,337,0,15,0,0
XroM,447|495,9999,9645,8483,5,836,0,32,0,19,0,0
XroM,444|490,9999,8433,7539,5,297,0,497,0,11,0,0
XroM,440|486,9999,8629,7865,5,588,0,138,0,25,0,0
XroM,436|486,9999,8791,8019,5,762,0,126,0,0,0,0
XroM,436|487,9999,8861,8293,5,272,0,161,0,36,0,4
XroM,435|488,9999,7898,7250,5,484,0,346,0,25,0,0
XroM,437|490,9999,8308,8289,5,264,0,263,0,18,0,0
XroM,436|494,9999,8859,8441,5,703,0,98,0,40,0,0
XroM,435|493,9999,9312,9291,5,191,0,69,0,25,0,0
XroM,434|495,9999,8303,8023,5,202,117,236,0,39,0,0
XroM,396|498,9999,8856,8788,5,300,0,131,0,16,0,1
XroM,416|501,9999,9756,9708,5,571,0,0,0,0,0,0
XroM,406|516,9999,9904,9729,5,457,0,7,9,0,0,0
XroM,459|542,9999,9644,8676,5,133,516,20,9,0,0,3
XroM,437|580,9999,10235,10110,5,99,0,11,0,0,0,0
XroM,496|597,9999,9837,9295,5,363,0,7,9,0,0,0
XroM,441|590,9999,9409,8609,5,134,0,0,0,0,0,0
XroM,408|528,9999,9522,9060,5,362,298,0,1,15,0,0
XroM,463|592,9999,9763,9799,5,335,68,0,8,0,0,1
XroM,444|569,9999,9794,9829,5,505,0,0,3,0,0,0
XroM,438|593,9999,9177,8498,5,157,0,0,0,0,0,0
XroM,452|561,9999,10284,10278,5,382,0,0,4,0,0,0
XroM,430|551,9999,9684,9416,5,751,0,0,3,0,0,0
XroM,436|563,9999,9462,9763,5,472,0,70,4,0,0,0
XroM,501|567,9999,8289,8826,5,253,237,80,0,26,0,3
XroM,457|589,9999,9493,9812,5,167,225,6,11,0,0,0
XroM,459|572,9999,9981,9756,5,361,0,0,8,18,0,0
XroM,461|539,9999,8828,8624,5,368,475,0,0,0,0,3
XroM,464|589,9999,9515,9423,5,557,97,0,0,0,0,2
XroM,466|596,9999,9165,8740,5,215,51,0,0,18,0,2
XroM,484|545,9999,9416,9086,5,16,224,5,7,0,1,3
XroM,422|560,9999,9381,9474,5,244,302,0,13,0,0,0
XroM,470|457,9999,1975,2194,5,15,400,306,0,1,0,0
XroM,420|552,9999,10100,9972,5,240,0,0,12,0,0,0
seme4ka-3,452|426,10083,4703,2845,4,200,0,1206,1,5,0,0
XroM,452|483,9999,7282,6697,4,367,54,541,0,1,0,1
XroM,450|482,9999,6170,5904,4,371,0,740,0,25,0,0
XroM,414|506,9999,9464,9639,4,449,0,101,0,0,0,0
XroM,459|551,9999,9756,9757,4,497,189,7,1,0,0,0
XroM,461|588,9999,9852,9159,4,505,0,0,8,0,0,0
XroM,440|584,9999,9907,9829,4,422,0,0,8,0,0,0
XroM,454|552,9999,9976,9702,4,299,0,0,2,0,0,0
XroM,479|574,9999,8604,8396,4,455,294,0,0,3,0,3
XroM,487|583,9999,9368,8871,4,400,0,0,14,77,0,0
XroM,493|586,9999,8494,8015,4,1047,474,0,7,9,0,0
XroM,435|562,9999,9534,9536,4,497,114,0,7,0,0,0
XroM,451|552,9999,9821,10014,4,308,0,0,13,15,0,0
XroM,487|584,9999,9774,9747,4,488,0,0,8,0,0,1
XroM,480|573,9999,8917,9102,4,503,323,0,7,0,0,3
killerDim,420|517,9962,6555,7736,3,1527,78,0,0,10,0,0
o-O..OnMaine..O-o,412|457,10237,7173,6356,3,500,0,500,0,100,0,0
o-O..OnMaine..O-o,422|447,10237,2948,2930,3,500,0,500,0,100,0,0
XroM,453|498,9999,8086,7099,3,710,435,294,0,18,0,4
XroM,453|493,9999,5717,4715,3,718,0,735,0,25,0,0
XroM,454|490,9999,6578,5267,3,878,0,566,0,25,0,0
XroM,455|490,9999,5852,4664,3,1101,0,681,0,25,0,0
XroM,449|494,9999,5999,5619,3,1083,387,686,0,11,0,4
XroM,439|483,9999,8863,7993,3,249,87,98,0,25,0,0
XroM,393|491,9999,10814,9425,3,0,0,69,0,0,0,0
XroM,456|578,9999,10047,9695,3,323,0,9,3,0,0,0
XroM,502|589,9999,10070,9656,3,440,0,0,0,0,0,0
XroM,455|567,9999,9546,9582,3,1040,0,0,4,0,0,0
XroM,455|546,9999,9447,9180,3,1036,0,0,9,0,0,0
XroM,496|541,9999,1834,907,3,283,554,575,13,0,0,2
XroM,502|568,9999,882,282,3,321,243,1023,0,5,0,3
Corvhael,518|562,10339,9300,9290,2,300,0,20,0,20,0,0
EHoTka,447|478,9876,6084,7263,2,214,312,428,12,61,0,0
XroM,494|480,9999,6707,7852,2,83,348,304,0,47,1,6
XroM,489|482,9999,7479,6994,2,521,66,194,0,25,1,2
XroM,489|483,9999,3746,1820,2,370,227,262,0,34,0,3
XroM,488|484,9999,6499,5975,2,121,67,751,5,25,0,3
XroM,461|497,9999,2712,2484,2,22,230,466,0,0,0,3
XroM,453|492,9999,5364,5173,2,569,40,700,0,27,0,0
XroM,451|490,9999,9029,8243,2,467,0,0,0,25,0,0
XroM,449|488,9999,7198,7155,2,591,0,430,0,25,0,0
XroM,447|491,9999,8921,8597,2,105,0,187,0,6,0,0
XroM,450|493,9999,6447,5838,2,894,0,799,0,12,0,0
XroM,451|484,9999,7083,7948,2,477,0,400,0,1,0,0
XroM,460|540,9999,6431,6248,2,257,356,8,13,19,0,4
XroM,452|554,9999,9569,9556,2,704,0,0,20,0,0,0
9731,397|536,10252,2495,7716,1,401,1400,0,5,400,0,0
Darksol,404|522,9999,11961,10,1,615,714,833,64,90,0,0
killerDim,434|547,10297,5521,4461,1,53,90,1318,0,19,0,0
killerDim,393|504,9750,7578,7890,1,38,76,413,0,8,0,0
Mastak,468|487,10971,9717,9714,1,200,5,19,5,10,0,0
XroM,491|481,9999,6669,5691,1,453,131,295,0,25,0,2
XroM,490|478,9999,5394,4061,1,520,166,870,0,46,1,4
XroM,456|485,9999,8147,7548,1,619,0,132,0,0,0,1
XroM,452|479,9999,8200,8283,1,712,0,91,0,25,0,0
XroM,516|536,9999,3045,3034,1,259,730,177,0,21,0,4
Токмэн,449|432,10954,6691,6691,1,500,0,1000,0,0,0,0
8Taras8,431|575,9495,10607,10607,0,176,0,0,10,0,1,12
8Taras8,428|575,9316,10498,10501,0,136,0,0,10,0,1,16
8Taras8,427|576,9386,10012,10021,0,273,0,0,5,0,1,20
8Taras8,417|575,5835,8106,8004,0,0,0,0,0,0,0,0
8Taras8,432|587,1370,1362,1353,0,0,0,0,0,0,0,0
8Taras8,413|568,9478,10099,10395,0,384,0,0,10,0,1,12
8Taras8,407|566,1185,1999,1646,0,0,0,0,0,0,0,0
8Taras8,408|555,9114,10324,9292,0,410,0,0,15,0,0,12
8Taras8,458|600,7026,10288,10286,0,100,0,0,0,0,0,0
8Taras8,466|601,10323,7837,7825,0,354,700,0,20,247,0,12
9731,431|582,9947,3593,11818,0,300,810,0,6,200,0,0
9731,499|586,10013,4344,9661,0,459,800,0,4,200,0,0
9731,517|576,11243,1354,5126,0,299,633,0,4,200,1,1
9731,508|586,10434,3642,11589,0,283,759,0,0,200,1,1
9731,525|601,10568,4068,12162,0,115,730,0,3,200,0,0
9731,472|604,10083,4275,12867,0,244,430,0,5,200,0,0
9731,462|599,9550,4483,13859,0,20,539,0,0,170,0,0
9731,408|553,9901,3155,9117,0,501,1204,0,5,250,0,0
9731,479|608,9775,3575,7801,0,682,1573,0,10,270,0,0
AdreNoliN,458|540,7079,10768,8629,0,90,0,334,0,0,1,2
AdreNoliN,433|589,7208,10125,10177,0,620,0,0,24,0,0,0
AdreNoliN,434|550,6811,10723,10203,0,367,0,0,43,0,0,0
AdreNoliN,456|545,7029,10476,9489,0,95,0,0,0,0,1,1
AdreNoliN,454|570,6875,11143,10622,0,688,0,0,23,0,0,0
AdreNoliN,451|507,10471,5177,2259,0,948,0,0,3,0,0,0
AdreNoliN,448|547,6816,10818,10550,0,719,0,0,60,0,0,0
AdreNoliN,459|541,8464,4847,4264,0,39,0,130,0,0,0,2
AdreNoliN,441|539,6964,11493,10988,0,331,0,0,8,0,0,0
AdreNoliN,447|548,6876,11508,10614,0,520,0,0,17,0,0,0
AdreNoliN,415|540,6939,10477,10182,0,498,0,0,20,0,0,0
AdreNoliN,420|528,6881,11424,9811,0,276,0,0,5,0,0,0
AdreNoliN,417|529,6837,11733,8971,0,561,0,0,7,0,0,0
AdreNoliN,413|543,6869,11840,9090,0,426,0,0,7,0,0,0
AdreNoliN,401|525,6825,11262,9652,0,402,0,0,8,0,0,0
AdreNoliN,407|540,6866,10219,10595,0,429,0,0,27,0,0,0
AdreNoliN,398|515,6872,10949,11061,0,578,0,0,18,0,0,0
AdreNoliN,396|527,6970,10163,10197,0,636,0,0,23,0,0,0
AdreNoliN,396|525,6915,10113,10227,0,647,0,0,25,0,0,0
AdreNoliN,408|491,7857,9306,8110,0,719,0,389,29,0,0,0
AdreNoliN,417|462,8681,7502,1406,0,41,0,124,0,0,0,0
AdreNoliN,411|491,7651,9331,8324,0,716,0,393,14,0,0,0
AdreNoliN,407|473,7253,9880,8175,0,675,0,379,26,0,0,0
AdreNoliN,399|490,9052,6470,1699,0,500,0,297,27,0,0,0
AdreNoliN,407|457,7363,9804,7134,0,491,0,375,11,0,1,1
AdreNoliN,402|477,7436,10011,6879,0,871,0,103,20,0,1,1
AdreNoliN,405|460,7339,8995,6379,0,739,0,630,19,0,0,0
AdreNoliN,401|482,7348,8568,7222,0,871,0,588,24,0,0,4
AdreNoliN,407|451,6941,9207,6448,0,298,0,401,28,0,0,0
AdreNoliN,406|491,7318,9550,8544,0,635,0,361,24,0,0,0
AdreNoliN,400|461,9084,5936,3633,0,500,0,297,28,0,1,0
AdreNoliN,400|459,7339,9679,5099,0,777,0,577,19,0,0,0
AdreNoliN,404|458,8189,3910,3803,0,331,0,223,31,0,0,0
AdreNoliN,400|460,7312,10247,6642,0,466,0,570,17,0,0,3
AdreNoliN,400|463,8549,6006,3538,0,500,0,297,28,0,0,0
AdreNoliN,397|469,8159,4947,3917,0,400,0,327,29,0,0,0
AdreNoliN,416|436,7672,10428,5848,0,194,0,319,13,0,0,0
AdreNoliN,404|448,7298,10124,5607,0,235,0,742,22,0,0,0
AdreNoliN,398|459,7295,9920,5509,0,1149,0,639,15,0,0,0
AdreNoliN,400|457,7986,9224,7343,0,349,0,199,33,0,0,0
AdreNoliN,405|443,7295,10415,6958,0,218,2,629,15,0,0,0
AdreNoliN,402|449,7295,8009,4882,0,924,0,663,25,0,0,4
AdreNoliN,399|460,7295,9512,5923,0,1129,0,649,17,0,0,0
AdreNoliN,400|451,6688,9557,8507,0,322,0,316,29,0,0,0
AdreNoliN,405|448,7295,9931,7706,0,260,0,432,24,0,0,0
AdreNoliN,404|443,7295,10726,7619,0,256,0,443,23,0,0,0
AdreNoliN,394|475,7295,10926,5824,0,794,0,544,14,0,0,0
AdreNoliN,405|442,7200,10600,7554,0,308,0,464,21,0,0,0
AdreNoliN,401|455,7200,9372,5911,0,357,0,353,34,0,0,0
AdreNoliN,405|446,6695,1622,1324,0,0,0,0,0,0,0,0
AdreNoliN,404|446,4674,1003,89,0,0,0,0,0,0,0,0
AdreNoliN,446|549,6837,11905,10009,0,574,0,0,48,0,0,0
AdreNoliN,478|582,6852,11851,7298,0,292,0,0,0,0,0,0
AdreNoliN,460|578,6890,10717,9557,0,658,0,0,24,0,0,1
AdreNoliN,447|572,6808,10783,9764,0,535,0,0,52,0,0,0
AdreNoliN,454|580,6905,13590,8357,0,542,0,0,36,0,0,0
AdreNoliN,456|589,6808,11735,9480,0,323,0,0,3,0,0,0
AdreNoliN,445|571,6897,11089,11133,0,493,0,0,14,0,0,0
AdreNoliN,425|571,6828,10267,10944,0,312,0,0,6,0,0,0
AdreNoliN,431|580,6828,9770,11307,0,370,0,0,10,0,0,0
AdreNoliN,404|504,7035,10244,10199,0,448,0,60,18,0,0,0
AdreNoliN,448|550,6849,12128,9704,0,612,0,0,48,0,0,0
AdreNoliN,446|547,6849,10767,10286,0,794,0,0,83,0,0,0
AdreNoliN,502|535,7296,9587,9426,0,175,0,0,0,0,1,2
AdreNoliN,408|505,6920,11270,10259,0,612,0,0,10,0,0,0
AdreNoliN,402|501,6818,10256,10395,0,582,0,0,11,0,0,0
AdreNoliN,442|539,6894,11113,9953,0,711,0,0,62,0,0,0
AdreNoliN,441|587,6852,10304,10543,0,471,0,0,13,0,0,0
AdreNoliN,445|593,6801,10327,10311,0,593,0,0,21,0,0,0
AdreNoliN,439|540,6835,11419,9850,0,627,0,0,60,0,0,0
AdreNoliN,430|541,6893,10799,10250,0,709,0,0,60,0,0,0
AdreNoliN,427|548,6849,10818,10200,0,754,0,0,58,0,0,0
AdreNoliN,436|562,6893,10779,10168,0,675,0,0,46,0,0,0
AdreNoliN,428|555,6849,10160,10380,0,635,0,0,9,0,0,0
AdreNoliN,487|596,6863,9586,10872,0,664,0,0,13,0,0,0
AdreNoliN,402|458,10311,3795,0,0,500,0,400,0,0,0,0
AdreNoliN,389|483,2674,0,0,0,0,0,0,0,0,0,0
AdreNoliN,410|435,4579,1249,692,0,0,0,0,0,0,0,0
AdreNoliN,398|531,6706,10548,9556,0,631,0,0,22,0,0,0
AdreNoliN,396|543,4975,0,0,0,0,0,0,0,0,0,0
AdreNoliN,398|524,6626,9034,8683,0,667,0,0,19,0,0,0
AdreNoliN,398|547,7024,4718,4169,0,551,0,0,0,0,0,3
AdreNoliN,393|529,2333,0,0,0,0,0,0,0,0,0,0
AdreNoliN,416|566,6762,10184,10110,0,672,0,0,44,0,0,0
AdreNoliN,440|541,6828,11280,10355,0,560,0,0,14,0,0,0
Apprentice,536|574,10237,9545,9664,0,300,0,96,0,20,0,0
Apprentice,545|581,9902,9983,10039,0,225,0,6,0,20,0,0
Apprentice,544|582,9902,8018,8038,0,607,30,71,0,50,0,0
Apprentice,534|576,9885,9947,9978,0,300,0,0,0,20,0,0
Apprentice,503|584,10043,10350,10384,0,300,0,0,0,20,0,0
Apprentice,504|583,9966,10652,10641,0,300,0,0,0,20,0,0
Apprentice,504|585,10043,9207,9216,0,300,0,0,0,20,0,0
Apprentice,505|598,9923,9896,9903,0,300,0,0,0,20,0,0
Apprentice,505|599,11550,9366,9358,0,300,0,76,0,20,0,0
Apprentice,501|596,11550,8942,8954,0,300,0,0,0,20,0,0
Apprentice,512|598,11550,9300,9316,0,300,0,94,0,20,0,0
Apprentice,509|601,11321,8963,8956,0,299,0,204,0,20,0,0
Apprentice,543|591,9902,7260,7257,0,300,0,390,0,20,0,0
Apprentice,546|594,9902,10424,10466,0,175,0,0,0,20,0,0
Apprentice,488|605,10066,9930,9952,0,300,0,0,0,20,0,0
Apprentice,496|604,9885,8635,8636,0,300,0,200,0,20,0,0
Apprentice,496|605,9977,7581,7590,0,317,16,314,0,40,0,0
Apprentice,485|606,9902,8204,8198,0,300,0,300,0,20,0,1
Apprentice,485|607,9902,8293,8309,0,414,0,247,0,29,0,1
Apprentice,460|599,9902,9220,9269,0,383,0,0,0,20,0,0
Apprentice,457|602,9902,5123,5145,0,300,0,16,0,20,0,0
Apprentice,464|605,9902,6492,2569,0,300,0,310,0,20,0,2
Apprentice,513|610,9885,9298,9320,0,300,0,103,0,20,0,0
Apprentice,535|595,9902,9970,9968,0,300,0,117,0,20,0,0
Apprentice,535|599,9849,9873,9898,0,403,0,0,0,20,0,0
Apprentice,492|473,11621,3535,3529,0,300,0,193,0,20,0,0
Apprentice,511|550,10168,4768,186,0,305,166,349,0,150,0,0
Apprentice,558|584,9902,9342,639,0,617,140,1237,0,150,0,0
Apprentice,530|606,9778,7748,7756,0,300,0,182,0,20,0,0
Apprentice,536|606,9835,5943,5957,0,300,0,397,0,20,0,0
Audi Q4,542|527,12354,3633,3311,0,500,100,0,10,0,1,2
Audi Q4,516|530,11444,7997,7317,0,500,500,0,10,0,0,2
Audi Q4,420|498,9735,10000,7754,0,300,0,0,10,0,0,0
Audi Q4,418|500,9735,8049,8261,0,300,0,0,10,0,0,0
Audi Q4,431|487,9735,9192,9660,0,300,0,0,10,0,0,0
Audi Q4,428|487,9735,10632,10632,0,300,0,0,10,0,0,0
Audi Q4,428|486,9735,10392,10057,0,300,0,0,10,0,0,0
Audi Q4,427|488,9735,10000,9128,0,300,0,0,10,0,0,0
Audi Q4,411|495,9735,10057,10057,0,300,0,0,0,0,0,0
Audi Q4,410|498,9735,10000,7164,0,300,0,0,10,0,0,0
Audi Q4,409|498,9735,10512,9895,0,300,0,0,10,0,0,0
Audi Q4,408|495,9735,10000,8196,0,300,0,0,10,0,0,0
Audi Q4,407|498,9735,10632,10421,0,300,0,0,10,0,0,0
Audi Q4,416|486,9735,10000,8340,0,300,0,0,10,0,0,0
Audi Q4,404|496,9735,9482,7107,0,300,0,0,10,0,0,0
Audi Q4,409|494,9735,10000,7870,0,300,0,0,10,0,0,0
Audi Q4,404|494,9735,10000,6144,0,300,0,0,10,0,0,0
Audi Q4,404|495,9735,9372,7266,0,300,0,0,10,0,0,0
Audi Q4,394|491,9735,8409,5610,0,300,0,100,10,0,0,0
Audi Q4,397|487,9735,10000,4528,0,300,0,121,10,0,0,0
Audi Q4,400|487,9735,8355,5654,0,300,0,200,10,0,0,0
Audi Q4,401|499,9735,7841,5051,0,300,0,320,10,0,0,0
Audi Q4,399|498,9735,8123,5382,0,300,0,361,10,0,0,0
Audi Q4,399|499,9735,9628,4380,0,300,0,360,10,0,0,0
Audi Q4,398|487,9735,9614,4660,0,300,0,361,10,0,0,0
Audi Q4,399|491,9735,9616,4430,0,300,0,360,10,0,0,0
Audi Q4,402|490,9735,8182,5425,0,300,0,115,10,0,0,0
Audi Q4,396|493,9735,7244,4397,0,300,0,240,10,0,0,0
Audi Q4,405|490,9735,8083,5224,0,300,0,86,10,0,0,0
Audi Q4,426|475,9735,8369,6934,0,300,0,0,10,0,0,0
Audi Q4,430|475,11077,3811,3600,0,300,0,0,5,0,0,0
Audi Q4,400|468,9735,8605,6046,0,300,0,350,10,0,0,0
Audi Q4,403|468,9735,8308,5455,0,300,0,450,10,0,0,0
Audi Q4,429|474,9735,8651,5892,0,300,0,200,10,0,0,0
Audi Q4,429|472,9735,7843,4548,0,300,0,600,10,0,0,0
Audi Q4,404|493,9735,7353,3292,0,300,0,258,10,0,0,0
Audi Q4,428|472,9735,8919,4328,0,300,0,250,10,0,0,0
Audi Q4,414|484,8969,4000,3950,0,0,0,0,0,0,0,0
Audi Q4,408|458,9735,5000,4468,0,300,0,326,10,0,0,0
Audi Q4,390|478,9735,3000,3315,0,300,0,524,10,0,0,0
Audi Q4,392|480,9735,2336,3263,0,300,0,574,10,0,0,0
Corvhael,461|480,10339,7361,7349,0,300,149,223,0,113,0,0
Corvhael,460|485,10339,7477,3121,0,300,0,425,0,20,0,0
Corvhael,458|478,10339,7501,7534,0,300,160,401,0,141,0,0
Corvhael,465|487,10339,8145,8152,0,300,191,287,0,148,0,0
Corvhael,461|482,10339,7635,7641,0,300,161,319,0,122,0,0
Corvhael,459|488,10339,7054,7049,0,300,0,382,0,128,0,0
Corvhael,460|482,10339,8256,5181,0,300,0,121,0,20,0,0
Corvhael,452|490,10339,7079,3716,0,300,0,401,0,111,0,0
Corvhael,458|477,10339,7769,7782,0,300,192,416,0,144,0,0
Corvhael,456|480,10339,8804,7739,0,300,176,272,0,136,0,0
Corvhael,453|482,10339,8487,8012,0,300,182,274,0,137,0,0
Corvhael,456|473,10339,8088,8110,0,300,0,0,0,121,0,0
Corvhael,460|487,10339,6285,2485,0,300,0,1284,0,20,0,0
Corvhael,457|490,10339,7083,7119,0,300,200,300,0,150,0,0
Corvhael,462|480,10339,7901,7335,0,300,47,367,0,105,0,0
Corvhael,455|487,11681,3723,283,0,431,0,523,0,0,0,0
Corvhael,461|487,10339,6289,6276,0,300,139,412,0,104,0,0
Corvhael,522|541,11681,515,500,0,3568,0,0,0,20,0,0
Corvhael,537|555,11681,0,0,0,4460,0,0,2,5,0,0
Corvhael,498|542,11681,0,0,0,4485,0,0,0,0,0,0
Corvhael,524|496,11681,90,50,0,4330,0,0,0,20,0,0
Corvhael,502|423,11681,0,0,0,4485,0,0,0,0,0,0
Corvhael,516|504,10339,1466,1450,0,5547,350,0,0,20,0,0
Corvhael,501|555,10339,8427,8423,0,300,0,27,2,20,0,0
Corvhael,520|543,10339,8383,8405,0,300,0,124,0,20,0,0
Corvhael,500|553,10339,9529,9540,0,300,0,123,0,20,0,0
Corvhael,510|549,10339,9689,9702,0,320,0,48,0,31,0,0
Corvhael,523|554,10339,8848,8829,0,300,0,89,0,38,0,0
Corvhael,524|555,10339,8075,8090,0,309,0,444,0,20,0,0
Corvhael,518|559,10339,9401,9433,0,300,0,19,1,20,0,0
Corvhael,515|566,10339,7868,7848,0,300,0,615,0,20,0,0
Corvhael,517|567,10339,6529,6530,0,300,22,641,0,20,0,0
Corvhael,518|566,10339,8045,8022,0,300,0,16,0,20,0,0
Corvhael,507|578,10339,8137,8126,0,307,106,515,0,22,0,0
Corvhael,517|549,10339,9518,9511,0,300,7,19,3,20,0,0
Corvhael,456|443,10339,6829,6827,0,300,161,636,0,150,0,0
Corvhael,456|437,11681,3169,1093,0,280,0,624,0,0,0,0
Corvhael,454|441,10339,6866,6850,0,300,132,262,0,101,1,0
Corvhael,451|440,10339,7127,7166,0,300,174,619,0,131,0,0
Corvhael,450|441,10339,7427,7401,0,300,156,233,0,117,0,0
Corvhael,455|437,10339,6747,6787,0,300,0,159,0,90,0,0
Corvhael,452|438,10339,6608,6611,0,300,200,300,0,150,0,0
Corvhael,452|439,10339,6758,6745,0,300,48,0,0,118,0,0
Corvhael,447|441,10339,6512,6470,0,300,200,300,0,150,0,0
Corvhael,455|435,10339,7724,7744,0,300,0,587,0,114,1,0
Corvhael,446|442,10339,7920,7889,0,300,0,300,0,150,0,0
Corvhael,452|436,10339,7340,6738,0,300,0,727,0,94,0,0
Corvhael,449|439,10339,7217,7228,0,300,167,482,0,132,0,0
Corvhael,451|438,10339,7145,7156,0,300,200,368,0,150,0,0
Corvhael,452|437,10339,7814,7813,0,300,200,390,0,150,0,0
Corvhael,448|437,10339,8901,7408,0,300,157,236,0,118,0,0
Corvhael,449|434,10339,6891,6882,0,300,176,739,0,132,0,0
Corvhael,450|433,10339,7930,7963,0,300,165,303,2,150,0,0
Corvhael,445|437,10339,7661,7658,0,300,190,448,0,150,0,0
Corvhael,448|436,10339,5396,5378,0,300,74,28,0,20,0,0
Corvhael,447|438,10339,8079,8088,0,300,200,300,0,150,0,0
Corvhael,443|436,10339,7163,7156,0,300,140,648,0,150,0,0
Corvhael,444|435,10339,8452,6657,0,300,180,495,0,146,0,0
Corvhael,448|430,10339,7661,7652,0,300,260,387,0,150,0,0
Corvhael,444|434,10339,7373,7407,0,300,200,300,0,150,1,0
Corvhael,448|432,10339,7691,7714,0,300,200,426,0,150,0,0
Corvhael,448|427,10339,7788,7772,0,300,200,397,5,150,0,0
Corvhael,440|435,10339,6936,6983,0,300,200,300,0,150,0,0
Corvhael,442|435,10339,8314,8307,0,300,166,247,0,150,0,0
Corvhael,444|433,10339,7184,7175,0,300,200,300,0,150,1,0
Corvhael,445|428,10339,7010,7023,0,300,200,654,2,150,0,0
Corvhael,442|427,10339,8350,5845,0,300,130,690,0,139,0,0
Corvhael,441|427,10339,7511,7510,0,300,163,381,0,150,0,0
Corvhael,443|428,10339,10041,6448,0,300,175,263,0,150,0,0
Corvhael,454|425,10339,7153,7149,0,300,200,300,0,150,0,0
Corvhael,440|425,10339,7118,7097,0,300,168,641,0,150,0,0
Corvhael,440|428,10339,8034,8042,0,300,165,247,0,148,0,0
Corvhael,441|424,10339,6999,7010,0,300,36,366,0,124,0,0
Corvhael,439|425,10339,7316,7288,0,300,0,308,0,110,0,0
Corvhael,444|429,10339,6344,6336,0,300,200,620,0,150,0,0
Corvhael,454|434,10339,8089,8078,0,300,200,300,0,150,0,0
Corvhael,448|434,10339,7887,7896,0,300,200,300,0,150,0,0
Corvhael,447|431,10339,8258,3950,0,300,0,722,0,23,0,0
Corvhael,454|435,10339,8089,8078,0,300,200,300,0,150,0,0
Corvhael,446|432,10444,6051,6038,0,300,200,789,0,150,0,0
Corvhael,450|428,10339,8177,8148,0,300,163,243,0,122,0,0
Corvhael,446|439,10339,7198,7158,0,300,200,300,0,150,0,0
Corvhael,451|439,10339,6693,5792,0,300,75,0,0,130,0,0
Corvhael,447|437,10339,6873,6301,0,300,0,420,0,150,0,0
Corvhael,436|424,10339,6143,6133,0,300,139,327,0,127,0,0
Corvhael,451|441,10339,6523,6313,0,300,0,805,0,31,0,0
Corvhael,444|426,10339,7042,6995,0,300,175,670,0,150,1,0
Corvhael,449|427,10339,8058,6404,0,300,0,300,0,150,0,0
Corvhael,443|434,10339,7863,7888,0,300,200,300,0,150,1,0
Corvhael,484|489,10339,6655,6327,0,300,155,674,0,120,0,0
Corvhael,480|492,10339,6438,5495,0,300,121,517,0,105,0,0
Corvhael,478|483,10339,3739,3706,0,300,0,266,0,20,0,0
Corvhael,487|490,10339,8218,8215,0,300,180,269,0,150,0,0
Corvhael,474|493,10339,8073,2861,0,300,0,1003,0,41,0,0
Corvhael,480|473,10339,9214,5917,0,300,15,687,0,63,0,0
Corvhael,483|487,10339,6683,6665,0,300,136,204,0,102,0,0
Corvhael,475|487,10339,9718,6449,0,300,200,300,0,150,0,0
Corvhael,456|487,10339,7095,7074,0,300,200,300,0,150,0,0
Corvhael,449|490,10339,7692,7691,0,300,126,363,0,140,0,0
Corvhael,448|491,10339,8103,8079,0,300,163,243,0,148,0,0
Corvhael,479|485,10339,7264,7229,0,300,192,287,0,121,0,0
Corvhael,462|483,10339,7085,3687,0,300,0,408,4,20,0,0
Corvhael,478|488,10339,6933,3784,0,300,17,377,0,91,0,0
Corvhael,483|481,10339,7397,7402,0,300,0,272,0,20,0,0
Corvhael,472|488,10339,7537,6844,0,300,45,497,0,104,0,0
Corvhael,477|489,10339,7140,7156,0,300,86,681,0,95,0,0
Corvhael,476|494,10339,8713,3140,0,300,0,333,0,20,0,0
Corvhael,483|482,10339,7565,7557,0,300,152,228,0,126,0,0
Corvhael,479|484,11681,1958,641,0,198,0,378,0,0,0,0
Corvhael,478|489,10339,6980,6999,0,300,12,215,0,80,0,0
Corvhael,481|480,10339,6197,6162,0,300,200,300,0,150,0,0
Corvhael,488|490,10339,7454,7126,0,300,143,678,0,85,0,0
Corvhael,480|483,10339,6040,6040,0,300,5,348,0,70,0,0
Corvhael,481|472,11681,4130,89,0,597,0,527,0,0,0,0
Corvhael,475|490,10339,8679,7072,0,300,0,620,0,62,0,0
Corvhael,447|485,10339,5543,5538,0,300,200,564,0,150,0,0
Corvhael,476|493,10339,8402,3173,0,300,0,1259,0,78,0,0
Corvhael,481|488,10339,8506,5935,0,300,16,611,0,105,0,0
Corvhael,479|483,10339,6709,6684,0,300,128,240,0,111,0,0
Corvhael,543|577,10339,9651,9660,0,300,16,64,0,26,0,0
Corvhael,520|590,10339,9140,9122,0,333,0,36,0,20,0,0
Corvhael,536|584,10339,9172,9203,0,306,10,1,0,22,0,0
Corvhael,546|578,11681,2744,2750,0,529,0,64,0,20,0,0
Corvhael,540|584,10339,8746,8761,0,300,22,116,0,20,0,0
Corvhael,536|586,10339,8566,8569,0,308,0,163,0,20,0,0
Corvhael,522|591,10339,9639,9641,0,300,0,15,0,20,0,0
Corvhael,526|591,10339,9003,9044,0,300,0,217,0,20,0,0
Corvhael,543|585,10339,9781,9765,0,300,12,16,0,20,0,0
Corvhael,512|594,10339,8526,8505,0,300,206,260,0,69,0,0
Corvhael,535|587,10339,8278,8249,0,314,0,84,0,20,0,0
Corvhael,517|595,10339,8281,8295,0,300,49,95,0,20,0,0
Corvhael,518|594,10339,8689,8736,0,300,0,334,0,20,0,0
Corvhael,530|592,10339,8701,8708,0,300,10,208,0,20,0,0
Corvhael,525|593,10339,8071,8073,0,300,14,18,0,20,0,0
Corvhael,542|586,10339,9458,9443,0,300,0,119,0,44,0,0
Corvhael,522|595,10339,9796,9829,0,308,0,0,0,20,0,0
Corvhael,539|591,10339,9868,9855,0,342,0,0,0,20,0,0
Corvhael,525|594,10339,9073,9069,0,300,0,42,0,29,0,0
Corvhael,529|595,10339,8622,8595,0,300,0,22,0,20,0,0
Corvhael,535|594,10339,9704,9707,0,300,0,54,0,29,0,0
Corvhael,554|586,10339,7877,7878,0,300,0,202,0,20,0,0
Corvhael,526|597,10339,9862,9861,0,300,0,14,0,20,0,0
Corvhael,535|596,10339,9538,9549,0,300,0,120,0,20,0,0
Corvhael,513|597,10339,8082,8079,0,304,0,28,0,20,0,0
Corvhael,547|589,10339,9450,9457,0,300,14,110,0,43,0,0
Corvhael,544|591,10339,9628,9593,0,300,0,87,0,28,0,0
Corvhael,525|598,10339,9761,9750,0,309,23,31,0,20,0,0
Corvhael,552|586,10339,8925,8910,0,300,0,116,0,35,0,0
Corvhael,539|596,10339,8810,8837,0,300,0,101,0,20,0,0
Corvhael,506|610,10339,8449,8433,0,321,0,39,0,20,0,0
Corvhael,537|601,10339,9747,9724,0,300,0,56,0,20,0,0
Corvhael,458|422,10339,8495,8116,0,300,166,270,0,134,0,0
Corvhael,455|421,10339,7214,7208,0,300,0,576,0,109,0,0
Corvhael,454|423,10339,7264,7245,0,300,33,574,0,135,0,0
Corvhael,456|418,11681,2474,140,0,1495,0,420,0,0,0,0
Corvhael,454|420,10339,8725,5848,0,300,0,727,0,129,0,0
Corvhael,451|423,10339,8271,7776,0,300,0,508,0,109,0,0
Corvhael,451|419,10339,9678,5416,0,300,0,540,0,130,0,0
Corvhael,443|423,10339,6743,3990,0,300,0,0,0,20,0,0
Corvhael,452|418,10339,7607,7590,0,300,0,300,0,150,0,0
Corvhael,439|423,10339,7894,7894,0,300,199,300,0,150,0,0
Corvhael,442|423,10339,5165,5173,0,300,200,300,0,150,0,0
Corvhael,438|423,10339,7049,6372,0,300,104,122,0,110,0,0
Corvhael,441|422,10339,7956,7963,0,300,0,0,0,139,0,0
Corvhael,449|418,10339,8161,8182,0,300,186,280,0,150,0,0
Corvhael,448|418,10339,9675,7194,0,300,33,709,0,139,0,0
Corvhael,443|422,10339,8470,6647,0,300,19,126,0,139,0,0
Corvhael,440|422,10464,6382,4334,0,300,0,0,0,47,0,0
Corvhael,446|418,10339,8946,5402,0,300,0,369,0,20,0,0
Corvhael,447|417,10339,7536,7550,0,300,200,300,0,150,0,0
Corvhael,437|420,10339,7593,7609,0,300,200,300,0,150,0,0
Corvhael,437|417,10339,6681,4551,0,300,0,426,0,69,0,0
Corvhael,443|413,10339,6434,6065,0,300,0,68,0,85,0,0
Corvhael,438|417,10339,6786,6750,0,300,0,434,0,129,0,0
Corvhael,435|421,10339,6949,6348,0,300,0,489,0,150,0,0
Corvhael,447|415,10339,8452,8478,0,300,0,300,0,150,0,0
Corvhael,433|423,10412,8527,6258,0,300,2,556,0,127,0,0
Corvhael,442|412,10339,6920,4060,0,300,0,300,0,150,0,0
Corvhael,444|413,10339,8008,5859,0,300,0,0,0,127,0,0
Corvhael,440|412,10339,6618,6643,0,300,20,562,0,140,0,0
Corvhael,440|414,10339,5769,5649,0,300,15,332,0,100,0,0
Corvhael,431|416,10339,7472,7446,0,300,149,223,0,146,0,0
Damosha,451|512,10311,8551,8550,0,500,269,0,10,100,0,2
Damosha,417|431,10311,8867,166,0,100,0,1717,4,84,0,0
Damosha,427|442,10237,9550,4829,0,498,173,636,10,39,0,0
Damosha,495|539,10311,9751,9893,0,100,0,0,0,0,1,2
Damosha,491|534,10311,9105,9110,0,104,0,137,0,0,1,2
Damosha,469|491,11996,7293,10,0,500,0,0,0,0,0,2
Damosha,486|511,12129,6918,575,0,400,0,0,0,0,1,2
Damosha,488|539,10311,9577,9488,0,100,0,0,0,0,1,2
Damosha,524|531,12129,3743,1087,0,156,331,282,5,15,0,2
Damosha,432|493,10311,6475,5706,0,500,197,981,10,40,0,0
Damosha,435|512,10311,8994,9041,0,430,300,0,10,100,0,0
Damosha,427|499,10311,8827,8838,0,500,243,0,10,67,0,0
Damosha,428|513,10311,9044,8950,0,451,300,0,10,100,0,0
Damosha,428|525,10311,9025,9382,0,249,300,0,10,99,0,0
Damosha,428|524,10311,9046,9323,0,460,282,0,10,90,0,0
Damosha,426|515,10311,8589,8588,0,500,300,0,10,100,0,0
Damosha,427|521,10311,8999,9061,0,418,300,0,10,100,0,0
Damosha,425|521,10311,9049,9335,0,338,281,0,10,89,0,0
Damosha,426|526,10311,9008,9287,0,352,288,0,10,93,0,0
Damosha,425|515,10311,8682,8529,0,483,300,0,10,100,0,0
Damosha,424|520,10311,9086,9349,0,283,289,0,9,93,0,0
Damosha,423|491,10311,8505,8328,0,436,195,228,9,41,0,0
Damosha,426|524,10311,9022,9239,0,472,268,0,9,78,0,0
Damosha,424|491,10311,8218,8150,0,500,196,284,10,40,0,0
Damosha,426|519,10311,8979,9070,0,424,300,0,10,100,0,0
Damosha,423|523,10311,9121,9435,0,428,267,0,10,82,0,0
Damosha,422|516,10311,8589,8587,0,500,300,0,10,100,0,0
Damosha,424|523,10311,8915,9203,0,415,257,0,10,85,0,0
Damosha,424|524,10311,9225,9495,0,460,270,0,10,82,0,0
Damosha,421|521,10311,9180,9410,0,428,264,0,10,79,0,0
Damosha,424|497,10311,8844,8863,0,495,239,0,10,65,0,0
Damosha,430|542,10311,9048,9223,0,481,290,0,10,93,0,0
Damosha,423|521,10311,9155,9368,0,488,287,0,10,91,0,0
Damosha,425|530,10311,9354,9443,0,358,258,0,10,74,0,0
Damosha,418|518,10311,9026,9227,0,478,291,0,10,95,0,0
Damosha,421|522,10311,9224,9443,0,460,275,0,10,86,0,0
Damosha,436|555,10311,8587,8588,0,500,300,0,10,100,0,0
Damosha,417|505,10311,9189,9186,0,500,300,0,10,100,0,0
Damosha,416|504,10311,8588,8587,0,500,300,0,10,100,0,0
Damosha,417|502,10311,9020,8971,0,452,300,0,10,100,0,0
Damosha,416|516,10311,9069,9068,0,500,300,0,10,100,0,0
Damosha,420|526,10311,9126,9222,0,471,283,0,10,89,0,0
Damosha,417|518,10311,9143,9047,0,352,300,0,10,100,0,0
Damosha,417|517,10311,9163,9029,0,351,300,0,10,100,0,0
Damosha,415|502,10311,8728,8713,0,500,269,0,10,82,0,0
Damosha,416|525,10311,9029,9258,0,347,254,0,10,82,0,0
Damosha,422|535,10311,9139,9298,0,458,275,0,10,85,0,0
Damosha,413|515,10311,9071,9112,0,492,296,0,10,98,0,0
Damosha,415|501,10311,51,21,0,10065,0,0,5,0,0,0
Damosha,415|523,10311,9314,9214,0,479,286,0,10,93,0,0
Damosha,418|535,10311,51,21,0,10065,0,0,5,0,0,0
Damosha,416|529,10311,9029,9026,0,420,300,0,10,100,0,0
Damosha,411|501,10311,9244,9121,0,265,300,0,10,100,0,0
Damosha,432|555,10311,8948,8947,0,500,300,0,10,100,0,0
Damosha,413|512,10311,8934,8984,0,488,300,0,10,100,0,0
Damosha,413|516,10311,9045,9163,0,487,294,0,10,97,0,0
Damosha,422|544,10311,9188,9187,0,500,300,0,10,100,0,0
Damosha,411|514,10311,9083,9109,0,412,285,0,9,93,0,0
Damosha,411|507,10311,9103,9157,0,423,277,0,10,85,0,0
Damosha,415|527,10311,8949,8962,0,492,300,0,10,100,0,0
Damosha,418|540,10311,8948,8946,0,500,300,0,10,100,0,0
Damosha,419|533,10311,8969,9000,0,462,300,0,10,100,0,0
Damosha,413|520,10311,9106,9047,0,371,300,0,10,100,0,0
Damosha,416|537,10311,51,21,0,10065,0,0,5,0,0,0
Damosha,413|513,10311,9101,8813,0,426,280,0,10,96,0,0
Damosha,413|519,10311,8829,8828,0,500,300,0,10,100,0,0
Damosha,411|521,10311,8828,8828,0,500,300,0,10,100,0,0
Damosha,417|541,10311,51,21,0,10064,0,0,5,0,0,0
Damosha,420|455,10311,7417,4555,0,500,195,1017,10,40,0,0
Damosha,414|530,10311,8828,8826,0,500,300,0,10,100,0,0
Damosha,415|466,10311,8740,8782,0,500,259,0,10,77,0,0
Damosha,408|506,10311,9080,8899,0,464,267,0,10,85,0,0
Damosha,416|535,10311,8829,8826,0,500,300,0,10,100,0,0
Damosha,411|508,10311,9048,9043,0,500,277,0,10,87,0,0
Damosha,409|504,10311,9020,9274,0,495,282,0,9,91,0,0
Damosha,409|503,10311,8746,8715,0,500,266,0,10,81,0,0
Damosha,410|513,10311,9013,9153,0,400,252,0,10,85,0,0
Damosha,418|460,10311,7230,6815,0,95,194,807,10,40,0,0
Damosha,409|508,10311,9038,8973,0,455,260,0,10,87,0,0
Damosha,410|509,10311,51,21,0,10065,0,0,5,0,0,0
Damosha,416|540,10311,8828,8827,0,500,300,0,10,100,0,0
Damosha,421|455,10311,8759,2845,0,500,194,1079,10,40,0,0
Damosha,415|530,10311,8829,8828,0,500,300,0,10,100,0,0
Damosha,411|484,10311,8517,8508,0,500,212,150,10,50,0,0
Damosha,410|510,10311,9197,9013,0,402,250,0,10,80,0,0
Damosha,409|489,10311,7473,7501,0,500,196,516,10,40,0,0
Damosha,410|516,10311,9216,8957,0,361,300,0,10,100,0,0
Damosha,409|522,10311,8861,8814,0,500,296,0,10,99,0,0
Damosha,425|555,10311,8614,8588,0,499,298,0,10,98,0,0
Damosha,409|518,10311,9109,9006,0,390,300,0,10,100,0,0
Damosha,417|457,10311,6876,5495,0,438,194,968,10,43,0,0
Damosha,416|458,10311,7549,5732,0,500,127,848,10,37,0,0
Damosha,409|525,10311,8966,8961,0,484,300,0,10,100,0,0
Damosha,413|527,10311,8828,8826,0,500,300,0,10,100,0,0
Damosha,420|456,10311,7393,3761,0,500,194,1154,10,40,0,0
Damosha,407|520,10311,8954,8947,0,497,300,0,10,100,0,0
Damosha,415|458,10311,7252,6552,0,500,195,690,10,56,0,0
Damosha,411|523,10311,9069,9066,0,500,300,0,10,100,0,0
Damosha,412|524,10311,7898,6654,0,500,194,588,10,40,0,0
Damosha,427|555,10311,8948,8947,0,500,300,0,10,100,0,0
Damosha,409|524,10311,8827,8826,0,500,300,0,10,100,0,0
Damosha,407|517,10311,8985,8783,0,500,286,0,10,93,0,0
Damosha,411|534,10311,8965,8948,0,492,300,0,10,100,0,0
Damosha,417|458,10311,7901,5890,0,422,195,749,8,34,0,0
Damosha,413|544,10311,9178,9203,0,498,300,0,10,100,0,0
Damosha,416|459,10311,8770,3584,0,500,195,951,10,42,0,0
Damosha,408|526,10311,9189,9186,0,500,300,0,10,100,0,0
Damosha,403|507,10311,8954,8947,0,497,300,0,10,100,0,0
Damosha,429|562,10311,8948,8947,0,500,300,0,10,100,0,0
Damosha,408|523,10311,9189,9187,0,500,300,0,10,100,0,0
Damosha,425|557,10311,9385,8937,0,411,244,0,10,67,0,0
Damosha,407|531,10311,8863,8820,0,498,298,0,10,98,0,0
Damosha,409|523,10311,9112,8781,0,470,279,0,10,88,0,0
Damosha,407|521,10311,8829,8825,0,500,300,0,10,100,0,0
Damosha,403|501,10311,8954,8950,0,496,300,0,10,100,0,0
Damosha,415|457,10311,6758,6411,0,500,194,962,10,52,0,0
Damosha,406|533,10311,9189,9188,0,500,300,0,10,100,0,0
Damosha,411|538,10311,9068,9068,0,500,300,0,10,100,0,0
Damosha,402|503,10311,8908,8814,0,497,293,0,10,96,0,0
Damosha,409|541,10311,9049,9178,0,486,292,0,10,96,0,0
Damosha,402|505,10311,9071,9063,0,500,300,0,10,100,0,0
Damosha,423|567,10311,9189,9187,0,500,300,0,10,100,0,0
Damosha,400|512,10311,9316,8988,0,346,289,0,10,93,0,0
Damosha,403|528,10311,8948,8949,0,500,300,0,10,100,0,0
Damosha,413|468,10311,8782,8762,0,500,257,0,10,75,0,0
Damosha,397|501,10311,9172,9043,0,410,283,0,10,91,0,0
Damosha,397|516,10311,8829,8827,0,500,300,0,10,100,0,0
Damosha,402|463,10311,6689,4283,0,500,196,1171,10,49,0,0
Damosha,409|457,10311,6720,4421,0,462,194,1154,10,51,0,0
Damosha,399|531,10311,9166,8964,0,417,262,0,10,80,0,0
Damosha,400|516,10311,8922,8811,0,494,293,0,10,95,0,0
Damosha,398|512,10311,9211,8813,0,459,264,0,10,82,0,0
Damosha,416|466,10311,8700,8768,0,500,264,0,10,81,0,0
Damosha,418|520,10311,9189,9187,0,500,300,0,10,100,0,0
Damosha,397|517,10311,9072,9065,0,500,300,0,10,100,0,0
Damosha,398|511,10311,9071,9066,0,500,300,0,10,100,0,0
Damosha,397|511,10311,9154,8952,0,395,300,0,10,100,0,0
Damosha,404|546,10311,8934,8885,0,476,283,0,10,94,0,0
Damosha,395|520,10311,8712,8573,0,482,290,0,10,96,0,0
Damosha,397|529,10311,8909,8905,0,500,272,0,10,94,0,0
Damosha,394|516,10311,9067,9042,0,500,238,0,10,74,0,0
Damosha,404|545,10311,8638,8647,0,500,280,0,10,96,0,0
Damosha,401|540,10311,8701,8708,0,500,263,0,10,89,0,0
Damosha,405|548,10311,8618,8794,0,500,268,0,10,86,0,0
Damosha,390|506,10311,8793,8771,0,500,246,0,10,78,0,0
Damosha,449|468,12129,7000,887,0,303,0,0,0,0,0,0
Damosha,453|445,10311,8974,8538,0,100,0,263,0,0,0,0
Damosha,450|445,12129,4913,1728,0,457,167,0,0,35,0,0
Damosha,427|452,10311,8290,7983,0,499,173,0,10,39,0,0
Damosha,425|451,10311,8410,8376,0,472,173,0,10,39,0,0
Damosha,428|448,10311,8452,5292,0,233,173,239,5,39,0,0
Damosha,428|451,10311,7916,7236,0,298,173,287,5,39,0,0
Damosha,426|453,10311,8234,8034,0,461,173,261,10,39,0,0
Damosha,422|450,10311,8500,6424,0,500,173,145,10,39,0,0
Damosha,426|448,10311,8123,5452,0,260,173,359,5,39,0,0
Damosha,427|446,10311,9507,9506,0,100,173,0,2,39,0,0
Damosha,419|454,10311,8009,7812,0,500,173,0,10,39,0,0
Damosha,420|453,10311,9987,6611,0,200,173,380,5,29,0,0
Damosha,425|446,10311,8737,8257,0,0,173,0,0,39,0,0
Damosha,424|443,10311,6809,4882,0,500,173,597,10,39,0,0
Damosha,419|452,10311,6821,6022,0,178,51,410,1,24,0,0
Damosha,418|451,10311,6102,5686,0,429,173,349,10,39,0,0
Damosha,417|453,10311,6563,4902,0,403,173,506,10,39,0,0
Damosha,417|449,10311,3116,2022,0,17,173,79,0,39,0,0
Damosha,426|441,10311,7809,3974,0,100,173,818,0,39,0,0
Damosha,416|447,10311,6599,5263,0,428,173,375,10,39,0,0
Damosha,415|453,9799,7841,7024,0,428,182,0,10,39,0,0
Damosha,417|448,10311,8498,6563,0,431,173,0,10,39,0,0
Damosha,419|443,10311,6855,3723,0,301,173,685,8,39,0,0
Damosha,413|450,10311,9842,9773,0,100,33,0,40,10,0,0
Damosha,416|449,10311,9000,3689,0,500,173,914,10,39,0,0
Damosha,431|426,11905,8500,1001,0,386,0,0,0,0,0,0
Damosha,412|453,10311,9073,9072,0,500,182,0,10,38,0,0
Damosha,416|445,10311,9985,6424,0,500,173,294,10,39,0,0
Damosha,413|447,10311,7799,7863,0,350,274,0,5,97,0,0
Damosha,424|433,10311,9092,9091,0,499,173,0,10,38,0,0
Damosha,413|451,10311,7746,7062,0,453,182,255,10,38,0,0
Damosha,414|446,10311,7510,5989,0,284,133,703,10,39,0,0
Damosha,409|454,10311,9491,9287,0,282,134,0,9,38,0,0
Damosha,417|438,10311,10000,5545,0,22,0,773,0,0,0,0
Damosha,411|447,10311,9991,9588,0,299,0,0,10,0,0,0
Damosha,416|440,10311,3172,1832,0,415,182,142,10,40,0,0
Damosha,409|447,10311,8500,8349,0,183,74,214,5,25,0,0
Damosha,409|444,10311,7847,4897,0,500,182,670,10,38,0,0
Damosha,450|507,10311,7396,6383,0,500,200,510,10,40,0,0
Damosha,448|514,10311,8458,7733,0,499,176,309,9,40,0,0
Damosha,453|513,10311,10277,8028,0,300,199,236,6,40,0,2
Damosha,455|512,10311,8491,8242,0,370,198,212,8,44,0,2
Damosha,455|515,10311,8369,8200,0,365,300,113,10,100,0,2
Damosha,455|513,10311,8422,8573,0,500,249,31,10,100,0,2
Damosha,454|513,10311,7359,6379,0,363,176,574,7,40,0,2
Damosha,455|516,10311,8500,8170,0,500,293,0,10,100,0,2
Damosha,451|511,10311,8428,7708,0,500,200,77,10,94,0,0
Damosha,448|506,10311,8086,6821,0,450,200,330,9,40,0,0
Damosha,450|514,10311,8600,8395,0,500,267,19,10,100,0,2
Damosha,448|513,10311,8600,8593,0,500,296,0,10,100,0,0
Damosha,452|514,10311,8984,9023,0,450,200,0,0,40,0,2
Damosha,450|510,10311,7637,6932,0,500,296,0,10,100,0,2
Damosha,448|511,10311,8462,8031,0,500,200,254,10,45,0,0
Damosha,449|507,10311,8551,8545,0,478,200,127,9,71,0,0
Damosha,447|506,10311,9019,8434,0,500,200,3,10,40,0,0
Damosha,446|508,10311,8600,8593,0,500,296,0,10,100,0,0
Damosha,447|512,10311,7941,7550,0,500,296,0,10,100,0,0
Damosha,446|512,10311,14592,4563,0,330,25,0,8,9,0,2
Damosha,447|518,10311,8581,6644,0,500,200,472,10,40,0,0
Damosha,453|514,10311,8692,5929,0,400,199,815,8,40,0,2
Damosha,453|508,10311,8115,8008,0,400,200,324,8,40,0,2
Damosha,443|517,10311,8110,7823,0,500,200,171,10,42,0,0
Damosha,442|510,10311,6009,4280,0,500,200,956,10,40,0,0
Damosha,440|516,10311,7043,6931,0,500,296,0,10,100,0,0
Damosha,448|507,10311,8486,8507,0,500,296,0,10,100,0,2
Damosha,444|510,10311,6943,6674,0,500,296,0,10,100,0,0
Damosha,453|516,10311,8626,7236,0,74,179,491,7,40,0,2
Damosha,455|523,10311,8828,8440,0,457,200,44,9,92,0,2
Damosha,419|441,10311,9029,5016,0,498,173,690,10,38,0,0
Darksol,482|497,9999,4000,4100,0,389,0,0,18,0,0,0
Darksol,476|531,9999,12959,181,0,699,0,982,20,0,0,0
Darksol,506|521,9999,9266,1850,0,1196,0,1000,20,0,1,5
Darksol,473|529,9999,12757,399,0,700,0,972,20,0,0,0
Darksol,475|527,9999,3999,4000,0,453,0,0,19,0,0,0
Darksol,473|531,9999,9767,9789,0,500,0,0,20,0,0,0
Darksol,491|540,9999,4509,4000,0,255,0,0,8,0,0,0
Darksol,473|534,9999,9487,9527,0,500,0,0,20,0,0,0
Darksol,474|535,9999,12761,395,0,700,0,990,20,0,0,0
Darksol,472|536,9999,9170,1852,0,700,0,1000,20,0,1,0
Darksol,469|531,9999,10714,1860,0,700,0,1000,20,0,1,0
Darksol,469|530,9999,10655,1905,0,700,0,1000,20,0,0,0
Darksol,474|526,9999,8263,8241,0,500,0,0,20,0,0,0
Darksol,461|512,9999,9771,9785,0,500,0,0,20,0,0,0
Darksol,467|537,9999,12777,379,0,700,0,1000,20,0,0,0
Darksol,472|510,9999,13000,158,0,699,0,857,20,0,0,0
Darksol,462|508,9999,7532,1723,0,612,800,950,12,100,0,0
Darksol,454|516,9999,7509,1722,0,568,800,950,13,100,0,0
Darksol,462|520,9999,9790,9766,0,500,0,0,20,0,0,0
Darksol,458|514,9999,9088,911,0,636,765,833,13,100,0,0
Darksol,458|517,9999,9056,913,0,670,769,824,13,100,0,0
Darksol,457|522,9999,11559,10,0,575,747,894,13,90,0,0
Darksol,456|518,9999,4032,4007,0,432,0,0,9,0,0,0
Darksol,456|519,9999,9592,9608,0,500,0,0,20,0,0,0
Darksol,453|524,9999,11950,612,0,613,644,767,18,100,0,0
Darksol,453|522,9999,11979,67,0,621,697,815,18,100,0,0
Darksol,451|517,9999,11733,10,0,576,743,876,17,81,0,0
Darksol,454|525,9999,10595,463,0,627,779,923,18,100,0,0
Darksol,449|506,9999,12076,1080,0,700,0,1000,20,0,0,0
Darksol,466|547,9999,11920,10,0,551,609,725,54,71,0,0
Darksol,462|538,9999,12514,10,0,642,75,924,56,68,0,0
Darksol,464|544,9999,11968,12,0,510,524,763,34,100,0,0
Darksol,474|553,9999,9265,226,0,552,713,931,77,89,0,0
Darksol,474|554,9999,3952,3509,0,396,0,0,7,0,0,0
Darksol,450|533,9999,11719,44,0,597,611,745,13,90,0,0
Darksol,467|550,9999,10743,1690,0,700,0,1000,20,0,0,0
Darksol,447|534,9999,12000,253,0,636,705,821,5,100,0,0
Darksol,447|530,9999,10968,260,0,668,756,903,10,100,0,0
Darksol,472|556,9999,12000,13,0,511,597,708,53,90,0,0
Darksol,448|537,9999,12000,113,0,622,699,813,5,100,0,0
Darksol,443|530,9999,11560,161,0,621,717,863,19,94,0,0
Darksol,441|529,9999,11467,217,0,624,720,859,18,100,0,0
Darksol,446|542,9999,10440,10,0,646,627,936,14,90,0,0
Darksol,442|536,9999,11556,272,0,613,701,838,34,100,0,0
Darksol,438|528,9999,11881,61,0,611,679,811,62,100,0,0
Darksol,443|534,9999,11791,159,0,549,617,725,14,90,0,0
Darksol,451|540,9999,11552,163,0,608,725,855,19,100,0,0
Darksol,444|540,9999,9132,458,0,648,800,950,14,100,0,0
Darksol,457|548,9999,11799,10,0,530,694,849,22,85,0,0
Darksol,466|553,9999,10513,17,0,512,554,931,100,100,0,0
Darksol,470|553,9999,9754,1699,0,700,0,1000,20,0,0,0
Darksol,461|559,9999,10941,530,0,609,751,883,13,100,0,0
Darksol,438|537,9999,11454,447,0,607,697,843,19,100,0,0
Darksol,450|554,9999,10254,117,0,650,684,884,45,90,0,0
Darksol,444|547,9999,11717,60,0,590,430,904,15,60,0,0
Darksol,428|521,9999,11248,344,0,611,729,876,14,100,0,0
Darksol,443|550,9999,11147,112,0,552,569,904,5,71,0,0
Darksol,473|571,9999,11509,164,0,528,639,746,19,100,0,0
Darksol,475|574,9999,11217,360,0,583,749,882,5,100,0,0
Darksol,440|554,9999,10797,210,0,539,634,895,5,80,0,0
Darksol,464|577,9999,10221,437,0,530,718,841,44,100,0,0
Darksol,420|505,9999,9762,9794,0,500,0,0,20,0,0,0
Darksol,431|554,9999,11427,62,0,588,759,895,13,90,0,0
Darksol,412|504,9999,11221,10,0,602,761,897,55,90,0,0
Darksol,420|539,9999,11170,261,0,609,780,917,5,100,0,0
Darksol,462|583,9999,11386,10,0,629,788,925,4,90,0,0
Darksol,476|591,9999,11361,215,0,588,767,896,20,100,0,0
Darksol,408|519,9999,11632,12,0,641,740,859,64,92,0,0
Darksol,493|590,9999,11460,114,0,620,744,886,38,100,0,0
Darksol,408|503,9999,11318,62,0,590,780,927,14,98,0,0
Darksol,407|514,9999,11440,10,0,598,749,869,56,90,0,0
Darksol,439|568,9999,11503,164,0,620,746,885,19,100,0,0
Darksol,447|578,9999,11166,345,0,619,740,877,65,100,0,0
Darksol,431|565,9999,11372,62,0,631,778,903,14,100,0,0
Darksol,454|583,9999,11723,12,0,625,720,851,65,100,0,0
Darksol,409|529,9999,11439,59,0,613,740,882,64,100,0,0
Darksol,412|531,9999,11405,137,0,618,734,877,64,100,0,0
Darksol,414|541,9999,11698,10,0,605,720,863,64,100,0,0
Darksol,406|502,9999,11243,10,0,602,795,924,55,80,0,0
Darksol,434|566,9999,11475,219,0,639,720,854,64,100,0,0
Darksol,454|582,9999,11433,15,0,629,760,885,64,90,0,0
Darksol,470|590,9999,11405,11,0,611,730,873,68,90,0,0
Darksol,417|547,9999,11871,465,0,510,672,792,100,100,0,0
Darksol,419|551,9999,11399,465,0,579,724,843,64,100,0,0
Darksol,407|525,9999,11079,163,0,521,660,777,54,100,0,0
Darksol,404|503,9999,11198,12,0,580,756,916,54,87,0,0
Darksol,480|594,9999,11866,10,0,610,700,816,64,93,0,0
Darksol,457|583,9999,11725,67,0,613,704,849,64,76,0,0
Darksol,429|565,9999,11841,70,0,626,720,823,63,100,0,0
Darksol,422|557,9999,11771,319,0,556,706,825,64,100,0,0
Darksol,403|517,9999,11664,10,0,536,620,752,54,81,0,0
Darksol,437|575,9999,11466,75,0,602,721,852,63,100,0,0
Darksol,406|519,9999,11538,16,0,605,740,857,54,90,0,0
Darksol,403|504,9999,11449,10,0,599,740,874,55,90,0,0
Darksol,402|513,9999,11648,10,0,630,719,842,58,90,0,0
Darksol,432|574,9999,12000,102,0,602,701,811,64,100,0,0
Darksol,399|519,9999,10145,10131,0,500,0,80,20,0,0,0
Darksol,422|568,9999,10246,10222,0,500,0,48,20,0,0,0
Darksol,477|602,9999,10288,10310,0,500,5,63,20,0,0,0
Darksol,421|568,9999,10173,10175,0,500,0,68,20,0,0,0
Darksol,399|508,9999,10136,10178,0,500,4,111,20,0,0,0
Darksol,493|603,9999,11911,16,0,581,668,800,99,100,0,0
Darksol,488|603,9999,11933,17,0,623,700,806,64,88,0,0
Darksol,406|549,9999,9947,9939,0,500,0,145,20,0,0,0
Darksol,487|604,9999,9927,9911,0,500,0,153,20,0,0,0
Darksol,418|567,9999,10202,10196,0,500,4,57,20,0,0,0
Darksol,405|553,9999,9475,9487,0,500,6,95,20,0,0,0
Darksol,391|502,9999,10173,10163,0,500,0,70,20,0,0,0
Darksol,393|523,9999,10567,9112,0,500,5,153,27,13,0,0
Darksol,463|602,9999,9161,9153,0,500,0,207,20,0,0,0
Darksol,390|513,9999,9313,9292,0,500,0,141,41,0,0,0
Darksol,484|605,9999,9514,9544,0,500,9,77,20,0,0,0
Darksol,435|588,9999,9500,9533,0,500,82,0,59,0,0,0
Darksol,395|516,9999,9408,9383,0,500,130,0,69,0,0,0
Darksol,396|536,9999,11349,11,0,529,673,792,42,73,0,0
Darksol,476|609,9999,11696,121,0,499,720,841,63,100,0,0
Darksol,424|582,9999,11519,18,0,524,640,754,53,90,0,0
Darksol,394|521,9999,10302,10342,0,500,0,0,20,0,0,0
Darksol,421|580,5873,2000,1989,0,500,0,0,20,0,0,0
Darksol,398|543,4977,1284,1263,0,500,0,0,20,0,0,0
Darksol,431|494,9999,10366,10,0,557,750,876,54,80,0,0
Darksol,431|490,9999,2996,2952,0,493,0,0,10,0,0,0
Darksol,430|494,9999,11213,1743,0,700,0,1000,20,0,0,0
Darksol,428|489,9999,10064,1723,0,700,0,1000,20,0,0,0
Darksol,427|483,9999,11426,10,0,502,660,786,44,80,0,0
Darksol,426|492,9999,12021,1135,0,700,0,1000,20,0,0,0
Darksol,423|486,9999,13000,162,0,700,0,999,20,0,0,0
Darksol,423|487,9999,8730,8736,0,504,0,0,20,0,0,0
Darksol,429|495,9999,9125,457,0,582,781,931,80,100,0,0
Darksol,423|478,9999,8332,2060,0,700,0,1000,20,0,0,0
Darksol,419|483,9999,8315,2034,0,700,0,1000,20,0,0,0
Darksol,416|493,9999,11121,17,0,509,645,866,44,63,0,0
Darksol,416|491,9999,13000,612,0,700,0,924,20,0,0,0
Darksol,422|481,9999,9078,9064,0,500,0,0,20,0,0,0
Darksol,418|482,9999,11976,1200,0,690,0,1000,20,0,0,0
Darksol,417|489,9999,9775,1739,0,700,0,1000,20,0,0,0
Darksol,414|493,9999,9542,1723,0,700,0,1000,20,0,0,0
Darksol,415|493,9999,10938,461,0,598,638,749,43,100,0,0
Darksol,417|483,9999,12514,642,0,700,0,1000,20,0,0,0
Darksol,403|479,9999,10574,26,0,512,739,856,44,91,0,0
Darksol,415|492,9999,9413,9403,0,500,0,0,20,0,0,0
Darksol,479|478,9999,4726,1362,0,521,0,589,20,0,1,0
Darksol,473|476,9999,3414,2666,0,423,0,214,16,0,0,0
Darksol,473|462,9999,13000,1710,0,700,0,741,20,0,0,0
Darksol,455|486,9999,13000,156,0,700,0,1000,20,0,0,0
Darksol,474|466,9999,2602,3500,0,953,0,0,19,0,0,0
Darksol,508|551,9999,3752,3875,0,485,0,0,10,0,0,0
Darksol,513|570,9999,3865,3866,0,500,0,0,10,0,0,0
Darksol,546|535,9999,140,865,0,300,0,0,10,0,0,10
dificl,473|580,11090,7702,5089,0,93,30,113,0,0,1,14
dificl,412|553,10235,8136,4561,0,200,0,0,10,0,1,32
dificl,463|593,7677,8595,7053,0,100,0,0,10,0,1,24
EHoTka,452|445,9849,7932,5846,0,315,448,466,20,200,0,0
EHoTka,456|450,10019,7216,7748,0,426,20,593,17,140,0,0
EHoTka,453|444,9756,7412,4003,0,394,446,856,18,188,0,0
EHoTka,457|438,10019,7129,7350,0,310,461,335,18,202,0,0
EHoTka,456|438,10019,6227,8541,0,278,332,434,15,166,0,0
EHoTka,450|444,10393,4887,5132,0,302,363,633,14,134,0,0
EHoTka,465|449,9454,1430,7739,0,234,2,0,0,0,1,0
EHoTka,487|554,9568,6768,5613,0,350,751,227,20,190,1,2
EHoTka,525|576,9273,8937,6060,0,188,345,313,20,236,1,2
EHoTka,522|573,9568,6273,8150,0,297,126,506,20,237,0,0
EHoTka,525|571,9261,7982,8760,0,216,489,297,15,133,0,2
EHoTka,527|579,9350,8646,6874,0,181,428,271,20,167,0,0
EHoTka,526|575,9251,8336,6606,0,270,338,500,19,113,0,0
EHoTka,527|564,9630,5894,4961,0,380,800,531,20,219,0,2
EHoTka,533|591,8939,11857,5862,0,195,228,160,14,109,0,0
EHoTka,530|585,9009,7082,7221,0,235,584,371,20,186,0,0
EHoTka,529|583,9058,6221,4758,0,339,698,680,20,285,0,0
EHoTka,545|584,9090,5924,6012,0,268,680,500,17,184,1,0
EHoTka,543|584,9081,8579,3917,0,191,742,363,184,170,0,0
EHoTka,515|605,9835,6600,6229,0,277,753,473,8,176,0,0
EHoTka,507|581,9656,8848,5113,0,194,487,217,20,267,0,2
EHoTka,547|587,9065,6399,8238,0,174,440,348,20,245,0,0
EHoTka,508|601,8784,7670,8937,0,117,298,198,15,165,0,0
EHoTka,528|596,9107,6751,6279,0,230,594,155,20,300,0,0
EHoTka,545|592,8552,9939,7372,0,132,152,259,20,149,0,0
EHoTka,508|578,10019,7040,6484,0,226,593,300,16,225,0,3
EHoTka,513|605,8598,7862,10278,0,132,350,281,12,104,0,0
EHoTka,486|557,9889,6073,2598,0,468,800,913,20,248,0,3
EHoTka,488|557,10019,6824,3193,0,471,682,307,20,226,0,3
EHoTka,527|600,8282,8788,8845,0,209,257,315,20,153,0,0
EHoTka,467|597,8303,8371,9199,0,116,320,188,11,103,0,0
EHoTka,536|597,8400,9124,9880,0,263,166,10,16,76,0,0
EHoTka,507|607,8626,8761,7816,0,134,367,229,13,152,0,0
EHoTka,514|556,9872,7602,5249,0,269,689,443,18,187,0,3
EHoTka,551|595,8463,7567,7672,0,200,542,343,13,137,0,0
EHoTka,502|606,8346,8139,8490,0,120,322,279,11,147,0,0
EHoTka,525|604,8276,10481,8088,0,131,314,203,11,115,0,0
EHoTka,550|593,8444,7776,5522,0,262,717,554,17,117,0,0
EHoTka,480|607,8066,11137,7314,0,148,190,127,10,101,0,0
EHoTka,545|597,8258,11074,4277,0,210,535,378,10,107,0,0
EHoTka,532|601,8295,10095,6287,0,276,311,263,20,152,0,0
EHoTka,536|602,8329,9191,8472,0,105,289,195,11,101,0,0
EHoTka,544|598,8526,7406,8215,0,209,535,129,19,178,0,0
EHoTka,540|603,8293,9200,7162,0,167,421,295,12,108,0,0
EHoTka,534|600,8474,8909,7796,0,141,362,226,20,140,0,0
EHoTka,528|602,8400,8042,5687,0,212,561,390,16,156,0,0
EHoTka,548|599,8798,8156,6377,0,253,677,190,20,130,0,0
EHoTka,501|607,8400,6900,7611,0,196,516,369,13,154,0,0
EHoTka,548|601,8400,6683,5398,0,368,789,233,18,135,0,0
EHoTka,528|606,8033,5419,4858,0,1408,800,804,17,188,0,0
EHoTka,546|598,8410,7422,4761,0,270,588,149,20,336,0,0
EHoTka,544|604,8178,7516,5563,0,287,676,545,20,174,0,0
EHoTka,548|598,8477,6889,4876,0,355,749,151,20,202,0,0
EHoTka,533|606,8021,7509,5324,0,457,693,451,17,166,0,0
EHoTka,554|600,6735,7055,5523,0,373,800,139,20,208,0,2
EHoTka,501|525,10019,5814,5722,0,393,754,582,15,171,1,0
EHoTka,502|523,10796,50,903,0,216,346,329,8,97,1,0
Ewerverds,508|541,10106,8146,8145,0,400,0,156,5,6,1,3
Ewerverds,494|580,10106,8240,8227,0,400,250,358,5,150,0,0
Ewerverds,475|570,10106,8701,8681,0,396,250,364,5,56,0,3
Ewerverds,459|575,10106,8227,8211,0,398,245,358,3,98,0,0
Ewerverds,482|554,10106,8234,8233,0,400,250,353,4,87,0,3
Ewerverds,495|552,10106,9644,9632,0,400,0,0,13,0,0,3
Ewerverds,479|567,10106,7755,7741,0,400,250,470,5,150,0,3
Ewerverds,480|559,10106,8609,8633,0,400,250,179,5,150,0,3
Ewerverds,479|579,10106,8175,8193,0,400,250,294,5,150,0,0
Ewerverds,496|534,9006,4705,4689,0,128,41,3,0,0,0,3
Ewerverds,514|519,9006,5050,5082,0,0,0,0,0,0,0,0
Ewerverds,507|538,10106,6401,6376,0,400,0,163,5,0,1,3
Ewerverds,513|549,9006,5616,5606,0,25,0,0,0,0,0,3
Ewerverds,479|585,10106,8676,8662,0,400,250,226,5,140,0,0
Ewerverds,479|588,10106,8748,8807,0,400,250,214,5,122,0,0
Ewerverds,518|570,9006,4733,4731,0,175,0,3,0,0,0,3
Ewerverds,475|578,10106,8523,8561,0,400,250,314,5,106,0,0
Ewerverds,505|541,10106,7235,7236,0,400,0,0,5,0,0,3
Ewerverds,483|560,10106,9091,9074,0,400,250,0,5,150,0,0
Ewerverds,482|561,10106,8616,8600,0,362,232,352,3,72,1,3
Ewerverds,484|561,10106,8389,8355,0,400,250,262,5,150,0,3
Ewerverds,478|561,10106,8104,8075,0,399,250,308,5,148,0,3
Ewerverds,482|565,10106,8068,8036,0,400,250,369,5,149,0,3
Ewerverds,491|567,10106,8529,8532,0,400,250,159,5,150,0,3
Ewerverds,480|562,10106,8361,8329,0,400,250,321,5,150,0,0
Ewerverds,480|565,10106,7669,7701,0,400,250,491,5,150,0,3
Ewerverds,484|567,10106,9137,9143,0,400,250,56,5,150,0,0
Ewerverds,481|575,10106,8280,8323,0,399,250,377,5,116,0,0
Ewerverds,481|582,10106,8247,8246,0,398,248,348,5,149,0,0
Ewerverds,453|577,10106,8505,8473,0,398,247,322,5,115,0,0
Ewerverds,452|577,10106,8654,8645,0,346,224,229,4,80,0,0
Ewerverds,467|589,10106,8957,8941,0,400,250,213,5,80,0,0
Ewerverds,481|574,10106,9347,9299,0,400,250,0,5,146,0,0
Ewerverds,493|554,10106,10258,10258,0,400,0,0,5,0,0,3
Ewerverds,483|573,10106,8466,8438,0,391,244,339,5,115,0,0
Ewerverds,487|560,10106,9656,9660,0,400,0,0,5,0,0,3
Ewerverds,490|554,10106,9331,9345,0,400,0,1,5,0,0,3
Ewerverds,480|570,10106,7990,7980,0,345,223,552,5,94,0,0
Ewerverds,496|577,10106,7980,8000,0,400,250,389,5,150,0,3
Ewerverds,476|575,10106,8610,7478,0,400,250,422,5,149,0,0
Ewerverds,485|571,10106,8334,8314,0,400,250,277,5,150,0,3
Ewerverds,491|553,10106,10138,10138,0,400,0,0,5,0,0,3
Ewerverds,491|551,10555,8123,8093,0,400,0,0,5,0,0,3
Ewerverds,478|577,10106,8446,8448,0,400,250,287,5,150,0,0
Foks,551|538,11375,4854,3379,0,1000,0,0,0,0,1,2
Foks,567|525,11929,883,665,0,500,0,14,0,0,1,0
Foks,447|455,12373,4697,3000,0,500,0,0,0,0,0,0
Foks,447|456,11635,9000,8069,0,500,0,0,0,5,0,0
Foks,446|457,11420,10078,9182,0,500,0,0,0,10,0,0
Foks,444|455,11561,10017,4821,0,500,0,0,0,8,0,0
Foks,431|445,11420,10373,8903,0,500,0,0,0,8,0,0
Foks,433|449,11420,9031,10235,0,500,0,0,0,8,1,0
Foks,433|450,11635,7100,8483,0,503,0,0,0,8,0,0
Foks,436|451,10799,7754,7000,0,1944,0,0,0,8,0,0
Foks,438|442,11090,10264,9081,0,500,0,0,0,8,0,0
Foks,436|453,11403,9975,9290,0,500,0,0,0,10,0,0
Foks,439|443,12762,4722,3011,0,500,0,0,0,0,0,0
Foks,437|449,11494,10115,9127,0,500,0,0,0,10,0,0
Foks,436|452,11561,9996,8687,0,500,0,0,0,10,0,0
Foks,440|445,11561,10132,9000,0,503,0,0,0,7,0,0
Foks,437|450,11561,6287,6000,0,500,0,0,0,10,0,0
Foks,438|449,11561,4581,10000,0,500,0,0,0,10,0,0
Foks,431|443,11635,9996,9100,0,500,0,0,0,10,0,0
Foks,435|442,11561,10013,9101,0,500,0,0,0,10,0,0
Foks,436|443,11561,10019,9095,0,500,0,0,0,10,0,0
Foks,434|443,11420,10233,9153,0,445,0,0,0,8,0,0
Foks,465|565,10237,12123,0,0,527,0,1501,0,12,0,0
Foks,470|566,9761,10420,0,0,500,0,1500,0,12,0,2
Foks,474|557,10168,7972,2645,0,1500,0,1103,0,16,0,2
Foks,437|570,9761,10048,9506,0,517,0,0,0,16,0,0
Foks,453|584,9761,9528,9723,0,516,0,0,0,16,0,0
Foks,457|599,9761,7096,7666,0,1000,0,0,0,13,0,0
Foks,437|572,9761,10521,8961,0,561,0,0,0,14,0,0
Foks,456|572,9749,10000,4174,0,500,0,439,0,14,0,0
Foks,460|579,9740,9533,8899,0,1081,0,0,0,16,0,0
Foks,453|562,9980,8100,8633,0,500,0,370,0,16,0,0
Foks,466|578,9761,10870,0,0,898,0,1323,0,14,0,0
Foks,459|577,10225,9000,8648,0,500,0,0,0,20,0,0
Foks,426|566,9741,8384,8972,0,536,0,0,0,21,0,0
Foks,483|576,10237,10004,9251,0,508,0,0,0,16,0,2
Foks,465|569,10237,8935,9534,0,500,0,175,0,10,0,0
Foks,473|582,10178,10364,6304,0,515,0,351,0,16,0,0
Foks,470|577,10495,9034,5800,0,507,0,0,0,19,0,0
Foks,470|578,9761,13564,0,0,504,0,1000,0,18,0,0
Foks,456|576,9761,11538,0,0,1013,0,1144,0,36,0,0
Foks,462|579,9761,9671,9085,0,924,0,0,0,14,0,0
Foks,434|568,9741,9932,9610,0,541,0,0,0,12,0,0
Foks,457|561,9761,9385,9163,0,1024,0,0,0,14,0,0
Foks,439|562,10104,17004,1000,0,1261,0,0,0,13,0,0
Foks,443|569,9398,11552,3866,0,525,0,286,0,20,0,0
Foks,446|593,9761,9864,7002,0,1000,0,0,0,20,0,0
Foks,425|572,9549,10240,9577,0,500,0,0,0,15,0,0
Foks,429|578,9549,10001,6791,0,749,0,0,0,20,0,0
Foks,454|599,9550,8727,6590,0,755,0,0,0,20,0,0
Foks,427|570,9761,13441,0,0,611,0,982,0,20,0,0
Foks,453|596,9761,9013,8634,0,500,0,0,0,20,0,0
Foks,445|569,9889,7100,5255,0,611,0,0,0,18,0,0
Foks,438|581,9745,10430,9176,0,505,0,0,0,13,0,0
Foks,459|570,9761,10628,8034,0,975,0,0,0,13,0,0
Foks,448|580,9745,9000,9096,0,500,0,0,0,16,0,0
Foks,461|580,9741,12438,0,0,500,0,1198,0,12,0,0
Foks,463|574,9761,9193,9291,0,1052,0,0,0,16,0,0
Foks,490|581,10216,7094,7696,0,500,0,0,0,16,0,2
Foks,472|561,9950,11281,8293,0,500,0,0,0,12,0,0
Foks,472|559,10311,9373,9881,0,538,0,0,0,13,0,0
Foks,472|562,10290,10032,3350,0,500,0,106,0,10,0,2
Foks,477|558,10311,9168,7281,0,528,0,498,0,11,0,0
Foks,518|593,8222,8233,8464,0,510,0,0,0,0,0,2
Foks,517|593,7341,8889,8461,0,515,0,0,0,10,0,2
Foks,482|555,10237,9894,9179,0,517,0,0,0,13,0,2
Foks,481|554,11579,5346,2646,0,400,0,0,0,0,0,2
Foks,480|557,10311,9531,9595,0,508,0,0,0,16,0,2
Foks,484|557,11348,9473,9583,0,500,0,0,0,12,0,2
Foks,473|559,10336,9695,9721,0,500,0,0,0,20,0,0
Foks,471|564,10495,9661,9520,0,540,0,0,0,10,0,1
Foks,470|562,10336,9272,10044,0,524,0,0,0,14,0,1
Foks,469|562,10495,10133,9249,0,532,0,0,0,12,0,0
Foks,480|548,10787,9676,9224,0,507,0,0,0,12,0,1
Foks,478|552,10237,9317,10054,0,500,0,0,0,16,0,1
Foks,536|528,11565,4658,3000,0,500,0,0,0,0,0,1
Foks,480|554,10237,9551,9830,0,519,0,0,0,10,0,1
Foks,463|561,9761,11508,0,0,753,0,1479,0,21,0,1
Foks,464|561,9761,8997,3833,0,639,0,1088,0,10,0,0
Foks,461|561,9761,4124,4000,0,500,0,0,0,20,0,0
Foks,463|559,9761,12616,0,0,676,0,1350,0,41,0,0
Foks,478|547,10237,10000,9451,0,500,0,0,0,6,0,1
Foks,482|568,10237,9335,5068,0,524,0,1100,0,16,0,1
Foks,469|564,9902,9161,4854,0,914,0,1093,0,12,0,0
Foks,475|558,10237,7737,5602,0,524,0,1000,0,14,0,1
Foks,516|588,9994,10481,0,0,510,0,1488,0,16,0,1
Foks,510|600,5068,1781,583,0,37,0,0,0,0,0,0
Foks,451|601,2068,713,536,0,29,0,0,0,0,0,0
Foks,518|587,10237,11043,1702,0,500,0,1017,0,10,0,0
Foks,521|592,9761,9720,7000,0,458,0,500,0,10,0,0
Foks,520|602,9740,5524,4040,0,524,0,261,0,14,0,0
Foks,516|596,9745,10041,8103,0,500,0,0,0,10,0,0
Foks,527|599,9761,10853,8689,0,523,0,0,0,16,0,0
Foks,529|603,9740,8871,9691,0,1000,0,0,0,20,0,0
Foks,519|583,10290,7986,7610,0,500,0,500,0,20,0,0
Foks,523|608,3256,1268,1255,0,259,0,0,0,0,0,0
Foks,523|589,10068,8204,7057,0,450,0,711,0,14,0,1
Foks,534|596,8783,8002,5352,0,1000,0,0,0,0,0,0
Foks,526|596,9750,12065,7510,0,508,0,0,0,16,0,0
Foks,503|599,9761,8972,7257,0,509,0,500,0,14,0,0
Foks,506|600,9740,7326,7979,0,512,0,0,0,20,0,0
Foks,502|599,9761,9320,5088,0,3061,0,0,0,14,0,0
Foks,528|600,9741,9000,9427,0,524,0,0,0,20,0,0
Foks,517|586,9741,9562,10000,0,500,0,0,0,20,0,0
Foks,509|602,3073,1201,1414,0,420,0,0,0,0,0,0
Foks,522|578,11388,5177,3030,0,450,0,0,0,0,0,1
Foks,504|600,9761,10114,9458,0,524,0,0,0,12,0,0
Foks,529|604,5554,4574,4710,0,500,0,0,0,15,0,0
Foks,508|588,9881,6949,3545,0,500,0,1512,0,15,0,0
Foks,527|602,9570,10000,7239,0,500,0,262,0,16,0,0
Foks,511|593,5797,4767,4577,0,488,0,0,0,0,0,0
Foks,515|589,9747,9000,8143,0,500,0,0,0,15,0,0
Foks,523|601,9740,10925,8669,0,500,0,0,0,16,0,0
Foks,505|588,9761,7056,3500,0,508,0,1500,0,18,0,0
Foks,526|593,9740,10099,9419,0,549,0,0,0,13,0,0
Foks,538|605,1619,697,775,0,50,0,0,0,0,0,0
Foks,525|582,9994,9932,8196,0,500,0,0,0,15,0,0
Foks,517|601,5242,4334,3969,0,500,0,0,0,0,0,0
Foks,504|606,9761,5000,5602,0,769,0,0,0,20,0,0
Foks,531|601,2576,477,455,0,12,0,0,0,0,0,0
Foks,518|586,10237,7519,6000,0,500,0,970,0,20,0,1
Foks,516|591,10311,8891,7008,0,1000,0,382,0,16,0,1
Foks,510|589,9761,9075,8575,0,500,0,0,0,20,0,0
Foks,516|598,9741,9000,6019,0,684,0,0,0,20,0,0
Foks,527|604,6982,827,702,0,6867,0,0,0,0,0,0
Foks,540|605,7019,7818,5273,0,500,0,0,0,0,0,0
Foks,518|598,6856,7356,7327,0,500,0,0,0,0,0,0
Foks,515|585,9994,9000,6767,0,500,0,428,0,4,0,0
Foks,461|529,12055,4921,2500,0,500,0,0,0,0,0,1
Foks,484|578,10890,7000,5960,0,520,0,1000,0,15,0,0
Foks,484|579,10890,8142,10000,0,540,0,0,0,20,0,0
Foks,482|582,10890,9971,8832,0,503,0,88,0,8,0,0
Foks,482|580,10890,10004,6546,0,510,0,230,0,16,0,0
Foks,539|592,10538,6913,5500,0,500,0,0,0,0,0,0
Foks,519|596,10375,9975,6986,0,1000,0,75,0,18,0,0
Foks,512|596,9761,9615,10013,0,500,0,0,0,11,0,0
Foks,519|595,8857,9045,7891,0,500,0,0,0,10,0,0
Foks,517|598,9761,9276,7190,0,509,0,0,0,11,0,0
Foks,515|594,9750,9834,9063,0,800,0,0,0,11,0,0
Foks,512|597,6236,4601,4143,0,500,0,0,0,15,0,0
Foks,518|596,9761,9877,8435,0,500,0,0,0,14,0,0
Foks,517|597,9761,9798,8892,0,1000,0,0,0,0,0,0
Foks,516|595,9761,9212,7933,0,588,0,321,0,16,0,0
Foks,513|594,9740,10174,7687,0,1000,0,0,0,20,0,0
Foks,519|597,6770,7587,9071,0,500,0,0,0,0,0,0
Foks,515|596,9761,9066,9115,0,587,0,0,0,20,0,0
Foks,511|595,7302,7575,6939,0,500,0,0,0,0,0,0
Foks,514|591,5649,3967,2464,0,500,0,0,0,0,0,0
Foks,515|593,9783,10023,6430,0,500,0,161,0,0,0,0
Foks,482|563,10237,7526,5287,0,513,0,1108,0,14,0,0
Foks,494|591,9761,12876,0,0,856,0,1000,0,16,0,0
Foks,497|590,10357,9885,0,0,543,0,571,0,16,0,0
Foks,495|601,9761,9539,10033,0,516,0,0,0,14,0,0
Foks,485|589,9398,9509,9671,0,852,0,0,0,11,0,0
Foks,479|587,9750,8049,5232,0,674,0,1000,0,10,0,0
Foks,482|594,9740,8809,10093,0,858,0,0,0,13,0,0
Foks,489|600,9741,10270,8796,0,514,0,0,0,14,0,0
Foks,490|590,9664,10586,9098,0,529,0,0,0,10,0,0
Foks,470|563,9902,10796,8503,0,540,0,0,0,10,0,0
Foks,534|554,10661,8506,7875,0,450,0,500,0,15,0,1
Foks,529|558,10587,6028,4342,0,500,0,300,0,14,1,1
Foks,533|554,11738,5730,1887,0,450,0,0,0,0,1,1
Foks,531|559,10587,9069,4052,0,658,0,890,0,8,0,0
Foks,512|577,10587,8434,5505,0,500,0,900,0,10,0,1
Foks,509|560,11145,3551,2082,0,500,0,422,0,0,0,1
Foks,511|575,10375,9084,6816,0,525,0,500,0,14,0,0
Foks,499|565,10587,9105,6559,0,500,0,500,0,13,0,1
Foks,504|560,10587,6845,6470,0,500,0,1000,0,13,0,1
Foks,502|566,10311,7274,6803,0,1000,0,500,0,13,0,1
Foks,520|569,9902,7502,6084,0,500,0,500,0,10,0,0
Foks,517|571,10301,8130,5013,0,500,0,1000,0,12,0,1
Foks,512|567,10237,7758,8023,0,632,0,384,0,10,0,0
Foks,522|570,10237,6410,7061,0,500,0,865,0,16,0,0
Foks,521|571,10237,6424,7971,0,500,0,500,0,10,0,1
Foks,435|486,11905,6773,2500,0,500,0,0,0,0,0,0
Foks,431|484,10692,10924,8012,0,518,0,0,0,19,1,0
Foks,434|487,10694,10056,8927,0,523,0,0,0,13,0,0
INACHE.,509|592,8636,12896,7178,0,491,0,0,0,0,1,0
INACHE.,500|592,7042,10003,10039,0,992,0,0,0,0,1,0
INACHE.,508|589,7298,13949,4739,0,158,0,0,0,0,1,0
INACHE.,484|592,6673,17467,4598,0,0,0,0,0,0,1,0
INACHE.,456|579,5376,13173,3042,0,3219,0,0,0,0,0,0
INACHE.,476|466,13363,4179,0,0,426,0,529,0,0,0,0
INACHE.,475|466,11546,14505,0,0,605,0,769,0,0,0,0
killerDim,465|533,11002,4824,4346,0,312,0,185,7,0,1,1
killerDim,435|540,10132,6439,10188,0,43,78,405,0,19,0,0
killerDim,433|545,10297,8602,5725,0,0,78,373,0,14,0,0
killerDim,430|548,10273,8291,5600,0,0,65,705,10,42,0,0
killerDim,433|564,10495,10961,11216,0,15,0,0,9,15,1,0
killerDim,420|549,10876,3662,4006,0,28,500,1178,2,315,0,4
Marvable,471|541,9771,9029,8701,0,175,505,0,1,51,0,2
Marvable,471|511,11087,0,0,0,111,0,1447,1,0,0,2
Marvable,454|541,9771,8537,8596,0,249,505,0,1,218,0,0
Marvable,454|544,9757,5887,5662,0,250,505,0,5,220,0,0
Marvable,446|539,9771,9125,6115,0,238,512,0,0,115,0,0
Marvable,448|544,9771,8352,8058,0,250,505,0,5,220,0,0
Marvable,458|542,9771,8159,8171,0,250,505,0,45,180,0,2
Marvable,444|552,9771,9529,8574,0,177,462,0,18,40,0,0
Marvable,445|551,9771,8575,8219,0,250,505,0,15,220,0,0
Marvable,446|554,9771,8354,8112,0,230,505,0,0,221,0,0
Marvable,443|551,9771,9187,8839,0,250,505,0,5,18,0,0
Marvable,439|553,9771,7900,8632,0,218,537,0,20,187,0,0
Marvable,437|553,9771,8317,8474,0,248,505,0,0,176,0,0
Marvable,439|551,9771,8782,8583,0,244,519,0,0,98,0,0
Marvable,437|550,9771,8365,8220,0,244,505,0,0,161,0,0
Marvable,439|555,9771,8394,8379,0,244,505,0,0,179,0,0
Marvable,447|552,9771,8169,8368,0,240,505,0,20,188,0,0
Marvable,442|560,9771,8486,8001,0,233,505,0,0,171,0,0
Marvable,440|563,9771,9323,8885,0,240,495,0,9,0,0,0
Marvable,426|552,9771,9153,8810,0,200,503,0,7,37,0,0
Marvable,422|547,9771,8166,8461,0,202,505,0,0,180,0,0
Marvable,423|545,9771,8687,8355,0,244,505,0,9,140,0,0
Marvable,432|562,9771,8263,8110,0,250,505,0,0,227,0,0
Marvable,430|555,9771,8105,8262,0,197,524,0,26,216,0,0
Marvable,431|569,9771,8605,8278,0,190,503,0,36,149,0,0
Marvable,423|560,9735,8812,8369,0,207,526,0,0,128,0,0
Marvable,421|559,9757,8649,8349,0,250,505,0,0,150,0,0
Marvable,407|543,9771,9318,8973,0,250,469,0,9,0,0,0
Marvable,406|536,9771,8871,8550,0,251,505,0,0,96,0,0
Marvable,412|554,9771,9022,8675,0,218,526,0,0,59,0,0
Marvable,430|573,9771,8774,8729,0,263,505,0,5,80,0,0
Marvable,417|561,9735,9128,8782,0,246,489,0,40,160,0,0
Marvable,426|575,9745,8867,8592,0,250,505,0,0,87,0,0
Marvable,387|508,5337,1950,1544,0,250,520,0,10,0,0,0
Marvable,394|533,6664,3005,2983,0,250,520,0,10,0,0,0
Marvable,389|503,9735,7280,7007,0,250,525,0,9,220,0,0
Marvable,417|514,9771,10297,9893,0,250,0,0,5,0,0,0
Marvable,392|519,9745,9756,9385,0,250,505,0,9,25,0,0
Marvable,393|514,9771,9671,9313,0,240,505,0,5,36,0,0
Marvable,404|538,9735,9205,8902,0,240,505,0,19,18,0,0
Marvable,396|507,9771,9422,9158,0,249,520,0,5,33,0,0
Marvable,403|533,9771,9078,8888,0,247,526,0,9,123,0,0
Marvable,400|515,9771,8780,8772,0,234,505,0,23,182,0,0
Marvable,403|516,9771,8906,9220,0,249,505,0,18,19,0,0
Marvable,416|510,9771,9524,9175,0,241,505,0,5,18,0,0
Marvable,410|525,9771,8808,9095,0,250,514,0,5,44,0,0
Marvable,415|503,9771,9496,9186,0,246,505,0,5,13,0,0
Marvable,403|524,9771,9152,8839,0,248,505,0,5,64,0,0
Marvable,404|520,9771,8831,8839,0,250,526,0,18,133,0,0
Marvable,413|508,9771,10151,9771,0,241,0,0,9,123,0,0
Marvable,477|562,9771,7808,8405,0,246,505,30,50,170,0,2
Marvable,473|561,9664,11145,10772,0,248,0,0,1,0,0,0
Marvable,473|567,9735,8365,7949,0,199,505,0,48,219,0,0
Marvable,477|567,9745,8550,7754,0,224,516,0,29,195,0,2
Marvable,464|582,9771,7732,8455,0,190,505,0,28,223,0,0
Marvable,479|583,9771,9058,8699,0,223,505,0,20,92,0,0
Marvable,474|590,9771,8835,8512,0,252,505,0,0,105,0,0
Marvable,471|584,9771,8461,8212,0,219,505,0,1,197,0,0
Marvable,482|592,9771,8883,8609,0,234,505,0,49,180,0,0
Marvable,471|592,9771,9024,8696,0,245,505,0,0,51,0,0
Marvable,468|592,9771,8221,8120,0,245,505,0,10,220,0,0
Marvable,474|595,9788,8593,8278,0,241,505,0,30,148,0,0
Marvable,440|578,9757,8076,8034,0,250,503,0,50,219,0,0
Marvable,445|581,9771,8252,7968,0,234,505,0,49,220,0,0
Marvable,485|597,9771,9049,8746,0,250,518,0,9,36,0,0
Marvable,445|585,9771,8810,8540,0,250,505,0,19,86,0,0
Marvable,483|603,9771,8596,8309,0,248,505,0,10,220,0,0
Marvable,480|600,9771,8618,8280,0,238,899,0,8,13,0,0
Marvable,488|608,9735,3853,3713,0,250,505,0,5,220,0,0
Marvable,495|611,9735,8498,8172,0,161,505,0,0,195,0,0
Marvable,467|608,9745,8265,7968,0,184,505,0,34,212,0,0
Marvable,436|591,9735,8840,8192,0,226,505,0,0,235,0,0
Marvable,488|611,9745,8370,8045,0,250,505,0,5,220,0,0
Marvable,481|577,9771,8472,8143,0,250,505,0,40,168,0,0
Marvable,475|580,9771,10265,9876,0,242,0,0,18,0,0,0
Marvable,480|579,9771,9040,8711,0,250,505,0,0,51,0,0
Marvable,444|597,9735,8317,8116,0,230,505,0,10,220,0,0
Marvable,487|608,9745,8318,8109,0,239,505,0,5,220,0,0
Marvable,476|605,9735,8573,8262,0,247,505,0,5,166,0,0
Marvable,484|606,9735,8340,8054,0,250,505,0,10,220,0,0
Marvable,471|607,9735,7415,7170,0,250,520,0,9,220,0,0
Marvable,483|612,9735,8381,7953,0,250,520,0,10,220,0,0
Marvable,433|591,1643,250,250,0,0,0,0,0,0,0,0
Marvable,488|536,11044,1,0,0,70,0,1450,2,0,0,2
Marvable,486|533,9771,9217,8834,0,250,0,0,5,0,1,2
Marvable,487|538,9771,9222,8909,0,250,501,0,5,0,0,2
Marvable,504|595,9771,8349,8061,0,246,505,0,0,224,0,0
Marvable,521|590,9771,8169,8016,0,210,505,0,45,233,0,0
Marvable,528|593,9771,8308,8104,0,222,506,0,17,159,0,0
Marvable,540|587,9771,8360,8065,0,250,505,0,10,215,0,0
Marvable,518|595,9771,8859,8541,0,253,505,0,0,93,0,0
Marvable,533|577,11113,0,0,0,93,0,1487,0,0,0,0
Marvable,515|598,9771,8293,7994,0,240,505,0,40,216,0,0
Marvable,548|589,11113,668,837,0,162,0,1210,3,0,0,0
Marvable,541|591,9745,8489,8150,0,241,505,0,39,173,0,0
Marvable,535|601,9735,8338,8003,0,231,506,0,7,184,0,0
Marvable,519|588,9771,8435,8064,0,250,512,0,16,173,0,2
Marvable,536|599,9771,8356,8098,0,227,505,0,49,189,0,0
Marvable,536|601,9771,8396,8043,0,224,507,0,11,190,0,0
Marvable,517|610,9209,5568,5355,0,250,505,0,5,220,0,0
Marvable,512|558,11087,1,0,0,165,0,1428,3,0,0,2
Marvable,525|534,11130,2,1,0,90,0,1452,1,0,0,2
Marvable,522|538,9735,8981,8622,0,250,0,0,8,0,1,2
Marvable,523|535,9809,8529,8186,0,250,0,6,5,0,1,2
Marvable,486|486,11113,1,1,0,68,0,1145,1,0,1,2
Marvable,485|487,9771,7771,7482,0,250,0,0,5,0,1,2
Marvable,483|489,9735,9772,9403,0,250,20,0,5,0,1,2
Marvable,431|463,9745,6184,4252,0,250,0,0,5,0,0,0
Marvable,432|462,9745,6709,6461,0,250,0,0,5,0,0,0
Marvable,421|465,9745,6274,3890,0,250,0,0,5,0,0,0
Marvable,424|469,9757,5579,2373,0,250,0,0,5,0,0,0
Marvable,420|459,9757,6813,6523,0,250,0,0,5,0,0,0
Marvable,423|463,9757,7669,7373,0,250,0,0,5,0,0,0
Marvable,434|456,9757,5247,3942,0,250,0,0,5,0,0,0
Marvable,434|455,9757,6180,5851,0,250,0,0,5,0,0,0
Marvable,436|455,9757,6983,6735,0,250,0,0,5,0,0,0
Marvable,437|456,9757,6761,6508,0,250,0,0,5,0,0,0
Marvable,433|437,9745,9150,8795,0,250,64,0,5,0,0,0
Marvable,431|436,9745,8034,5180,0,250,0,0,5,0,0,0
Marvable,427|422,9735,7914,2111,0,250,0,0,5,0,0,0
Marvable,437|433,9745,8655,8291,0,250,0,0,5,0,0,0
Marvable,438|433,11113,2605,2534,0,250,0,0,5,0,0,0
Marvable,425|426,9745,8439,8170,0,250,0,0,5,0,0,0
Marvable,431|425,9735,8858,2315,0,250,0,0,5,0,0,0
Marvable,426|423,9745,8228,7914,0,250,0,0,5,0,0,0
Marvable,427|425,9745,9076,8734,0,250,1,0,5,0,0,0
Marvable,429|431,9735,8116,2264,0,250,0,0,5,0,0,0
Marvable,431|423,9745,9262,8953,0,250,0,21,5,0,0,0
Marvable,430|430,9735,5799,2164,0,250,0,0,5,0,0,0
Marvable,429|423,9757,8657,8344,0,250,0,0,5,0,0,0
Marvable,431|430,9735,8613,2150,0,250,0,1000,5,0,0,0
Marvable,431|418,10184,5832,5625,0,250,0,0,5,0,0,0
Marvable,430|418,9745,8548,8217,0,250,0,205,5,0,0,0
Marvable,433|415,9771,9048,8754,0,250,0,0,5,0,0,0
Marvable,434|422,9745,8785,8458,0,250,0,23,5,0,0,0
Marvable,431|420,9771,10244,9855,0,250,0,0,5,0,0,0
Marvable,435|415,9745,10298,9888,0,250,0,0,7,0,0,0
Marvable,433|413,5939,2609,2550,0,250,0,0,5,0,0,0
Marvable,428|425,9745,9176,8880,0,250,0,0,5,0,0,0
Marvable,430|414,9735,8648,8286,0,250,0,0,5,0,0,5
Marvable,431|429,9735,8485,2350,0,250,0,0,5,0,0,0
Marvable,435|429,9735,6486,2250,0,250,0,0,5,0,0,0
Marvable,435|425,9745,7523,7277,0,250,0,188,5,0,0,0
Marvable,435|427,9745,8493,8185,0,250,0,46,5,0,0,0
Marvable,433|427,9745,8224,4935,0,250,0,0,5,0,0,0
Marvable,437|429,9735,4141,2250,0,250,0,0,5,0,0,0
Marvable,433|429,9745,6747,6462,0,250,0,46,5,0,0,0
Marvable,429|428,9771,9111,8777,0,250,64,0,5,0,0,0
Marvable,428|428,9771,8712,8408,0,250,0,0,5,0,0,0
Marvable,428|427,9771,7279,6984,0,250,0,0,5,0,0,0
Marvable,426|426,9745,7207,6955,0,250,0,0,5,0,0,0
Marvable,427|431,9745,8096,7767,0,250,0,500,5,0,0,0
Marvable,425|432,9745,7890,4885,0,250,0,0,5,0,0,0
Marvable,425|433,9745,8470,5908,0,250,0,0,5,0,0,0
Marvable,431|435,9735,8243,7964,0,250,40,460,5,0,0,0
Marvable,429|435,9745,8865,8513,0,250,22,210,5,11,0,0
Marvable,428|437,9745,7181,6918,0,250,0,0,5,0,0,0
Marvable,434|420,9745,8099,7788,0,250,0,0,5,0,0,0
Marvable,439|429,9735,4090,2183,0,250,0,0,5,0,0,0
Marvable,429|426,9745,8055,7776,0,250,0,22,5,0,0,0
Marvable,426|431,9745,7519,7246,0,250,3,201,5,0,0,0
Marvable,439|430,9735,5998,2126,0,250,0,0,5,0,0,0
Marvable,433|434,9745,10282,9914,0,250,0,0,5,0,0,0
Marvable,432|436,9745,8007,7676,0,250,239,335,5,0,0,0
Marvable,426|435,9745,6514,6255,0,250,0,0,5,0,0,0
Marvable,435|431,9745,8156,7872,0,250,0,0,5,0,0,0
Marvable,433|436,9745,7773,7503,0,250,29,125,5,0,0,0
Marvable,431|438,9771,7674,7384,0,250,122,0,5,0,0,0
Marvable,429|417,9735,7889,7591,0,250,0,693,5,0,0,0
Marvable,467|460,11113,1937,1280,0,212,0,907,5,0,0,0
Marvable,448|413,11077,3055,2951,0,250,94,365,9,0,0,0
Marvable,454|436,11113,3249,2310,0,250,0,504,5,0,0,0
Marvable,498|409,11177,54,50,0,161,0,1437,5,0,1,0
Mastak,443|542,10971,9675,9653,0,344,3,3,5,0,0,0
Mastak,440|446,10971,9390,9380,0,385,122,3,5,0,0,0
Mastak,472|500,10838,8847,8846,0,250,3,3,5,0,0,0
Mastak,457|505,10971,9667,9617,0,250,3,5,5,0,0,0
Mastak,461|501,10971,9765,9751,0,250,3,3,5,0,0,0
Mastak,457|504,10971,9755,9761,0,250,3,3,5,0,0,0
Mastak,463|540,10971,9587,9601,0,414,3,3,5,0,0,0
Mastak,462|537,10971,9038,9034,0,972,3,3,5,0,0,0
Mastak,462|503,10971,9768,9748,0,250,3,3,5,0,0,0
Mastak,452|509,10971,9737,9742,0,250,3,3,5,0,0,0
Mastak,454|503,10971,9780,9736,0,250,3,3,5,0,0,0
Mastak,465|506,10728,9451,9435,0,250,3,3,5,0,0,0
Mastak,463|503,10971,8267,8259,0,250,3,3,5,0,0,0
Mastak,470|499,10971,9770,9746,0,250,3,3,5,0,0,0
Mastak,460|508,10728,7441,7433,0,250,3,3,5,0,0,0
Mastak,466|504,10971,9756,9762,0,249,3,3,5,0,0,0
Mastak,467|499,10971,9083,9088,0,250,3,3,5,0,0,0
Mastak,460|501,10971,9098,9078,0,398,3,3,5,0,0,0
Mastak,455|507,10971,9744,9772,0,250,3,3,5,0,0,0
Mastak,454|506,10971,9744,9772,0,250,3,3,5,0,0,0
Mastak,453|505,10971,9688,9710,0,309,3,3,5,0,0,0
Mastak,451|506,10971,9730,9724,0,281,3,3,5,0,0,0
Mastak,463|506,10971,9266,9285,0,359,3,3,5,0,0,0
Mastak,452|502,10971,9760,9756,0,250,3,3,5,0,0,0
Mastak,450|504,10971,9738,9778,0,250,3,3,5,0,0,0
Mastak,454|495,10971,9743,9773,0,250,3,3,5,0,0,0
Mastak,456|496,10971,9800,9766,0,225,3,3,5,0,0,0
Mastak,450|506,10971,9718,9714,0,292,3,3,5,0,0,0
Mastak,458|508,10971,9626,9636,0,377,3,3,5,0,0,0
Mastak,454|505,10971,9636,9668,0,250,3,3,5,0,0,0
Mastak,471|497,10971,7301,7322,0,426,3,3,5,0,0,0
Mastak,463|502,10971,9474,9469,0,295,3,3,5,0,0,0
Mastak,473|508,10971,9564,9601,0,250,3,3,5,0,0,0
Mastak,462|535,10971,9680,9712,0,312,3,3,5,0,0,0
Mastak,487|515,13084,4136,4146,0,141,3,3,3,0,0,0
Mastak,462|533,10971,9610,9594,0,250,81,3,5,0,0,0
Mastak,483|511,10971,9768,9772,0,238,3,3,5,0,0,0
Mastak,467|534,12313,3965,3944,0,250,3,3,5,0,0,0
Mastak,452|559,10971,9635,9606,0,392,3,4,5,0,0,0
Mastak,436|551,10971,9671,9699,0,323,3,3,5,0,0,0
Mastak,489|505,10971,9768,9786,0,231,3,3,5,0,0,0
Mastak,439|558,10971,9682,9690,0,322,3,3,5,0,0,0
Mastak,487|503,10787,10255,10252,0,254,3,3,5,0,0,0
Mastak,491|503,10971,9784,9792,0,220,3,3,5,0,0,0
Mastak,451|560,10838,9703,9692,0,326,3,3,5,0,0,0
Mastak,450|539,10971,9673,9691,0,326,3,3,5,0,0,0
Mastak,488|496,10336,9865,9886,0,379,3,5,5,0,0,0
Mastak,486|493,10636,9938,9935,0,234,3,3,5,0,0,0
Mastak,485|494,10378,9951,9975,0,236,3,3,5,0,0,0
Mastak,463|542,10971,9453,9447,0,250,157,3,5,0,0,0
Mastak,484|490,11978,4232,4198,0,152,3,3,5,0,0,0
Mastak,439|559,10971,9378,9364,0,637,3,3,5,0,0,0
Mastak,485|498,10237,10004,9996,0,266,3,5,5,0,0,0
Mastak,454|538,10971,9705,9621,0,347,2,3,5,0,0,0
Mastak,473|490,10971,9498,9461,0,285,3,3,5,0,0,0
Mastak,478|497,10971,9737,9721,0,267,3,3,5,0,0,0
Mastak,455|571,10971,9649,9655,0,353,3,4,5,0,0,0
Mastak,437|559,10971,9691,9689,0,318,3,3,5,0,0,0
Mastak,484|492,10971,9794,9810,0,200,3,5,5,0,0,0
Mastak,478|496,10971,9228,9194,0,250,3,3,5,0,0,0
Mastak,436|556,10971,9632,9614,0,385,3,3,5,0,0,0
Mastak,477|497,10971,9781,9735,0,250,3,3,5,0,0,0
Mastak,440|562,10971,9582,9626,0,404,3,3,5,0,0,0
Mastak,425|544,10290,9034,9051,0,1046,3,3,5,0,0,0
Mastak,475|495,10971,9767,9749,0,250,3,3,5,0,0,0
Mastak,464|502,10971,9715,9711,0,292,3,4,5,0,0,0
Mastak,441|558,10971,9281,9267,0,322,209,3,5,0,0,0
Mastak,444|451,10971,8317,8321,0,250,3,3,5,0,0,0
Mastak,436|559,10971,9641,9639,0,368,3,3,5,0,0,0
Mastak,443|442,10971,8991,8978,0,250,3,3,5,0,0,0
Mastak,436|560,10319,9908,9867,0,318,3,3,5,0,0,0
Mastak,442|444,10971,8249,8216,0,250,3,3,5,0,0,0
Mastak,433|557,10971,9601,9595,0,407,3,4,5,0,0,0
Mastak,442|452,11130,9094,9099,0,250,3,3,5,0,0,0
Mastak,444|449,10971,8732,8735,0,250,3,3,5,0,0,0
Mastak,429|555,10971,9641,9649,0,357,3,5,5,0,0,0
Mastak,447|452,10971,8437,8441,0,250,3,3,5,0,0,0
Mastak,445|454,12313,3973,3936,0,250,3,3,5,0,0,0
Mastak,444|443,10971,6068,6070,0,250,3,3,5,0,0,0
Mastak,425|545,10971,9648,9640,0,364,3,3,5,0,0,0
Mastak,441|444,10971,8153,8125,0,250,3,3,5,0,0,0
Mastak,438|556,10971,9373,9363,0,250,198,3,5,0,0,0
Mastak,440|558,10841,9646,9649,0,374,3,3,5,0,0,0
Mastak,431|450,10971,8171,8136,0,617,468,3,128,0,0,0
Mastak,428|449,10971,9754,9762,0,250,3,3,5,0,0,0
Mastak,436|457,10971,10103,10115,0,250,3,3,5,0,0,0
Mastak,435|454,10971,9755,9761,0,250,3,3,5,0,0,1
Mastak,432|452,10971,8575,8615,0,250,5,3,5,0,0,0
Mastak,438|436,10971,9512,9504,0,250,3,3,5,0,0,0
Mastak,424|449,10971,8872,8898,0,250,74,3,36,0,0,0
Mastak,439|452,10971,9607,9598,0,250,3,3,5,0,0,0
Mastak,436|454,10971,9754,9762,0,250,3,3,5,0,0,0
Mastak,431|556,10971,9581,9549,0,321,64,3,5,0,0,0
Mastak,439|561,10877,9697,9700,0,319,3,3,5,0,0,0
Mastak,445|442,10971,8096,8101,0,250,3,3,5,0,0,0
Mastak,422|549,10633,9745,9740,0,303,3,3,5,0,0,0
Mastak,423|447,10971,9328,9325,0,250,3,3,5,0,0,0
Mastak,432|438,10971,8456,8426,0,250,638,3,5,0,0,0
Mastak,426|560,10971,9668,9658,0,339,3,5,5,0,0,0
Mastak,448|429,11502,4070,4051,0,360,3,3,5,0,1,0
Mastak,432|440,10971,8387,8385,0,250,3,3,5,0,0,0
Mastak,442|562,10971,9134,9164,0,859,3,3,5,0,0,0
Mastak,439|521,10971,9526,9524,0,483,3,3,5,0,0,0
Mastak,436|518,10971,9044,9028,0,972,3,3,5,0,0,0
Mastak,455|550,10971,9691,9677,0,324,3,3,5,0,0,0
Mastak,430|515,10971,6193,6205,0,250,169,3,6,0,0,0
Mastak,430|524,10971,9573,9585,0,429,3,3,5,0,0,0
Mastak,448|521,10971,9451,9415,0,575,3,3,5,0,0,0
Mastak,446|520,10971,8876,8836,0,1027,3,3,5,0,0,0
Mastak,476|512,12154,9467,9434,0,250,3,3,5,0,0,0
Mastak,509|514,10971,10213,10205,0,393,3,5,5,0,0,0
Mastak,466|513,11550,9250,9283,0,250,3,3,5,0,0,0
Mastak,429|446,10971,9736,9780,0,250,3,3,5,0,0,0
Mastak,450|443,10971,8674,8713,0,250,3,3,5,0,0,0
Mastak,448|444,10971,8517,8506,0,250,3,3,5,0,0,0
Mastak,463|516,10971,7685,7662,0,300,3,3,5,0,0,0
Mastak,474|511,10971,9750,9754,0,250,3,5,5,0,0,0
Mastak,467|515,10971,10163,10164,0,261,3,3,5,0,0,0
Mastak,489|492,11130,9669,9650,0,324,3,5,5,0,0,0
Mastak,490|493,10971,10084,10044,0,664,3,3,5,0,0,0
Mastak,430|452,10636,3535,3552,0,250,3,3,5,0,0,0
Mastak,436|437,10636,3205,3160,0,250,3,3,5,0,0,0
Mastak,431|437,10971,2548,2533,0,250,3,3,5,0,0,0
Mastak,421|463,10301,2322,2310,0,250,3,3,5,0,0,0
Mastak,422|460,10301,2115,2114,0,250,3,3,5,0,0,0
Mastak,407|442,10431,2944,2944,0,250,3,3,0,0,0,0
Mastak,408|446,10477,2603,2586,0,250,3,3,0,0,0,0
Mastak,425|465,9994,2198,2243,0,250,3,3,5,0,0,0
Mastak,413|443,10290,3145,3134,0,250,3,3,5,0,0,0
Mastak,423|430,10971,5733,5758,0,250,503,3,5,0,0,0
Mastak,420|434,10971,4728,4711,0,250,3,3,5,0,0,0
Mastak,421|436,10971,5428,5435,0,250,3,3,5,0,0,0
Mastak,416|433,10971,4923,4892,0,250,3,3,5,0,0,0
Mastak,423|434,10971,5293,5341,0,250,3,3,5,0,0,0
Mastak,424|438,10971,5886,5909,0,250,3,3,5,0,0,0
Mastak,418|436,10971,5733,5732,0,250,3,3,5,0,0,0
Mastak,439|435,10971,3916,3884,0,250,3,3,5,0,0,0
Mastak,422|436,10971,5904,5899,0,250,3,3,5,0,0,0
Mastak,422|437,10971,5876,5867,0,250,3,3,5,0,0,0
Mastak,423|433,10971,4790,4791,0,250,3,3,5,0,0,0
Mastak,419|434,10971,4707,4710,0,250,3,3,5,0,0,0
Mastak,418|434,10971,5826,5821,0,250,3,3,5,0,0,0
Mastak,423|429,10971,5338,5364,0,1425,903,3,5,0,0,0
Mastak,423|435,10971,5814,5810,0,250,3,3,5,0,0,0
Mastak,426|427,10971,4437,4459,0,252,1161,3,5,0,0,0
Mastak,424|424,10971,4244,4260,0,250,799,3,5,0,0,0
Mastak,415|452,10971,4285,4264,0,250,3,3,5,0,0,0
Mastak,422|452,10971,5463,5458,0,250,3,3,5,0,0,0
Mastak,394|506,10971,9755,9761,0,250,3,3,5,0,0,0
Mastak,430|523,10362,9184,9207,0,934,3,3,5,0,0,0
Mastak,491|497,10971,9875,9891,0,233,3,127,5,0,0,0
Mastak,471|513,11824,9562,9574,0,345,3,3,5,0,0,0
Mastak,474|519,12154,9185,9208,0,250,3,147,5,0,0,0
Mastak,482|510,10728,9936,9953,0,180,3,3,5,0,0,0
Mastak,399|520,10838,9251,9257,0,817,3,3,5,0,0,0
Mastak,414|557,10971,9751,9765,0,250,3,3,5,0,0,0
Mastak,415|564,10971,9487,9441,0,250,150,3,5,0,0,0
Mastak,435|517,10971,9659,9629,0,364,3,3,5,0,0,0
Mastak,434|505,10971,7308,7276,0,250,3,3,5,0,0,0
Mastak,493|507,10838,10610,10586,0,167,3,5,5,5,0,0
Mastak,447|524,10971,9754,9760,0,251,3,3,5,0,0,0
Mastak,472|459,12154,9580,9601,0,250,22,3,5,0,0,0
Mastak,436|506,10838,8124,8103,0,250,3,3,5,0,0,0
Mastak,409|558,10971,9740,9694,0,291,3,3,5,0,0,0
Mastak,476|492,10971,9525,9535,0,250,3,3,5,0,0,0
Mastak,485|472,10971,3926,3909,0,250,3,3,5,0,0,0
Mastak,444|508,10971,9265,9235,0,250,3,3,5,0,0,0
Mastak,397|503,10971,9545,9537,0,467,3,3,5,0,0,0
Mastak,441|531,10971,9513,9539,0,482,3,3,5,0,0,0
Mastak,436|440,10971,8425,8407,0,250,3,3,5,0,0,0
Mastak,474|500,10971,7316,7331,0,250,3,3,5,0,0,0
Mastak,472|499,10971,6910,6908,0,294,3,3,5,0,0,0
Mastak,468|499,10971,9747,9769,0,250,3,3,5,0,0,0
Mastak,469|492,10971,9759,9757,0,250,3,3,5,0,0,0
Mastak,470|495,10971,9380,9389,0,250,3,3,5,0,0,0
Mastak,456|499,11550,9700,9685,0,250,3,3,5,0,0,0
Mastak,437|525,10971,9628,9620,0,384,3,3,5,0,0,0
Mastak,465|495,10971,9721,9707,0,294,3,3,5,0,0,0
Mastak,440|441,10971,9462,9476,0,250,3,3,5,0,0,0
Mastak,469|494,10971,9637,9661,0,359,3,3,5,0,0,0
Mastak,465|497,10971,9234,9212,0,250,3,3,5,0,0,0
Mastak,455|500,10971,9627,9599,0,395,3,3,5,0,0,0
Mastak,455|498,10971,9648,9642,0,363,3,3,5,0,0,0
Mastak,456|500,10971,8472,8479,0,250,3,3,5,0,0,0
Mastak,491|490,10971,9842,9850,0,156,3,5,5,0,0,0
Mastak,483|512,10971,9767,9749,0,250,3,3,5,0,0,0
Mastak,449|508,10971,9750,9766,0,250,3,3,5,0,0,0
Mastak,396|521,10971,9769,9785,0,711,3,3,5,0,0,0
Mastak,396|524,10838,9893,9885,0,524,3,9,5,0,0,0
Mastak,423|572,10971,9383,9395,0,619,3,3,5,0,0,0
Mastak,414|434,920,200,229,0,0,0,0,0,0,0,0
Mastak,389|499,502,0,0,0,0,0,0,0,0,0,0
Mastak,479|507,11824,9590,9584,0,250,3,3,5,0,0,0
Mastak,468|488,10971,9733,9737,0,249,3,11,5,0,0,0
Mastak,462|487,10971,9712,9727,0,250,3,5,5,0,0,0
Mastak,458|493,10971,9736,9728,0,276,3,3,5,0,0,0
Mastak,457|492,10971,9763,9773,0,240,3,3,5,0,0,0
Mastak,471|492,10971,9537,9517,0,250,3,6,5,0,0,0
Mastak,451|451,10971,9557,9572,0,250,3,3,5,0,0,0
Mastak,490|470,10971,8546,8525,0,250,119,3,32,0,0,0
Mastak,399|513,10971,9425,9423,0,250,170,3,5,0,0,0
Mastak,391|527,10971,9779,9755,0,250,3,0,5,0,0,0
Mastak,392|499,10971,9356,9343,0,250,3,0,0,0,0,0
Mastak,453|547,10971,9592,9562,0,431,3,3,5,0,0,0
Mastak,485|507,10838,9668,9669,0,235,3,5,5,0,0,0
Mastak,469|503,10971,10110,10140,0,357,3,5,5,0,0,0
Mastak,476|499,10971,9582,9538,0,255,3,3,5,0,0,0
Mastak,439|520,10838,9762,9790,0,295,3,3,5,0,0,0
Mastak,459|502,10971,9587,9593,0,418,3,3,5,0,0,0
Mastak,421|551,10971,9761,9731,0,250,3,7,5,0,0,0
Mastak,435|504,10971,8269,8262,0,250,3,3,5,0,0,0
Mastak,479|510,12154,9673,9670,0,207,3,3,5,0,0,0
Mastak,482|506,10971,10082,10059,0,250,3,5,5,0,0,0
Mastak,434|446,10971,9740,9776,0,250,3,3,5,0,0,0
Mastak,468|510,10971,9610,9589,0,250,3,3,5,0,0,0
Mastak,417|501,10362,9376,9373,0,755,3,3,5,0,0,0
Mastak,440|520,10971,9472,9512,0,516,3,3,5,0,0,0
Mastak,443|511,10971,9756,9760,0,250,3,3,5,0,0,0
Mastak,495|507,13496,3738,3712,0,335,3,8,5,0,0,0
Mastak,443|529,10971,9555,9571,0,445,3,3,5,0,0,0
Mastak,442|508,10971,9756,9760,0,250,3,3,5,0,0,0
Mastak,483|500,10838,9413,9391,0,333,3,115,5,0,0,0
Mastak,474|516,11824,8749,8769,0,250,3,113,5,0,0,0
Mastak,436|446,10971,8073,8040,0,250,3,3,5,0,0,0
Mastak,473|517,12154,9641,9666,0,225,3,3,5,0,0,0
Mastak,462|491,12313,4466,4481,0,211,3,3,5,0,0,0
Mastak,437|507,10971,8513,8498,0,250,3,3,5,0,0,0
Mastak,441|495,10971,9444,9473,0,250,3,3,5,0,0,0
Mastak,439|510,10971,9563,9576,0,250,3,3,5,0,0,0
Mastak,481|513,10971,9784,9782,0,225,3,3,5,0,0,0
Mastak,454|508,10971,8267,8254,0,250,3,3,5,0,0,0
Mastak,473|518,12154,9383,9392,0,250,3,3,5,0,0,0
Mastak,438|506,10971,8013,8002,0,250,3,3,5,0,0,0
Mastak,422|528,10595,10275,10303,0,291,3,3,5,0,0,0
Mastak,436|521,10971,9358,9350,0,654,3,3,5,0,0,0
Mastak,432|518,10971,9673,9689,0,327,3,3,5,0,0,0
Mastak,477|504,12154,9497,9517,0,250,3,3,5,0,0,0
Mastak,523|512,12313,4386,4370,0,414,3,28,12,10,0,0
Mastak,489|511,10971,9776,9762,0,233,3,5,5,0,0,0
Mastak,477|503,12154,9514,9499,0,250,3,3,5,0,0,0
Mastak,478|505,11824,9474,9477,0,250,3,3,5,0,0,0
Mastak,441|446,10971,8742,8709,0,250,3,3,5,0,0,0
Mastak,442|441,10971,8445,8439,0,250,3,3,5,0,0,0
Mastak,443|440,10971,9128,9143,0,250,3,3,5,0,0,0
Mastak,435|447,10971,9116,9115,0,250,3,3,5,0,0,0
Mastak,435|445,10971,9375,9391,0,250,3,3,5,0,0,0
Mastak,436|447,10971,9575,9588,0,250,3,3,5,0,0,0
Mastak,432|444,10971,9155,9174,0,250,3,3,5,0,0,0
Mastak,437|455,10971,9771,9763,0,241,3,3,5,0,0,0
Mastak,424|452,10971,7041,7018,0,250,3,3,5,0,0,0
Mastak,428|445,10971,9761,9755,0,250,3,3,5,0,0,0
Mastak,438|437,10971,9732,9732,0,242,20,3,5,0,0,0
Mastak,427|447,10971,9092,9099,0,250,3,3,5,0,0,0
Mastak,431|441,10971,9152,9163,0,250,57,3,34,0,0,0
Mastak,426|444,10971,9347,9338,0,250,3,3,5,0,0,0
Mastak,424|445,10971,8021,8054,0,250,3,3,5,0,0,0
Mastak,429|443,10971,8478,8498,0,748,314,3,65,0,0,0
Mastak,444|454,10971,9124,9138,0,250,3,3,5,0,0,0
Mastak,425|442,10971,9754,9762,0,250,3,3,5,0,0,0
Mastak,424|442,10971,9749,9767,0,250,3,3,5,0,0,0
Mastak,423|445,10971,8192,8198,0,250,3,3,5,0,0,0
Mastak,419|448,10971,9100,9149,0,250,3,3,5,0,0,0
Mastak,436|445,10971,8479,8478,0,250,3,3,5,0,0,0
Mastak,448|443,10971,7114,7126,0,819,3,3,5,0,0,0
Mastak,435|444,10971,9389,9399,0,250,3,3,5,0,0,0
Mastak,408|452,10971,9771,9016,0,250,3,3,5,0,0,0
Mastak,444|441,10971,8919,8949,0,250,3,3,5,0,0,0
Mastak,434|447,10971,9771,9745,0,250,3,3,5,0,0,0
Mastak,408|449,10971,9147,9151,0,250,3,3,5,0,0,0
Mastak,400|453,10971,9191,9146,0,250,3,3,5,0,0,0
Mastak,433|445,10971,9196,9224,0,748,3,3,25,0,0,0
Mastak,461|495,12154,9636,9629,0,246,3,3,5,0,0,0
Mastak,440|449,10971,8970,8991,0,250,3,3,5,0,0,0
Mastak,430|443,10971,9776,9762,0,239,3,3,5,0,0,0
Mastak,490|498,10971,9608,9592,0,408,3,3,5,0,0,0
Mastak,483|504,10971,9516,9497,0,250,3,3,5,0,0,0
Mastak,482|513,10971,9742,9774,0,250,3,3,5,0,0,0
Mastak,429|521,10971,9478,9478,0,530,3,3,5,0,0,0
Mastak,434|506,10971,9756,9760,0,250,3,3,5,0,0,0
Mastak,430|520,10838,9273,9281,0,794,3,3,5,0,0,0
Mastak,429|520,10705,9631,9598,0,472,3,3,5,0,0,0
Mastak,412|514,10838,9416,9410,0,658,3,3,5,0,0,0
Mastak,413|525,10971,9487,9497,0,516,3,3,5,0,0,0
Mastak,408|511,10971,9660,9690,0,333,3,3,5,0,0,0
Mastak,409|519,10971,9684,9706,0,793,3,3,5,0,0,0
Mastak,406|520,10971,9985,9973,0,629,3,3,5,0,0,0
Mastak,478|501,10971,9639,9644,0,264,3,5,5,0,0,0
Mastak,443|524,10971,9719,9729,0,275,3,6,5,0,0,0
Mastak,489|501,10838,10300,10320,0,230,3,5,5,0,1,0
Mastak,488|507,10838,9763,9805,0,241,23,5,5,0,0,0
Mastak,436|491,10971,9768,9748,0,250,3,3,5,0,0,0
Mastak,438|521,10971,9918,9914,0,332,3,3,5,0,0,0
Mastak,461|496,11824,10068,10034,0,222,3,3,5,0,0,0
Mastak,434|522,10971,9675,9649,0,346,3,3,5,0,0,0
Mastak,521|491,11978,3995,3993,0,251,3,3,5,0,0,0
Mastak,455|502,10971,9667,9657,0,346,3,3,5,0,0,0
Megadjal,473|536,11253,5102,1055,0,500,0,518,10,0,1,0
Megadjal,473|535,10418,10000,2000,0,753,0,1241,10,0,1,0
Megadjal,467|532,10295,10000,3262,0,491,38,745,10,4,0,0
Megadjal,449|562,10061,9997,2995,0,500,8,973,10,0,0,0
Megadjal,450|562,9798,9999,3798,0,500,15,891,10,0,0,0
Megadjal,450|564,9786,8689,2807,0,685,3,1252,10,0,0,0
Megadjal,450|565,9327,9946,2216,0,500,19,1207,12,0,0,0
Megadjal,445|557,10220,10000,2000,0,631,29,1090,10,0,0,0
Megadjal,453|569,8710,9984,2500,0,500,45,1026,10,0,0,0
Megadjal,444|566,6785,8889,1809,0,500,34,946,11,0,0,0
Megadjal,443|571,6757,9773,1985,0,886,63,991,12,0,0,0
Megadjal,445|575,8127,10000,2000,0,500,65,1327,12,0,0,0
Megadjal,435|566,7770,10000,2000,0,500,43,1222,10,0,0,0
Megadjal,455|579,7362,10000,2000,0,500,73,1214,10,0,0,0
Megadjal,440|575,7761,10000,2000,0,392,40,1385,10,0,0,0
Megadjal,459|587,7043,9528,1902,0,500,82,1487,10,0,0,0
Megadjal,463|591,7260,10000,2000,0,500,29,1152,10,0,0,0
Megadjal,463|588,7045,10000,2165,0,500,29,1233,10,0,0,0
Megadjal,427|579,8149,10000,2000,0,641,100,0,12,0,0,0
mirakses,457|549,10795,9329,7464,0,270,0,431,1,0,0,0
mirakses,456|549,10636,7369,7359,0,258,0,0,2,0,0,0
mirakses,452|558,10971,14047,5486,0,200,0,183,0,0,0,0
mirakses,445|556,10728,10312,4120,0,200,0,500,2,0,0,0
mirakses,430|539,10971,5465,4370,0,223,0,543,2,0,0,0
mirakses,418|543,10971,7366,7367,0,394,0,0,0,0,0,0
mirakses,498|573,10908,8212,7817,0,213,0,0,3,0,0,0
mirakses,494|578,10723,8446,8438,0,294,0,0,3,0,0,0
mirakses,410|467,10945,7028,6996,0,200,0,0,0,0,0,0
mirakses,500|570,10738,9996,10000,0,200,0,0,3,0,0,1
mirakses,500|576,10882,10021,10000,0,200,0,0,0,0,0,0
mirakses,499|572,11932,4558,4559,0,432,0,0,2,0,0,0
mirakses,408|467,10586,5746,5723,0,200,0,0,0,0,0,0
mirakses,405|494,10247,8251,8258,0,200,0,0,0,0,0,0
mirakses,403|494,10247,8541,3569,0,200,0,541,0,0,0,0
mirakses,408|493,10393,2850,2850,0,200,0,0,0,0,0,0
mirakses,406|478,10610,2850,2850,0,200,0,0,0,0,0,0
mirakses,411|477,10610,1536,1500,0,200,0,80,0,0,0,0
mirakses,412|477,10610,4936,4913,0,200,0,0,0,0,0,0
mirakses,410|480,10610,4552,4540,0,200,0,0,0,0,0,0
mirakses,399|480,10610,3114,3118,0,200,0,500,0,0,0,0
mirakses,400|480,10610,4309,4306,0,200,140,0,0,0,0,3
mirakses,406|483,10812,4401,4396,0,200,0,0,0,0,0,0
mirakses,402|485,10610,1739,1763,0,200,0,0,0,0,0,0
mirakses,401|488,12128,2074,2097,0,200,0,0,0,0,0,0
mirakses,401|481,10921,5903,5903,0,200,0,0,0,0,0,0
mirakses,425|481,10311,6743,6723,0,200,0,0,0,0,0,0
mirakses,424|480,10401,9865,4708,0,200,0,0,0,0,0,0
mirakses,420|483,10479,6824,6792,0,200,0,0,0,0,0,0
mirakses,488|566,10723,9760,9778,0,282,0,0,3,0,1,0
mirakses,487|570,10723,7554,7578,0,321,0,0,3,0,0,0
mirakses,487|572,10723,9415,9433,0,272,0,0,3,0,0,0
mirakses,488|573,10480,9798,9807,0,290,0,0,0,0,0,0
mirakses,488|574,10596,9329,9674,0,138,0,0,2,0,0,0
mirakses,490|573,10723,9806,9844,0,231,0,0,3,0,0,0
mirakses,490|574,10723,9746,9726,0,200,0,0,2,0,0,0
mirakses,489|575,10644,9886,9838,0,200,0,0,6,0,0,0
mirakses,488|579,10723,9102,9026,0,265,0,10,2,0,0,0
mirakses,490|585,11576,10000,10000,0,292,0,0,3,0,0,0
mirakses,488|582,10723,10416,9968,0,394,0,0,2,0,0,0
mirakses,490|586,10590,10000,9995,0,288,0,0,3,0,0,0
mirakses,501|589,10925,9569,9594,0,264,0,223,2,0,0,0
mirakses,493|587,10723,8278,8324,0,251,0,502,2,0,0,0
mirakses,493|588,10728,9411,9447,0,189,0,0,39,0,0,0
mirakses,495|585,10590,10547,9970,0,200,0,0,3,0,0,0
mirakses,500|588,10723,8517,8504,0,248,0,435,0,0,0,0
mirakses,489|591,10723,8797,8308,0,249,0,419,2,0,0,0
mirakses,502|593,10723,9662,9748,0,272,0,0,3,0,0,0
mirakses,506|594,10761,9801,9796,0,253,0,0,3,0,0,0
mirakses,495|600,10615,9847,9860,0,200,0,0,1,0,0,0
mirakses,531|596,10479,9201,9210,0,192,0,0,0,0,0,0
mirakses,475|579,10696,8326,8322,0,200,0,0,1,0,0,0
mirakses,456|596,10628,9214,9228,0,247,0,0,2,0,0,0
mirakses,491|603,10730,9984,10000,0,0,0,0,0,0,0,0
mirakses,493|562,10723,10000,9974,0,200,0,0,0,0,1,0
mirakses,493|563,10388,10384,9968,0,200,0,0,3,0,0,0
mirakses,494|558,10971,5547,5558,0,662,0,0,3,0,0,0
mirakses,490|564,10723,9861,9856,0,200,0,0,0,0,1,0
mirakses,491|564,11073,9317,9325,0,200,0,0,2,0,1,0
mirakses,488|568,10723,8652,8659,0,200,0,0,1,0,0,0
mirakses,490|568,10723,8281,8275,0,286,0,0,1,0,1,0
mirakses,423|483,10495,2872,2904,0,200,0,0,0,0,0,0
mirakses,424|479,10495,7255,0,0,200,0,1000,0,0,0,3
mirakses,417|482,10471,7348,7313,0,200,0,0,0,0,0,0
mirakses,419|473,11738,4706,4695,0,200,0,0,0,0,0,0
mirakses,418|478,10330,6172,6162,0,200,0,0,0,0,0,0
mirakses,414|476,10490,4890,3183,0,200,0,350,0,0,0,0
mirakses,413|475,10322,5471,3817,0,200,0,619,0,0,0,0
mirakses,412|480,10357,3026,2472,0,200,0,674,0,0,0,5
mirakses,407|483,10432,4591,3176,0,200,0,895,0,0,0,0
mirakses,403|484,9669,3250,3200,0,200,0,0,0,0,0,0
mirakses,401|480,10294,4349,3244,0,200,0,358,0,0,0,0
mirakses,400|483,9484,6142,6139,0,200,0,0,0,0,0,0
mirakses,397|481,10294,3589,3597,0,200,0,0,0,0,0,0
mirakses,406|488,10361,6470,6494,0,200,0,0,0,0,0,0
mirakses,404|498,10361,8287,8258,0,200,0,0,0,0,0,0
mirakses,406|486,9690,4545,4539,0,200,0,0,0,0,0,0
mirakses,400|497,10105,8466,8498,0,200,0,0,0,0,0,0
mirakses,422|477,9925,4922,4932,0,200,0,889,0,0,0,0
mirakses,490|560,11959,9148,9138,0,200,0,0,3,0,0,0
mirakses,490|559,11965,8564,8551,0,200,0,0,0,0,0,0
mirakses,489|561,11965,9034,9021,0,200,0,0,0,0,0,0
mirakses,487|563,11970,12508,7903,0,200,0,0,0,0,0,0
mirakses,486|564,11970,8597,8609,0,200,0,0,1,0,1,0
mirakses,485|565,11921,9642,9595,0,293,0,0,8,0,0,0
mirakses,506|550,11812,6967,40,0,1189,0,0,2,0,0,0
o-O..OnMaine..O-o,489|476,7768,3383,3364,0,1366,0,0,0,0,0,0
o-O..OnMaine..O-o,523|522,11579,218,200,0,2908,0,2,0,2,0,0
o-O..OnMaine..O-o,526|520,10237,7143,7137,0,500,0,500,0,100,1,0
o-O..OnMaine..O-o,511|526,10237,7878,7677,0,475,0,490,0,100,0,0
o-O..OnMaine..O-o,515|531,10237,8602,8419,0,321,0,321,0,82,0,0
o-O..OnMaine..O-o,511|530,10237,7850,7389,0,500,0,500,0,100,0,0
o-O..OnMaine..O-o,491|518,10237,7710,7705,0,500,0,500,4,100,0,0
o-O..OnMaine..O-o,485|532,10237,8225,8226,0,370,0,374,0,100,0,0
o-O..OnMaine..O-o,485|530,10237,8824,8815,0,260,0,262,0,63,0,0
o-O..OnMaine..O-o,492|530,10237,7646,7693,0,481,0,489,0,100,0,0
o-O..OnMaine..O-o,489|532,10237,8026,7983,0,420,0,431,0,100,0,0
o-O..OnMaine..O-o,490|531,10237,8964,8963,0,220,0,202,0,82,0,0
o-O..OnMaine..O-o,484|532,10237,8353,8314,0,360,0,352,0,92,0,0
o-O..OnMaine..O-o,492|532,10237,8797,8598,0,280,0,271,0,83,0,0
o-O..OnMaine..O-o,493|526,10237,8494,8462,0,331,0,339,0,71,1,0
o-O..OnMaine..O-o,458|529,10237,9974,9722,0,250,0,2,0,2,0,0
o-O..OnMaine..O-o,469|519,10237,9780,9742,0,250,0,23,0,7,0,0
o-O..OnMaine..O-o,447|527,10237,8228,8477,0,431,0,337,0,82,0,0
o-O..OnMaine..O-o,446|527,10237,7952,7707,0,627,0,422,0,100,0,0
o-O..OnMaine..O-o,441|527,10237,8735,8482,0,298,0,296,0,82,0,0
o-O..OnMaine..O-o,417|516,10237,8838,9555,0,347,0,137,0,42,0,0
o-O..OnMaine..O-o,424|513,10237,9000,9249,0,217,0,191,0,52,0,0
o-O..OnMaine..O-o,432|539,10237,9083,8836,0,805,0,250,0,52,0,0
o-O..OnMaine..O-o,429|544,10237,8808,8579,0,301,0,280,0,72,0,0
o-O..OnMaine..O-o,416|527,10237,9000,9107,0,440,0,278,0,72,0,0
o-O..OnMaine..O-o,409|509,10237,9517,9438,0,223,0,98,0,32,0,0
o-O..OnMaine..O-o,424|553,10237,8851,8616,0,280,0,263,0,80,0,0
o-O..OnMaine..O-o,415|537,10237,9211,9243,0,253,0,242,0,69,0,0
o-O..OnMaine..O-o,407|502,10237,9103,8858,0,220,4,222,0,62,0,0
o-O..OnMaine..O-o,403|508,10237,9078,8835,0,250,0,236,0,52,0,0
o-O..OnMaine..O-o,506|597,10237,8914,8655,0,264,0,262,0,72,0,0
o-O..OnMaine..O-o,433|565,10237,8538,9005,0,573,0,202,0,43,0,0
o-O..OnMaine..O-o,479|593,10237,8562,7765,0,626,0,335,0,82,0,0
o-O..OnMaine..O-o,436|573,10237,7861,7670,0,769,0,409,0,90,0,0
o-O..OnMaine..O-o,492|604,10237,9888,9924,0,370,0,42,0,20,0,0
o-O..OnMaine..O-o,397|506,10237,8939,8684,0,249,0,258,0,72,0,0
o-O..OnMaine..O-o,435|583,10237,9091,8896,0,273,0,216,0,52,0,0
o-O..OnMaine..O-o,427|547,10237,9523,9104,0,248,0,131,0,42,0,0
o-O..OnMaine..O-o,431|544,10237,6789,7100,0,137,0,52,0,13,0,0
o-O..OnMaine..O-o,433|543,10237,8760,8547,0,292,0,283,0,82,0,0
o-O..OnMaine..O-o,432|545,10237,9739,9506,0,250,0,54,0,22,0,0
o-O..OnMaine..O-o,435|549,10237,8200,7979,0,387,26,398,0,100,0,0
o-O..OnMaine..O-o,436|542,10237,8936,8687,0,249,0,258,0,72,0,0
o-O..OnMaine..O-o,392|514,10237,8812,8635,0,265,0,282,0,72,0,0
o-O..OnMaine..O-o,392|507,10237,8557,8318,0,331,0,342,0,82,0,0
o-O..OnMaine..O-o,434|546,10237,8488,8285,0,337,15,323,0,100,0,0
o-O..OnMaine..O-o,434|586,10237,8895,8662,0,270,0,262,0,72,0,0
o-O..OnMaine..O-o,436|585,10237,8689,8446,0,321,0,302,0,82,0,0
o-O..OnMaine..O-o,425|531,10237,8800,8605,0,286,0,282,0,72,0,0
o-O..OnMaine..O-o,421|531,10237,8419,8230,0,362,0,356,0,92,0,0
o-O..OnMaine..O-o,422|530,10237,9069,8842,0,226,0,231,0,62,0,0
o-O..OnMaine..O-o,416|548,10237,8974,8717,0,231,14,242,0,73,0,0
o-O..OnMaine..O-o,422|529,10237,8917,8734,0,259,0,250,0,72,0,0
o-O..OnMaine..O-o,419|550,10237,8214,7969,0,407,0,408,0,100,0,0
o-O..OnMaine..O-o,420|550,10237,8961,8798,0,237,0,242,0,70,0,0
o-O..OnMaine..O-o,424|541,10237,8562,8315,0,330,0,342,0,82,0,0
o-O..OnMaine..O-o,419|538,10237,8944,8713,0,250,0,252,0,72,0,0
o-O..OnMaine..O-o,392|524,10237,9978,9735,0,172,0,22,0,7,0,0
o-O..OnMaine..O-o,399|517,10237,10021,9472,0,208,0,40,0,12,0,0
o-O..OnMaine..O-o,393|525,10237,10012,9769,0,209,0,5,0,2,0,0
o-O..OnMaine..O-o,397|543,10237,9491,9306,0,169,0,129,0,42,0,0
o-O..OnMaine..O-o,389|519,10237,9201,8989,0,203,0,202,0,52,0,0
o-O..OnMaine..O-o,422|513,10237,9482,9027,0,250,0,150,0,42,0,0
o-O..OnMaine..O-o,409|458,10237,8927,8692,0,260,0,255,0,72,0,0
o-O..OnMaine..O-o,411|456,10237,3422,3466,0,500,0,500,0,100,0,0
o-O..OnMaine..O-o,406|462,10237,6109,6116,0,500,0,500,0,100,0,0
o-O..OnMaine..O-o,410|456,10237,6479,6492,0,500,0,500,0,100,0,0
o-O..OnMaine..O-o,410|454,10237,5496,5449,0,500,0,500,0,100,0,0
o-O..OnMaine..O-o,410|455,10237,5101,5102,0,500,0,500,0,100,0,0
o-O..OnMaine..O-o,406|450,10237,8250,8219,0,360,0,341,0,100,0,0
o-O..OnMaine..O-o,414|466,10237,6026,6057,0,500,0,500,0,100,0,0
o-O..OnMaine..O-o,414|454,10237,5010,3709,0,500,0,500,0,100,0,0
o-O..OnMaine..O-o,409|451,10237,5055,5044,0,500,37,500,0,100,0,0
o-O..OnMaine..O-o,407|452,10237,5193,5187,0,500,67,500,0,100,0,0
o-O..OnMaine..O-o,413|466,10237,2985,2970,0,500,0,500,0,100,0,0
o-O..OnMaine..O-o,416|456,10237,5439,5393,0,500,0,500,0,100,0,0
o-O..OnMaine..O-o,414|456,10884,839,800,0,4062,0,403,0,100,0,0
o-O..OnMaine..O-o,415|451,10237,8031,3852,0,500,0,500,0,100,0,0
o-O..OnMaine..O-o,414|470,10237,6524,6517,0,500,0,500,0,100,0,0
o-O..OnMaine..O-o,416|453,10237,4290,4289,0,500,0,500,0,100,0,0
o-O..OnMaine..O-o,418|448,10237,7113,7121,0,500,0,500,0,100,0,0
o-O..OnMaine..O-o,411|453,10237,7601,7634,0,500,0,500,0,100,0,0
o-O..OnMaine..O-o,412|452,10237,5488,4950,0,500,0,500,0,100,0,0
o-O..OnMaine..O-o,406|448,10237,4748,4729,0,500,0,500,0,100,0,0
o-O..OnMaine..O-o,418|456,10237,8188,8206,0,360,0,353,0,100,0,0
o-O..OnMaine..O-o,419|442,10237,8122,8080,0,373,0,381,0,100,0,0
o-O..OnMaine..O-o,419|447,10237,5077,5098,0,500,0,500,0,100,0,0
o-O..OnMaine..O-o,413|455,10237,7016,7024,0,500,0,500,0,100,0,0
o-O..OnMaine..O-o,411|451,10237,6464,6436,0,500,97,500,0,100,0,0
o-O..OnMaine..O-o,406|447,10237,4940,4976,0,500,0,500,0,100,0,0
o-O..OnMaine..O-o,436|456,11579,0,0,0,4308,0,0,0,0,0,0
o-O..OnMaine..O-o,411|445,10237,5799,5760,0,500,50,500,0,100,0,0
o-O..OnMaine..O-o,414|443,10237,6348,6395,0,500,0,500,0,100,0,0
o-O..OnMaine..O-o,412|445,10237,7097,7100,0,500,0,500,0,100,0,0
o-O..OnMaine..O-o,410|445,10237,7822,7775,0,477,0,458,0,92,0,0
o-O..OnMaine..O-o,394|462,10237,5544,5528,0,500,0,500,0,100,0,0
o-O..OnMaine..O-o,427|439,11579,0,0,0,4319,0,0,0,0,0,0
o-O..OnMaine..O-o,423|469,10237,8030,8029,0,394,0,398,0,100,0,0
o-O..OnMaine..O-o,410|474,10237,8028,8027,0,396,0,398,0,100,0,0
o-O..OnMaine..O-o,411|479,10237,8712,8681,0,259,0,258,0,72,0,0
o-O..OnMaine..O-o,409|476,10237,6452,6418,0,500,0,500,0,100,0,0
o-O..OnMaine..O-o,412|499,10237,5884,5867,0,500,0,500,0,100,0,0
o-O..OnMaine..O-o,400|494,10237,6741,6747,0,500,0,500,0,100,0,0
o-O..OnMaine..O-o,401|490,10237,7582,7623,0,500,0,500,0,100,0,0
o-O..OnMaine..O-o,403|489,10237,6919,6905,0,500,0,500,0,100,0,0
o-O..OnMaine..O-o,398|498,10237,7147,7157,0,500,0,500,0,100,0,0
o-O..OnMaine..O-o,399|481,10237,7009,7011,0,500,0,500,0,100,0,0
o-O..OnMaine..O-o,401|477,10237,7601,7634,0,500,0,500,0,100,0,0
o-O..OnMaine..O-o,401|473,10237,6922,6953,0,500,0,500,0,100,0,0
o-O..OnMaine..O-o,400|486,10237,6906,6887,0,500,0,500,0,100,0,0
o-O..OnMaine..O-o,400|491,10237,6893,6896,0,500,0,500,0,100,0,0
o-O..OnMaine..O-o,405|478,10237,7809,7820,0,458,0,459,0,92,0,0
o-O..OnMaine..O-o,398|493,10237,7658,7657,0,496,0,488,0,100,0,0
o-O..OnMaine..O-o,402|482,10237,8084,8079,0,390,0,382,0,100,0,0
o-O..OnMaine..O-o,401|492,10237,7473,7480,0,500,0,500,0,100,0,0
o-O..OnMaine..O-o,400|479,10237,7531,7543,0,500,0,500,0,100,0,0
o-O..OnMaine..O-o,406|475,10237,6559,6549,0,500,0,500,1,100,0,0
o-O..OnMaine..O-o,401|474,10237,7368,7383,0,500,0,500,0,100,0,0
OliWi,452|567,10247,8721,3772,0,257,65,282,4,0,1,13
OliWi,473|584,9978,425,342,0,163,0,2761,4,0,1,0
OliWi,450|575,10247,8467,3552,0,123,185,167,4,5,1,14
OliWi,477|590,10247,5522,4814,0,153,0,1023,0,3,1,3
Polaykovsi777,569|522,11346,891,918,0,100,0,0,5,0,1,4
Polaykovsi777,447|536,10397,9852,9843,0,145,0,381,19,0,0,0
Polaykovsi777,447|540,10273,10162,8896,0,40,0,386,15,0,0,0
Polaykovsi777,444|532,9874,8445,9925,0,188,0,350,5,0,0,0
Polaykovsi777,439|536,9871,12868,9492,0,200,0,259,19,0,0,0
Polaykovsi777,432|529,9877,12774,5628,0,100,0,140,18,0,0,0
Polaykovsi777,434|532,9870,9652,9676,0,173,0,393,18,0,0,0
Polaykovsi777,448|535,9871,9159,9155,0,158,0,222,20,0,0,0
Polaykovsi777,448|536,9874,9245,9622,0,195,0,398,20,0,0,0
Polaykovsi777,438|531,9871,12849,8157,0,100,0,136,20,0,0,0
Polaykovsi777,435|528,9875,10499,8291,0,100,0,346,10,0,0,0
Polaykovsi777,441|534,9870,9603,9571,0,100,0,297,18,0,0,0
Polaykovsi777,438|532,9874,9340,9337,0,100,0,396,19,0,0,0
Polaykovsi777,438|534,9871,8286,9732,0,38,0,394,20,0,0,0
Polaykovsi777,427|530,9874,8548,8311,0,81,0,407,3,0,0,0
Polaykovsi777,441|532,9874,9922,9929,0,100,0,340,6,0,0,0
Polaykovsi777,436|529,9874,9727,9758,0,129,0,360,5,0,0,0
Polaykovsi777,444|538,9874,9039,10303,0,100,0,170,14,0,0,0
Polaykovsi777,436|531,9874,9683,9672,0,153,0,395,18,0,0,0
Polaykovsi777,434|533,9871,10070,7465,0,100,0,116,7,0,0,0
Polaykovsi777,431|535,9874,9236,9259,0,100,0,356,5,0,0,0
Polaykovsi777,519|579,9871,9041,9075,0,151,0,267,5,0,0,4
Polaykovsi777,520|579,9883,9660,9635,0,100,0,0,5,0,0,4
Polaykovsi777,519|575,9871,9989,10008,0,205,0,0,5,0,1,0
Polaykovsi777,519|578,10252,8435,8413,0,196,0,374,20,0,0,4
Polaykovsi777,520|577,9870,9082,9070,0,186,0,343,20,0,0,0
Polaykovsi777,518|577,9870,0,723,0,181,0,0,0,0,0,1
Polaykovsi777,518|585,9870,10025,10051,0,182,0,7,20,0,0,1
Polaykovsi777,521|577,9872,9595,9600,0,192,0,177,8,0,0,0
Polaykovsi777,517|578,9886,8879,8853,0,155,0,26,17,0,0,4
Polaykovsi777,522|585,9870,9798,9771,0,100,0,148,5,0,0,0
Polaykovsi777,502|595,10495,8569,8552,0,194,0,473,19,0,0,1
Polaykovsi777,525|574,10285,9441,9130,0,227,0,199,20,0,0,0
Polaykovsi777,516|571,9891,8505,8220,0,187,0,592,5,0,0,0
Polaykovsi777,524|575,9891,9671,9674,0,306,0,344,19,0,0,0
Polaykovsi777,514|578,10616,8546,8537,0,182,0,383,20,0,0,4
Polaykovsi777,537|573,9891,8551,8956,0,181,0,397,5,0,0,0
Polaykovsi777,520|583,9870,10097,9856,0,183,0,53,9,0,0,0
Polaykovsi777,522|580,9874,8990,8967,0,182,0,360,20,0,0,1
Polaykovsi777,545|580,9870,8988,9003,0,130,0,401,5,0,0,0
Polaykovsi777,539|581,9535,8546,8524,0,67,0,0,3,0,0,0
Polaykovsi777,526|585,9880,9905,9783,0,168,0,0,0,0,0,0
Polaykovsi777,537|584,9870,9816,10219,0,106,0,0,7,0,0,4
Polaykovsi777,542|579,9871,7680,7708,0,150,0,289,5,0,1,4
Polaykovsi777,544|578,9870,10236,10221,0,100,0,0,5,0,0,0
Polaykovsi777,523|583,9891,9105,9090,0,286,0,314,5,0,0,0
Polaykovsi777,536|581,9891,9003,8983,0,121,0,393,18,0,0,0
Polaykovsi777,521|585,9870,10316,8513,0,411,0,151,5,0,0,1
Polaykovsi777,538|577,9871,9752,10167,0,169,0,0,5,0,0,0
Polaykovsi777,543|580,9870,10014,10026,0,100,0,57,20,0,0,0
Polaykovsi777,542|577,9871,9793,9792,0,199,0,79,5,0,0,2
Polaykovsi777,514|574,10971,8719,8704,0,167,0,369,20,0,0,0
Polaykovsi777,515|575,10273,8344,8086,0,146,0,5,5,0,0,4
Polaykovsi777,531|585,9870,8806,8817,0,195,0,424,5,0,0,1
Polaykovsi777,535|581,9870,8831,8811,0,198,0,379,74,0,0,0
Polaykovsi777,531|583,9790,9014,9003,0,168,0,205,4,0,0,1
Polaykovsi777,536|582,9874,8918,8911,0,138,0,396,20,0,0,1
Polaykovsi777,546|564,11212,3417,3433,0,100,0,300,5,0,0,2
Polaykovsi777,533|587,9870,7899,7926,0,200,0,281,5,0,1,4
Polaykovsi777,511|610,9870,10240,10217,0,100,0,0,5,0,0,0
Polaykovsi777,539|586,9870,8276,8252,0,100,0,72,17,0,1,4
Polaykovsi777,551|577,9870,10122,10115,0,210,0,0,5,0,0,0
Polaykovsi777,541|580,9871,9533,9526,0,200,0,158,15,0,0,2
Polaykovsi777,529|591,9870,10129,10148,0,190,0,0,5,0,0,0
Polaykovsi777,538|588,9870,10220,10197,0,105,0,5,5,0,0,0
Polaykovsi777,524|595,9870,10074,10046,0,108,0,281,20,0,0,0
Polaykovsi777,515|586,9891,10601,8174,0,376,0,154,5,0,0,2
Polaykovsi777,519|592,9870,9688,9702,0,105,0,167,16,0,0,0
Polaykovsi777,523|590,9908,8710,8670,0,189,0,465,5,0,0,1
Polaykovsi777,553|584,9870,9123,9108,0,141,0,167,11,0,1,0
Polaykovsi777,523|600,9870,2731,2753,0,100,0,145,5,0,0,0
Polaykovsi777,509|599,9870,9696,9732,0,142,0,145,20,0,0,0
Polaykovsi777,519|600,9870,2715,2702,0,100,0,138,5,0,0,0
Polaykovsi777,532|599,9870,10922,9314,0,173,0,0,20,0,0,0
Polaykovsi777,519|580,10311,9393,9366,0,139,0,224,20,0,0,1
Polaykovsi777,514|599,9870,9957,9945,0,100,0,80,20,0,0,0
Polaykovsi777,503|604,9870,10188,10185,0,142,0,0,5,0,0,0
Polaykovsi777,553|587,9870,8688,8689,0,168,0,432,20,0,0,0
Polaykovsi777,556|592,11212,4111,4139,0,400,0,0,5,0,0,0
Polaykovsi777,537|597,9872,2559,2546,0,110,0,125,5,0,0,0
Polaykovsi777,509|593,9891,9900,9897,0,100,0,109,5,0,0,0
Polaykovsi777,516|605,9870,3348,3300,0,376,0,339,5,0,0,0
Polaykovsi777,497|592,10011,9534,9508,0,170,0,159,20,0,0,1
Polaykovsi777,483|595,11321,9565,7575,0,178,0,395,5,0,0,1
Polaykovsi777,486|598,11550,8351,8344,0,264,0,432,5,0,0,1
Polaykovsi777,472|597,11550,8642,8635,0,199,0,355,7,0,0,1
Polaykovsi777,479|599,11550,8663,8645,0,134,0,151,18,0,0,1
Polaykovsi777,463|594,11550,8414,8425,0,297,0,397,5,0,0,1
Polaykovsi777,482|604,9870,2553,2529,0,428,0,110,5,0,0,1
Polaykovsi777,482|607,9870,9469,9453,0,122,0,221,18,0,0,1
Polaykovsi777,510|612,9870,8854,8869,0,160,0,369,5,0,0,4
Polaykovsi777,498|609,9870,8527,8538,0,203,0,500,5,0,0,1
Polaykovsi777,533|608,9870,8337,8324,0,181,0,500,5,0,0,5
Polaykovsi777,482|608,9870,10087,10122,0,174,0,0,5,0,0,1
Polaykovsi777,514|606,9874,7057,7019,0,200,0,0,5,0,0,0
Polaykovsi777,510|595,3784,937,908,0,100,0,0,0,0,0,0
Polaykovsi777,541|544,11615,3662,3652,0,160,0,0,5,0,0,5
Polaykovsi777,504|492,9935,3745,3765,0,101,0,285,5,0,1,2
Polaykovsi777,485|464,8530,1808,1814,0,100,0,95,5,0,0,1
Polaykovsi777,457|436,11837,1485,1440,0,182,0,13,5,0,0,0
Polaykovsi777,436|498,10733,8733,8763,0,151,0,323,5,0,0,0
Polaykovsi777,434|498,10733,7922,7885,0,200,0,322,5,0,0,0
Polaykovsi777,442|502,10732,7928,7887,0,200,0,323,5,0,0,0
Polaykovsi777,439|501,10730,8675,8639,0,150,0,323,5,0,0,0
Polaykovsi777,434|497,10728,8255,8205,0,123,0,268,5,0,0,0
Polaykovsi777,438|493,10812,8318,8294,0,200,0,346,5,0,0,0
Polaykovsi777,444|483,10165,9349,9369,0,100,0,112,5,0,0,4
Polaykovsi777,443|487,10273,8250,8285,0,145,0,354,6,0,0,0
Polaykovsi777,444|486,10273,8951,8901,0,145,0,354,5,0,0,0
Polaykovsi777,444|463,10273,6120,6115,0,105,0,282,5,0,0,0
Polaykovsi777,441|484,10228,7748,7782,0,173,0,592,5,0,0,4
Polaykovsi777,442|483,9653,7100,7061,0,163,440,389,5,0,0,2
Polaykovsi777,434|485,10273,8324,8333,0,200,0,352,5,0,0,0
Polaykovsi777,432|487,10311,9152,9135,0,200,0,342,5,0,0,0
Polaykovsi777,443|481,10344,8912,8897,0,149,0,390,5,0,0,0
Polaykovsi777,442|487,10375,8821,8860,0,200,0,354,5,0,0,0
Polaykovsi777,431|491,12154,7730,7686,0,183,0,458,5,0,0,0
Polaykovsi777,428|491,12154,8475,8444,0,167,0,350,5,0,0,0
Polaykovsi777,441|489,10983,6212,6181,0,200,0,353,5,0,0,0
Polaykovsi777,437|492,10787,8814,8801,0,200,0,345,5,0,0,0
Polaykovsi777,437|493,10787,8051,8020,0,200,0,344,5,0,0,0
Polaykovsi777,451|469,11886,3289,3292,0,119,0,232,5,0,0,5
Polaykovsi777,453|454,10495,8349,8348,0,165,307,327,5,0,0,3
Polaykovsi777,442|464,10452,7722,7712,0,200,0,646,5,0,0,7
Polaykovsi777,444|460,10452,7148,7122,0,154,0,374,5,0,0,5
Polaykovsi777,445|457,10452,9108,9075,0,100,0,197,54,0,0,6
Polaykovsi777,444|457,10344,9009,9016,0,101,73,288,5,0,0,2
Polaykovsi777,443|456,10373,9104,9117,0,100,0,244,5,0,0,3
Polaykovsi777,468|490,11637,1702,1702,0,200,0,191,5,0,0,4
Polaykovsi777,432|486,10679,8878,8908,0,145,0,355,5,0,0,0
Polaykovsi777,440|482,10838,7894,7855,0,114,0,247,5,0,0,3
Polaykovsi777,515|525,10719,3170,3120,0,100,0,0,5,0,0,0
ROCKET,470|521,12014,7513,10,0,500,0,0,0,0,0,0
ROCKET,455|538,10337,20881,10,0,500,0,0,0,0,1,0
ROCKET,481|551,10629,5848,10,0,399,0,1195,0,0,0,2
ROCKET,485|552,9966,7130,0,0,0,0,1448,0,0,0,0
ROCKET,488|546,10672,8620,10,0,400,0,1750,0,0,1,2
ROCKET,496|544,9519,6097,10,0,375,0,1237,0,0,0,2
ROCKET,494|544,8902,6096,10,0,376,0,1238,0,0,1,2
ROCKET,481|544,10507,5693,10,0,260,0,1101,0,0,0,0
ROCKET,480|546,10672,8368,10,0,380,0,1638,0,0,0,2
ROCKET,483|550,10672,6693,10,0,315,0,1327,0,0,0,2
ROCKET,482|550,10672,8360,10,0,400,0,1750,0,0,0,2
ROCKET,457|539,10337,20881,10,0,500,0,0,0,0,1,0
ROCKET,477|571,10610,7678,7677,0,500,500,0,7,220,0,0
ROCKET,421|486,10610,6232,6207,0,500,500,0,7,220,0,0
ROCKET,481|579,10610,7678,7677,0,500,500,0,7,220,0,0
ROCKET,453|568,10610,7678,7677,0,500,500,0,7,220,0,0
ROCKET,454|566,10610,7678,7677,0,500,500,0,7,220,0,0
ROCKET,453|565,10610,7678,7677,0,500,500,0,7,220,0,0
ROCKET,421|488,10610,6206,6184,0,500,500,0,7,220,0,0
ROCKET,452|565,10610,7678,7677,0,500,500,0,7,220,0,0
ROCKET,418|487,10610,6240,6287,0,500,500,0,7,220,0,0
ROCKET,452|570,10610,7678,7677,0,500,500,0,7,220,0,0
ROCKET,418|485,10610,6688,6697,0,500,500,0,7,220,0,0
ROCKET,415|485,10610,6287,6262,0,500,500,0,7,220,0,0
ROCKET,416|484,10610,6244,6280,0,500,500,0,7,220,0,0
ROCKET,457|577,10610,7678,7677,0,500,500,0,7,220,0,0
ROCKET,500|587,10610,7678,7677,0,500,500,0,7,220,0,0
ROCKET,500|586,10308,7266,7294,0,0,141,0,0,1,0,0
ROCKET,414|486,10610,7406,7454,0,500,500,0,7,220,0,0
ROCKET,415|486,10610,6634,6666,0,500,500,0,7,220,0,0
ROCKET,494|590,10610,7678,7677,0,500,500,0,7,220,0,0
ROCKET,494|588,10610,7678,7677,0,500,500,0,7,220,0,0
ROCKET,468|584,10610,7678,7677,0,500,500,0,7,220,0,0
ROCKET,481|588,10610,7678,7677,0,500,500,0,7,220,0,0
ROCKET,450|573,10610,7678,7677,0,500,500,0,7,220,0,0
ROCKET,464|584,10610,7678,7677,0,500,500,0,7,220,0,0
ROCKET,453|578,10610,7678,7677,0,500,500,0,7,220,0,0
ROCKET,488|593,10610,7678,7677,0,500,500,0,7,220,0,0
ROCKET,472|591,10337,1891,10,0,10000,0,0,0,0,0,0
ROCKET,407|476,10610,6962,7004,0,500,500,0,7,220,0,0
ROCKET,451|578,10610,7678,7677,0,500,500,0,7,220,0,0
ROCKET,445|576,10610,7678,7677,0,500,500,0,7,220,0,0
ROCKET,470|593,10610,7678,7677,0,500,500,0,7,220,0,0
ROCKET,408|473,10610,6950,6983,0,500,500,0,7,220,0,0
ROCKET,449|580,10610,7678,7677,0,500,500,0,7,220,0,0
ROCKET,472|592,10610,7678,7677,0,500,500,0,7,220,0,0
ROCKET,405|473,10610,6498,6495,0,500,500,0,7,220,0,0
ROCKET,481|595,10610,7678,7677,0,500,500,0,7,220,0,0
ROCKET,500|595,10337,10446,10425,0,500,0,0,0,0,1,0
ROCKET,480|595,10610,7678,7677,0,500,500,0,7,220,0,0
ROCKET,446|582,10610,7678,7677,0,500,500,0,7,220,0,0
ROCKET,439|577,10337,10446,10445,0,500,0,0,0,0,1,0
ROCKET,406|474,10610,6961,6998,0,500,500,0,7,220,0,0
ROCKET,406|473,10610,7240,7286,0,500,500,0,7,220,0,0
ROCKET,401|478,10610,7236,7215,0,500,500,0,7,220,0,0
ROCKET,442|577,10610,7678,7677,0,500,500,0,7,220,0,0
ROCKET,466|591,10610,7678,7677,0,500,500,0,7,220,0,0
ROCKET,470|595,10610,7678,7677,0,500,500,0,7,220,0,0
ROCKET,437|579,10610,7678,7677,0,500,500,0,7,220,0,0
ROCKET,400|478,10610,7094,7112,0,500,500,0,7,220,0,0
ROCKET,402|475,10610,7224,7236,0,500,500,0,7,220,0,0
ROCKET,400|477,10610,7265,7237,0,500,500,0,7,220,0,0
ROCKET,437|578,10610,7678,7677,0,500,500,0,7,220,0,0
ROCKET,481|600,10610,7678,7677,0,500,500,0,7,220,0,0
ROCKET,445|589,10610,7678,7677,0,500,500,0,7,220,0,0
ROCKET,483|599,10610,7678,7677,0,500,500,0,7,220,0,0
ROCKET,399|476,10610,6707,6713,0,500,500,0,7,220,0,0
ROCKET,465|597,10610,7678,7677,0,500,500,0,7,220,0,0
ROCKET,495|602,10610,7678,7677,0,500,500,0,7,220,0,0
ROCKET,480|577,10610,7678,7677,0,500,500,0,7,220,0,0
ROCKET,447|591,10610,7678,7677,0,500,500,0,7,220,0,0
ROCKET,397|476,10610,6916,6940,0,500,500,0,7,220,0,0
ROCKET,445|590,10610,7678,7677,0,500,500,0,7,220,0,0
ROCKET,421|577,10610,7678,7677,0,500,500,0,7,220,0,0
ROCKET,481|609,10610,7678,7677,0,500,500,0,7,220,0,0
ROCKET,430|584,10610,7678,7677,0,500,500,0,7,220,0,0
ROCKET,468|605,10610,7678,7677,0,500,500,0,7,220,0,0
Rookie,456|538,10002,12104,1,0,190,1,1215,4,100,0,0
Rookie,460|542,9899,10378,1,0,154,0,962,3,52,0,0
Rookie,513|522,10122,2087,4,0,220,2,1464,4,104,0,0
Rookie,474|541,9423,10487,1,0,220,2,1500,4,104,0,0
Rookie,465|516,9630,16408,0,0,0,0,385,0,0,0,0
Rookie,468|520,9616,10558,1,0,108,0,615,3,30,0,0
Rookie,468|523,9134,16196,3842,0,91,0,36,0,6,0,0
Rookie,466|522,9238,11776,1,0,220,0,783,4,43,0,0
Rookie,465|522,8693,10421,0,0,47,0,1183,2,0,0,0
Rookie,465|520,9909,11625,1,0,205,1,1304,4,96,0,0
Rookie,471|525,9655,12433,1,0,162,0,1101,4,100,0,0
Rookie,465|528,9809,14852,1,0,96,0,763,2,56,0,0
Rookie,476|526,10400,12996,1,0,180,0,1107,4,60,0,0
Rookie,471|538,9985,10306,1,0,220,0,1500,4,104,0,0
Rookie,461|519,8849,13195,1,0,180,0,461,4,0,0,0
Rookie,475|544,9985,10936,1,0,210,1,1399,4,103,0,0
Rookie,472|545,8833,8997,1,0,161,498,497,4,0,0,0
Rookie,470|546,8038,9089,1,0,220,0,756,3,64,0,0
Rookie,465|548,9985,10286,1,0,217,11,1497,4,104,0,0
Rookie,471|548,8982,12226,1,0,157,0,1061,4,104,0,0
Rookie,478|536,9266,9054,1,0,160,0,979,3,12,0,0
Rookie,478|535,7923,11980,3760,0,63,0,199,4,30,1,0
Rookie,481|538,10382,12159,1,0,220,0,862,4,104,0,0
Rookie,480|537,9985,12735,1,0,180,1,1106,4,104,0,0
Rookie,480|536,11192,5405,1800,0,151,0,200,4,8,0,0
Rookie,444|525,9525,15445,5245,0,126,110,123,3,39,0,0
Rookie,444|526,9545,13537,7641,0,138,92,36,2,30,0,0
Rookie,533|544,10155,9597,1,0,217,0,1461,4,104,1,0
Rookie,528|545,10058,9789,368,0,215,1,1448,4,104,1,0
Rookie,479|516,9682,12232,1,0,220,0,868,24,49,0,0
Rookie,476|515,8759,9856,473,0,100,0,684,2,30,0,0
Rookie,468|534,9744,16733,1,0,80,0,531,3,60,0,0
Rookie,518|540,10237,13236,119,0,141,1,981,4,104,1,2
seme4ka-3,530|521,11579,1516,1505,0,200,0,173,0,112,0,0
seme4ka-3,462|421,11308,3634,2480,0,244,0,0,0,5,0,0
seme4ka-3,539|561,9261,3696,0,0,211,0,1061,0,71,0,0
seme4ka-3,535|562,9830,8000,0,0,166,0,1584,0,50,0,0
seme4ka-3,495|588,10059,9955,8495,0,435,250,148,0,93,0,0
seme4ka-3,503|583,10063,9305,7430,0,321,400,146,0,146,0,0
seme4ka-3,508|558,10441,8376,6696,0,354,400,150,22,100,0,0
seme4ka-3,513|584,10247,9407,7522,0,356,400,143,1,100,0,0
seme4ka-3,514|590,10257,9588,7683,0,222,400,145,4,100,0,3
seme4ka-3,509|555,10787,1435,1398,0,200,0,849,0,5,0,0
seme4ka-3,512|584,10339,9692,8925,0,412,68,143,0,83,0,0
seme4ka-3,539|563,11821,326,330,0,200,0,1303,5,5,0,0
seme4ka-3,518|583,10114,9672,7716,0,310,400,150,3,100,0,0
seme4ka-3,507|597,10398,8346,6698,0,300,400,238,5,100,0,0
seme4ka-3,520|596,10349,9306,8146,0,475,270,203,1,100,0,0
seme4ka-3,486|583,10471,9373,7760,0,412,400,148,0,100,0,0
seme4ka-3,485|581,10068,9833,9159,0,345,33,148,0,80,0,0
seme4ka-3,537|588,10257,10514,9145,0,222,0,148,0,68,0,0
seme4ka-3,515|602,10252,10556,9618,0,146,0,109,2,48,0,0
seme4ka-3,505|603,9737,9456,8072,0,335,382,145,0,100,0,0
seme4ka-3,514|595,10480,9981,8931,0,276,199,0,0,100,0,0
seme4ka-3,476|600,10341,9628,9133,0,445,77,150,0,85,0,0
seme4ka-3,523|603,10394,9974,9297,0,342,168,0,2,93,0,0
seme4ka-3,538|599,10253,9861,10595,0,316,1,18,0,12,0,0
seme4ka-3,542|598,10257,7525,6998,0,427,65,827,0,74,0,0
seme4ka-3,483|604,10596,10000,8385,0,243,400,150,0,100,0,0
seme4ka-3,511|609,9667,10000,8795,0,235,400,0,0,100,0,3
seme4ka-3,529|572,10413,9526,9521,0,479,0,59,0,10,1,0
seme4ka-3,495|584,10712,9310,7455,0,400,400,148,0,100,0,0
seme4ka-3,493|582,10712,8938,7501,0,411,117,507,0,100,0,0
seme4ka-3,498|582,10620,9391,7500,0,325,400,150,0,100,0,0
seme4ka-3,517|591,10247,9828,7824,0,200,400,141,4,100,0,0
seme4ka-3,541|597,10257,9188,7395,0,398,400,148,0,100,0,0
seme4ka-3,516|583,10247,6142,4934,0,420,400,149,0,103,0,0
seme4ka-3,513|596,10253,11096,8000,0,336,22,150,0,100,0,0
seme4ka-3,521|546,11487,1429,179,0,200,0,273,0,5,0,2
seme4ka-3,527|570,10449,9929,9932,0,200,0,4,0,19,0,0
seme4ka-3,545|588,10257,11952,3251,0,200,400,435,0,116,0,0
seme4ka-3,427|463,10518,9709,8772,0,237,0,150,0,62,0,0
seme4ka-3,419|467,10518,7176,7174,0,301,0,400,0,100,0,0
seme4ka-3,415|463,10518,6068,6068,0,200,0,360,0,100,0,0
seme4ka-3,409|471,10518,6722,6749,0,200,0,300,0,100,0,0
seme4ka-3,417|467,10518,3388,2846,0,200,0,400,0,100,0,0
seme4ka-3,412|462,10518,6145,6108,0,298,0,300,0,100,0,0
seme4ka-3,412|469,10518,7057,7054,0,333,0,399,0,100,0,0
seme4ka-3,415|478,10518,8381,8388,0,271,0,300,0,100,0,0
seme4ka-3,422|457,10560,8493,8358,0,200,0,300,0,100,0,0
seme4ka-3,423|457,10518,6322,5971,0,319,0,400,3,100,0,0
seme4ka-3,428|463,10518,9454,8813,0,300,0,150,0,73,0,0
seme4ka-3,420|467,10518,3779,2943,0,200,0,400,0,100,0,0
seme4ka-3,414|467,10518,5978,5965,0,208,0,300,0,100,0,0
seme4ka-3,418|470,10518,4459,4487,0,333,0,300,0,100,0,0
seme4ka-3,424|461,10518,7117,7124,0,324,0,400,5,100,0,0
seme4ka-3,431|481,10518,8150,7861,0,222,0,500,0,100,0,0
seme4ka-3,430|481,10518,8032,8006,0,331,0,300,0,100,0,0
seme4ka-3,417|471,10518,7846,5288,0,200,0,500,0,100,0,0
seme4ka-3,417|472,10518,8553,8532,0,333,0,300,0,100,0,0
seme4ka-3,417|470,10518,6991,6999,0,333,0,377,0,100,0,0
seme4ka-3,416|469,10518,4031,4031,0,333,0,300,0,100,0,0
seme4ka-3,432|481,10560,8196,7821,0,200,0,400,0,100,0,0
seme4ka-3,431|480,10518,7663,7693,0,232,0,500,0,100,0,0
seme4ka-3,416|485,10518,5759,5729,0,333,0,393,0,100,0,0
seme4ka-3,423|460,10518,7999,8002,0,298,0,400,0,87,0,0
seme4ka-3,423|465,10518,7383,7392,0,233,0,400,0,100,0,0
seme4ka-3,420|468,10518,5055,5032,0,233,0,500,0,100,0,0
seme4ka-3,415|470,10518,5558,5525,0,333,0,300,0,100,0,0
seme4ka-3,428|482,10518,7298,7248,0,231,0,400,0,100,0,0
seme4ka-3,432|479,10518,7983,6156,0,200,0,400,0,89,0,0
seme4ka-3,530|597,10321,10889,9816,0,471,0,0,0,10,0,0
seme4ka-3,461|598,10257,9806,7368,0,411,220,313,0,100,0,0
seme4ka-3,453|425,10624,4664,3892,0,200,0,814,0,5,0,0
seme4ka-3,444|422,10450,6368,2799,0,200,0,1015,0,5,0,0
seme4ka-3,533|572,10257,8681,8343,0,533,370,40,0,97,0,0
seme4ka-3,528|570,9845,8468,8492,0,441,76,94,3,118,1,0
seme4ka-3,447|462,10518,4556,4527,0,200,0,536,0,21,0,0
seme4ka-3,449|458,10518,3322,3333,0,200,0,316,0,7,0,0
seme4ka-3,449|456,10518,4947,4958,0,200,0,471,0,5,0,0
seme4ka-3,448|462,10518,4152,4180,0,200,0,0,0,9,0,0
seme4ka-3,445|462,11653,3380,3414,0,200,0,0,0,5,0,0
seme4ka-3,448|459,10518,7319,7075,0,200,0,408,0,5,0,0
seme4ka-3,443|453,10452,7010,7033,0,200,0,992,0,5,0,0
seme4ka-3,446|454,10971,5335,5356,0,252,0,700,0,5,0,0
seme4ka-3,446|455,10495,7956,8130,0,200,0,144,0,18,0,0
seme4ka-3,445|451,10343,7925,5779,0,200,0,431,0,5,0,0
seme4ka-3,444|453,10256,7131,7114,0,200,0,517,0,32,0,0
seme4ka-3,458|448,12506,3929,3920,0,200,0,0,0,21,0,1
seme4ka-3,439|453,10273,6327,6346,0,222,0,315,0,5,0,0
seme4ka-3,442|453,10636,6073,3926,0,200,0,800,0,5,0,0
Sergej Kuts,407|549,7349,10221,10192,0,458,0,0,6,0,0,0
Sergej Kuts,421|472,10256,3007,2985,0,1000,622,0,10,288,0,0
Sergej Kuts,438|463,9536,4178,4131,0,1000,0,0,10,0,0,0
Sergej Kuts,436|459,9783,7172,7170,0,1000,0,287,10,0,0,0
Sergej Kuts,433|465,9976,9790,9768,0,527,0,0,8,0,0,0
Sergej Kuts,428|473,10079,9232,9238,0,1000,0,0,9,0,0,0
Sergej Kuts,435|461,10079,6093,6095,0,2922,0,0,0,0,0,0
Sergej Kuts,433|459,9976,5856,5842,0,744,0,0,6,0,1,0
Sergej Kuts,427|474,10040,4031,3993,0,1000,400,0,10,200,0,0
Sergej Kuts,421|499,9332,3923,3899,0,1000,400,0,10,200,0,0
Sergej Kuts,422|499,9394,3923,3899,0,1000,426,0,10,200,0,0
Sergej Kuts,439|463,10452,5426,5475,0,1000,0,336,10,0,0,0
Sergej Kuts,422|473,10253,2964,3012,0,1000,252,0,10,200,0,0
Sergej Kuts,420|472,10254,9494,9497,0,600,0,0,8,0,0,0
Sergej Kuts,419|471,10257,9160,9164,0,852,0,0,8,0,0,0
Sergej Kuts,422|462,9639,7011,6998,0,1000,49,759,10,0,0,0
Sergej Kuts,419|476,10761,2575,2602,0,1000,536,0,10,300,0,0
Sergej Kuts,413|482,9985,9125,9110,0,953,0,0,9,0,0,0
Sergej Kuts,414|481,10288,6711,6710,0,902,0,477,8,0,0,0
Sergej Kuts,413|481,10288,2575,2604,0,1000,400,0,10,200,0,0
Sergej Kuts,415|473,10002,2574,2603,0,1000,200,0,10,200,0,0
Sergej Kuts,411|483,10666,6767,6760,0,1613,0,0,7,0,0,0
Sergej Kuts,412|486,9938,9314,9297,0,1000,0,0,10,0,0,0
Sergej Kuts,412|483,9924,3553,3536,0,1000,687,0,10,300,0,0
Sergej Kuts,411|475,10544,9139,9139,0,1000,0,0,9,0,1,0
Sergej Kuts,411|485,9643,7668,7723,0,980,0,460,10,0,0,0
Sergej Kuts,407|485,9978,3356,3359,0,1000,600,0,10,300,0,0
Sergej Kuts,403|486,10079,9286,9271,0,859,0,0,8,0,0,2
Sergej Kuts,437|460,11407,3474,3493,0,522,0,0,5,0,0,0
Sergej Kuts,424|569,7798,10380,10354,0,536,0,0,8,0,0,0
Sergej Kuts,449|567,10057,10100,10065,0,677,0,0,8,0,0,0
Sergej Kuts,438|563,10021,10109,10067,0,873,0,0,8,0,0,0
Sergej Kuts,424|551,10119,10362,10369,0,633,0,0,7,0,0,0
Sergej Kuts,470|589,8735,10339,10304,0,912,0,0,9,0,0,0
Sergej Kuts,408|551,7432,9654,9673,0,965,0,0,8,0,0,0
Sergej Kuts,407|555,3571,10387,10399,0,1235,0,0,37,0,0,0
Sergej Kuts,475|607,6568,9031,9002,0,334,398,0,6,199,0,0
Sergej Kuts,389|489,3760,7867,7869,0,926,510,0,98,400,0,0
Sergej Kuts,402|557,3651,2813,2800,0,1000,289,0,10,235,0,0
Sergej Kuts,447|535,10519,10072,10062,0,327,0,0,8,0,0,0
Sergej Kuts,457|571,9923,9977,10027,0,932,0,0,9,0,0,0
Sergej Kuts,421|539,9921,10207,10180,0,782,0,0,7,0,0,0
Sergej Kuts,480|583,10145,10496,10478,0,284,0,0,8,0,0,0
Sergej Kuts,442|569,9403,10169,10161,0,878,0,0,6,0,0,0
Sergej Kuts,461|582,10290,10229,10260,0,702,0,0,2,0,0,0
Sergej Kuts,446|575,9561,10387,10396,0,491,16,0,7,0,0,0
Sergej Kuts,413|535,9583,10722,10704,0,221,0,0,2,0,0,0
Sergej Kuts,452|581,10088,9872,9862,0,296,33,0,5,0,0,0
Sergej Kuts,482|596,7016,11215,11231,0,234,0,0,9,0,0,0
Sergej Kuts,434|572,7222,10701,10722,0,664,0,0,7,0,0,0
Sergej Kuts,421|560,7916,9696,9704,0,426,0,0,8,0,0,0
Sergej Kuts,467|593,8186,10726,10735,0,144,9,0,7,0,0,0
Sergej Kuts,486|592,6927,10236,10243,0,530,0,0,8,0,0,0
Sergej Kuts,490|596,6776,10323,10327,0,549,0,0,7,0,0,0
Sergej Kuts,459|592,7228,10583,10584,0,609,0,0,7,0,0,0
Sergej Kuts,433|577,7737,10712,10731,0,165,0,0,9,0,0,0
Sergej Kuts,458|589,7721,10631,10666,0,191,0,0,5,0,0,0
Sergej Kuts,413|549,7499,9847,9835,0,745,0,0,8,0,0,0
Sergej Kuts,466|597,7467,10487,10495,0,99,0,0,7,0,0,0
Sergej Kuts,410|547,7447,10152,10172,0,431,0,0,8,0,0,0
Sergej Kuts,490|605,7355,10455,10446,0,201,0,0,3,0,0,0
Sergej Kuts,410|550,3820,10473,10468,0,806,0,0,47,0,0,0
Sergej Kuts,442|590,6714,10981,10967,0,283,0,0,8,0,0,0
Sergej Kuts,412|557,3776,10900,10921,0,597,0,0,35,0,0,0
Sergej Kuts,399|540,7095,9793,9811,0,852,0,0,16,0,0,0
Sergej Kuts,466|604,3561,10436,10477,0,956,0,0,70,0,0,0
Sergej Kuts,407|553,5389,10255,10283,0,600,41,0,43,0,0,0
Sergej Kuts,470|602,7158,9462,9474,0,259,0,0,55,0,0,0
Sergej Kuts,429|586,10433,7298,7305,0,282,782,0,128,161,0,0
Sergej Kuts,513|609,4181,8196,8190,0,1000,522,0,10,300,0,0
Sergej Kuts,392|509,7324,9927,9944,0,323,0,0,162,0,0,0
Sergej Kuts,483|611,5473,10596,10588,0,396,0,0,4,0,0,0
Sergej Kuts,420|579,6692,7050,7042,0,1600,556,0,71,200,0,0
Sergej Kuts,420|573,7023,7594,7586,0,950,518,0,10,300,0,0
Sergej Kuts,394|468,4374,7373,7392,0,1000,633,0,10,300,0,0
Sergej Kuts,394|460,4117,8043,8048,0,944,656,0,10,200,0,0
Sergej Kuts,458|604,4069,7007,7035,0,950,762,0,98,437,0,0
Sergej Kuts,400|450,3623,7393,7370,0,1000,542,0,10,300,0,0
Sergej Kuts,466|605,3597,7637,7630,0,1620,600,0,10,300,0,0
Sergej Kuts,393|538,3467,5228,5243,0,1000,500,0,10,300,0,0
Sergej Kuts,456|604,195,31,0,0,0,0,0,0,0,0,0
Sergej Kuts,399|551,3462,5326,5307,0,1000,500,0,10,400,0,0
Sergej Kuts,448|599,3073,4050,4040,0,1000,0,0,10,200,0,0
Sergej Kuts,445|592,7221,6716,6729,0,1000,573,0,10,400,0,0
Sergej Kuts,394|538,3456,4464,4434,0,1000,600,0,10,300,0,0
Sergej Kuts,392|513,5280,9430,9457,0,555,0,0,7,0,0,0
Sergej Kuts,448|575,10252,10083,10097,0,846,0,0,8,0,0,0
Sergej Kuts,416|563,5710,9563,9528,0,174,0,0,7,0,0,0
Serginio,493|598,10492,9858,9771,0,145,0,0,0,7,1,0
Serginio,473|581,10470,7122,8114,0,82,6,351,0,10,0,0
Serginio,486|604,10470,8687,7843,0,112,0,0,0,4,0,0
Serginio,486|605,10470,8204,8856,0,84,0,0,0,5,0,0
Serginio,476|594,10470,8388,9564,0,38,0,0,0,4,0,0
Serginio,476|593,10470,7539,9214,0,81,0,360,0,7,0,0
Serginio,476|603,10470,7184,10193,0,15,0,0,0,5,0,0
Serginio,468|597,10470,7193,13374,0,100,0,78,0,3,1,0
Serginio,467|599,10470,8287,9037,0,99,150,0,0,6,0,1
Serginio,476|604,10470,7389,7717,0,66,0,0,0,5,0,0
Serginio,491|599,10470,7779,9837,0,73,0,0,0,7,0,0
Serginio,490|593,10470,9408,7375,0,163,0,486,0,5,0,0
Serginio,498|604,10470,8346,9964,0,127,0,0,0,5,0,0
Serginio,493|600,11123,10973,7450,0,166,0,0,0,8,0,0
Serginio,495|605,10470,9026,8976,0,103,0,0,0,2,0,0
Serginio,496|601,11049,9510,8735,0,47,0,0,0,6,0,0
Serginio,486|596,10470,8685,7651,0,77,0,440,0,109,0,0
Serginio,488|600,11123,8184,9504,0,115,0,0,0,3,0,0
Serginio,456|580,10470,9891,6481,0,40,0,436,0,5,0,1
Serginio,454|581,10470,8998,7232,0,120,79,264,0,5,0,1
Serginio,450|584,10470,6817,8506,0,107,88,363,0,19,0,1
Serginio,452|586,10470,9599,9637,0,63,109,0,0,4,0,1
Serginio,471|574,10919,7182,2973,0,214,0,658,0,3,0,0
Serginio,472|573,10470,9776,11188,0,87,0,42,0,4,1,0
Serginio,472|576,10470,10380,7111,0,55,0,724,0,2,1,0
Serginio,473|576,10730,9294,6331,0,194,0,374,0,3,0,0
Serginio,413|557,10378,7992,8535,0,151,0,163,0,4,0,1
Serginio,421|567,10470,8250,8795,0,142,0,0,8,9,0,1
SneeK,410|543,11281,10062,11243,0,0,0,0,0,0,1,0
SneeK,408|546,11286,7648,7105,0,427,256,425,0,85,1,3
SneeK,405|542,10619,7852,7828,0,307,277,406,0,92,1,0
Tjapik,542|529,10891,3994,4029,0,150,0,91,0,20,1,2
Tjapik,504|555,11301,3884,3908,0,298,0,0,0,20,0,2
Tjapik,501|564,9959,9378,9386,0,197,148,0,0,42,1,2
Tjapik,502|562,9959,5812,5811,0,150,341,0,0,225,1,2
Tjapik,506|566,9959,8956,8947,0,150,300,0,0,69,0,2
Tjapik,507|567,9959,8969,8930,0,201,0,100,0,20,0,2
Tjapik,529|563,11301,4772,4784,0,150,0,0,0,20,0,2
Tjapik,542|531,9959,6042,6025,0,1103,0,0,0,20,1,2
Tjapik,491|571,9959,9798,9762,0,150,0,0,0,20,1,2
Tjapik,506|571,9959,9828,9712,0,150,297,0,0,52,0,0
Tjapik,498|570,9959,9862,9829,0,150,0,0,0,20,0,0
Tjapik,506|574,9959,9777,9686,0,216,22,0,0,20,0,2
Tjapik,491|572,9959,8643,8703,0,150,0,0,0,32,0,2
Tjapik,493|576,9959,10294,9459,0,150,171,0,0,56,0,2
Tjapik,501|577,9959,10086,9982,0,146,282,0,0,63,0,0
Tjapik,432|536,9959,8416,8373,0,150,0,0,0,20,0,0
Tjapik,490|575,9959,6610,6633,0,150,0,0,0,20,0,0
Tjapik,448|555,9959,6764,6749,0,150,0,0,0,20,0,0
Tjapik,425|507,9959,7556,7580,0,226,0,0,0,20,0,0
Tjapik,435|543,11301,5239,5249,0,150,0,0,0,20,0,0
Tjapik,514|576,9959,9438,9387,0,146,156,0,0,56,0,0
Tjapik,505|579,9959,9435,9360,0,178,454,0,0,124,0,2
Tjapik,421|494,9959,6934,6932,0,150,377,0,0,36,0,0
Tjapik,491|579,9959,9830,9845,0,150,0,0,0,21,0,2
Tjapik,508|577,9959,9284,9104,0,150,292,0,0,52,0,0
Tjapik,423|509,9959,7368,7390,0,150,0,0,0,20,0,0
Tjapik,503|579,9959,9824,9597,0,195,3,0,0,34,0,2
Tjapik,500|581,9959,9452,9273,0,260,128,0,0,38,0,2
Tjapik,493|580,9959,10150,10161,0,290,284,0,0,80,0,0
Tjapik,522|577,9959,9856,9880,0,209,0,0,0,20,0,2
Tjapik,490|579,9959,10648,9823,0,150,0,0,0,32,0,0
Tjapik,512|580,9959,9757,9516,0,186,79,0,0,46,0,2
Tjapik,501|581,9959,10702,9880,0,292,0,0,0,20,0,0
Tjapik,514|581,9959,6372,6369,0,150,0,0,0,20,0,2
Tjapik,511|583,9959,9940,9787,0,223,0,0,0,20,0,0
Tjapik,500|582,9959,9826,9619,0,238,0,0,0,21,0,2
Tjapik,499|583,9959,9823,9793,0,265,0,0,0,20,0,2
Tjapik,428|546,9959,9299,9300,0,150,0,0,0,20,1,0
Tjapik,422|545,9959,7016,6997,0,150,0,0,0,20,1,0
Tjapik,497|591,9959,10482,10311,0,150,0,0,0,32,0,0
Tjapik,492|589,9959,10623,9820,0,289,0,0,0,20,0,0
Tjapik,512|575,9959,10023,9820,0,145,0,0,0,20,0,0
Tjapik,436|565,9959,8017,8012,0,150,0,0,0,20,0,0
Tjapik,428|554,9959,8381,8355,0,150,0,0,0,20,0,0
Tjapik,424|559,9959,7980,7969,0,150,0,0,0,20,0,0
Tjapik,428|566,9959,9312,9347,0,150,0,0,0,20,1,0
Tjapik,465|603,9959,6659,6635,0,150,0,0,0,20,0,0
Tjapik,469|608,9904,6378,6367,0,0,0,0,0,0,0,0
Wogd,531|558,11717,4171,3936,0,300,0,0,0,0,0,2
Wogd,560|568,11901,4448,4420,0,0,0,0,0,0,0,0
Wogd,510|568,10495,8240,8232,0,300,200,84,0,0,0,3
Wogd,512|566,10495,8647,8676,0,300,0,0,0,0,0,0
Wogd,518|574,10301,7658,7676,0,300,0,0,0,0,0,0
Wogd,527|580,10375,8471,8461,0,300,0,0,0,0,0,0
Wogd,505|589,10337,9578,9583,0,300,0,0,0,0,0,0
Wogd,503|601,10301,8836,8853,0,300,0,0,0,0,0,0
Wogd,516|604,10301,8775,8761,0,300,0,0,0,0,0,0
Wogd,524|597,10301,9402,9428,0,300,0,0,0,0,0,0
Wogd,543|594,10452,9095,9077,0,300,0,0,0,0,0,0
Wogd,549|594,10220,8818,8785,0,300,0,0,0,0,0,0
Wogd,551|598,10284,8900,8895,0,300,0,0,0,0,0,0
Wogd,547|580,10280,8159,8299,0,300,0,141,0,0,0,2
Wogd,549|580,10301,8096,8071,0,300,0,0,0,0,0,0
Wogd,551|581,10301,8812,8821,0,300,0,0,0,0,0,0
Wogd,549|582,10301,8209,8197,0,300,0,0,0,0,0,0
Wogd,549|583,10337,7923,7957,0,300,0,0,0,0,0,0
Wogd,553|583,10301,8867,8831,0,300,181,0,0,0,0,2
Wogd,548|586,10378,7855,7672,0,300,0,0,0,0,0,0
Wogd,550|585,10301,9627,9640,0,300,0,0,0,0,0,0
Wogd,555|585,10361,8067,8102,0,300,0,0,0,0,0,0
Wogd,553|590,10301,10041,10055,0,300,0,0,0,0,0,0
Wogd,555|589,10429,8824,8821,0,300,0,0,0,0,0,0
Wogd,557|589,11406,9420,9477,0,300,0,0,0,0,0,0
Wogd,557|588,10559,7374,7356,0,300,0,0,0,0,0,0
Wogd,544|576,10301,7932,7950,0,300,0,200,0,0,0,2
Wogd,549|576,10559,8020,8039,0,300,0,0,0,0,1,0
Wogd,553|576,10301,2775,2813,0,300,0,0,0,0,0,0
Wogd,554|575,10301,7370,7367,0,300,0,184,0,0,1,3
Wogd,554|577,10715,10418,10415,0,68,0,0,0,0,0,0
Wogd,555|577,10311,10590,10701,0,5,0,0,0,0,0,0
Wogd,556|578,10944,10376,10658,0,62,0,0,0,0,0,0
Wogd,557|580,10223,9989,10004,0,300,0,0,0,0,1,0
Wogd,560|578,11420,9579,9604,0,300,0,0,0,0,1,0
Wogd,560|571,10301,9959,9963,0,300,0,0,0,0,1,0
Wogd,562|573,9662,10166,10638,0,15,0,0,0,0,0,0
Wogd,521|528,10495,9741,9761,0,300,0,0,0,0,0,0
Wogd,508|531,10237,9009,9004,0,300,0,158,0,0,0,3
Wogd,504|532,10237,8480,8475,0,300,0,170,0,0,0,3
Wogd,463|549,10311,7360,7360,0,300,0,0,0,0,0,0
Wogd,462|551,10495,7434,7454,0,300,0,186,0,0,0,4
Wogd,463|553,10311,7279,7266,0,300,0,185,0,0,0,3
Wogd,463|558,10495,6524,6480,0,300,0,0,0,0,0,0
Wogd,462|558,10375,7642,7621,0,300,0,186,0,0,0,3
Wogd,461|558,10375,8677,8691,0,300,0,185,0,0,0,4
Wogd,460|559,10311,10707,10714,0,300,0,0,0,0,0,0
Wogd,459|556,10375,10795,10799,0,300,0,0,0,0,0,0
Wogd,459|560,10311,10838,10823,0,300,0,0,0,0,0,0
Wogd,458|560,10311,10735,10714,0,300,0,0,0,0,0,0
Wogd,462|566,10375,10431,10405,0,300,0,0,0,0,0,0
Wogd,461|568,10375,10815,10779,0,300,0,0,0,0,0,0
Wogd,451|571,10311,10736,10760,0,300,0,0,0,0,0,0
Wogd,444|571,10375,10809,10785,0,300,0,0,0,0,0,0
Wogd,443|583,10361,10596,10594,0,300,0,0,0,0,0,0
Wogd,441|586,10378,10179,10191,0,300,0,0,0,0,0,0
Wogd,458|587,10025,10690,10712,0,300,0,0,0,0,0,0
Wogd,460|590,10301,10650,11202,0,300,0,0,0,0,0,0
Wogd,471|581,10544,10313,10291,0,300,0,0,0,0,0,0
Wogd,476|582,10452,10275,10263,0,300,0,0,0,0,0,0
Wogd,474|569,10375,9554,9579,0,300,0,0,0,0,0,0
Wogd,477|570,10375,9949,9938,0,300,0,0,0,0,0,0
Wogd,435|550,10311,10172,10165,0,300,0,0,0,0,0,0
Wogd,426|558,10880,10254,10272,0,300,0,0,0,0,0,0
Wogd,404|534,10301,9497,9510,0,300,0,0,0,0,0,0
Wogd,401|500,10367,9514,9548,0,300,0,0,0,0,0,0
Wogd,472|540,10429,9404,9393,0,300,0,186,0,0,0,4
Wogd,477|540,10301,7988,7954,0,299,0,197,0,0,0,3
Wogd,476|538,10311,8046,8036,0,300,0,197,0,0,0,3
Wogd,437|481,9804,10066,10315,0,162,0,0,0,0,0,0
Wogd,436|481,10224,9951,9917,0,236,0,0,0,0,0,0
Wogd,436|480,10168,9866,10780,0,0,0,0,0,0,0,0
Wogd,441|481,10470,9956,9978,0,300,0,22,0,0,0,0
Wogd,434|480,10114,10276,10236,0,208,0,0,0,0,0,0
Wogd,435|485,10157,10702,10705,0,149,0,0,0,0,0,0
Wogd,426|478,10400,10335,10318,0,135,0,0,0,0,0,0
Wogd,459|471,9808,9779,10325,0,300,0,0,0,0,0,0
Wogd,452|441,10278,9998,7485,0,21,0,0,0,0,0,0
Wogd,449|445,9966,10000,8013,0,53,0,349,0,0,0,4
Wogd,430|498,10610,10201,10295,0,192,0,0,0,0,0,0
Wogd,429|498,10610,10027,10433,0,210,0,0,0,0,0,0
Wogd,430|499,10610,10036,10662,0,91,0,0,0,0,0,0
Wogd,569|518,10884,687,332,0,300,0,112,0,0,1,0
Wogd,572|520,10237,1263,90,0,25,0,245,0,0,1,0
Wogd,571|515,10301,745,234,0,300,0,107,0,0,1,9
Wogd,571|520,6867,1055,275,0,300,0,109,0,0,1,0
Wogd,574|509,9936,777,153,0,287,0,139,0,3,0,0
Wogd,572|514,10636,1030,10,0,259,0,152,0,0,0,5
XroM,454|493,9999,5040,4950,0,665,0,856,0,25,0,0
XroM,450|496,9999,7213,6182,0,916,51,695,0,3,0,0
XroM,452|482,8398,5296,5563,0,0,0,720,0,16,0,0
XroM,452|481,9999,8029,7864,0,598,0,292,0,21,0,0
XroM,444|561,9999,10131,8783,0,392,0,7,5,0,0,0
XroM,460|570,9999,9549,9079,0,257,0,0,0,0,0,0
XroM,453|555,9999,8754,9029,0,915,225,0,9,10,0,0
XroM,455|548,9999,9891,9953,0,401,0,0,0,0,0,0
Xtaz,511|532,10311,4837,137,0,500,437,839,33,205,1,2
Xtaz,496|546,10311,10000,200,0,483,576,941,6,110,0,2
Xtaz,504|541,10311,6998,157,0,500,553,1000,44,210,0,2
Xtaz,537|526,12593,4062,131,0,242,149,501,10,7,0,2
Xtaz,503|547,11579,4088,124,0,188,215,364,30,82,0,2
Xtaz,500|548,10311,9999,200,0,480,515,939,30,128,0,2
Xtaz,448|499,11794,4404,1298,0,127,131,265,10,58,0,0
Xtaz,498|551,10311,8676,3335,0,456,459,763,18,75,0,2
Xtaz,544|529,10237,9983,200,0,500,271,1000,29,122,0,2
Xtaz,497|557,10311,9679,392,0,423,533,860,30,135,0,2
Xtaz,540|545,10311,10000,200,0,497,488,977,30,108,0,2
Xtaz,498|561,10311,9938,1728,0,375,458,734,30,168,0,0
Xtaz,439|509,10311,10000,200,0,490,500,819,40,241,0,0
Xtaz,495|562,10375,8148,1508,0,499,569,943,30,159,0,2
Xtaz,551|535,11653,3158,1478,0,196,157,384,20,45,0,2
Xtaz,489|560,11707,3350,68,0,232,269,474,30,57,0,2
Xtaz,505|559,10375,9860,200,0,500,498,1000,30,101,0,2
Xtaz,496|562,10336,9735,463,0,468,523,1000,20,87,0,2
Xtaz,483|551,10019,9077,188,0,487,563,977,50,232,0,2
Xtaz,435|507,10294,8210,166,0,500,590,989,50,289,0,0
Xtaz,433|507,10311,8555,200,0,500,600,1000,40,234,0,0
Xtaz,494|563,10311,8639,361,0,500,581,1000,50,159,0,2
Xtaz,489|568,10311,9958,199,0,497,583,943,25,120,0,0
Xtaz,493|568,10311,8888,185,0,478,577,936,50,228,0,2
Xtaz,476|565,10068,9094,185,0,500,600,1000,40,220,0,0
Xtaz,493|569,10311,10000,500,0,481,505,946,20,96,0,2
Xtaz,529|557,11389,3715,2278,0,306,148,222,10,10,0,2
Xtaz,494|570,10311,10000,316,0,475,505,938,35,117,0,2
Xtaz,476|568,10160,8825,185,0,500,589,974,49,271,0,0
Xtaz,512|574,10311,9920,537,0,411,421,888,40,217,0,0
Xtaz,508|575,10311,10000,200,0,470,471,934,30,181,0,0
Xtaz,547|564,11653,3156,2996,0,588,72,115,10,8,0,2
Xtaz,547|562,10311,8509,194,0,500,591,982,50,251,1,0
Xtaz,543|570,10311,10000,200,0,461,537,896,40,147,0,2
Xtaz,500|540,10311,10000,907,0,425,511,852,30,133,0,1
Xtaz,544|568,10311,8078,200,0,495,517,961,50,300,1,2
Xtaz,507|527,10311,8477,366,0,500,600,1000,40,223,0,0
Xtaz,416|468,10971,9573,200,0,447,358,1200,20,84,0,0
Xtaz,417|465,10495,8898,1496,0,318,365,1161,20,79,0,0
Xtaz,544|577,10311,8095,1310,0,500,570,1000,30,174,0,0
Xtaz,418|465,10495,9238,200,0,480,572,1000,30,169,0,0
Xtaz,416|465,11361,5228,138,0,146,168,277,20,120,0,0
Xtaz,546|589,10311,8996,200,0,500,483,1000,47,233,0,0
Xtaz,406|463,10068,3706,204,0,500,600,1100,40,204,0,0
Xtaz,553|585,10425,10000,610,0,416,499,942,10,58,0,0
Xtaz,546|590,10375,8184,767,0,500,478,1000,47,264,0,0
Xtaz,513|602,10636,8561,194,0,463,537,913,49,300,0,2
Xtaz,555|587,10555,8908,1710,0,404,485,830,29,125,0,0
Xtaz,524|601,10495,8850,184,0,500,588,979,40,216,0,0
Xtaz,403|458,10311,8722,4287,0,433,264,791,10,50,0,1
Xtaz,517|596,10311,9865,200,0,500,556,970,30,121,0,0
Xtaz,549|592,10361,10000,206,0,393,461,967,27,108,0,0
Xtaz,407|454,10336,4635,200,0,500,600,1000,50,280,0,0
Xtaz,532|605,10311,10000,282,0,478,519,951,30,132,0,0
Xtaz,400|452,9963,7088,3330,0,489,576,938,30,142,0,0
Xtaz,401|454,8276,10491,200,0,317,380,1276,20,60,1,0
Xtaz,401|457,10311,7968,4207,0,500,420,685,30,139,0,0
Xtaz,399|454,9734,3710,200,0,500,600,0,50,300,0,0
Xtaz,520|597,6946,10000,200,0,0,0,0,0,0,0,0
Xtaz,498|612,4523,538,362,0,120,130,0,10,60,0,0
Yorick,479|532,10211,6293,6296,0,50,0,0,5,0,1,2
Yorick,483|535,10211,8831,8829,0,50,0,0,5,0,0,2
Yorick,481|526,10211,9982,10018,0,101,0,1,5,0,0,2
Yorick,474|534,10211,9964,9958,0,230,0,0,5,0,0,2
Yorick,477|534,10211,7031,6989,0,50,0,4,5,0,0,2
Yorick,482|541,10211,6582,6594,0,50,0,107,5,0,0,2
Yorick,503|540,10211,4477,4509,0,50,0,0,5,0,0,2
Yorick,498|532,11143,5603,5641,0,132,0,0,5,7,1,2
Yorick,501|542,10211,8281,7793,0,50,0,0,5,0,0,2
Yorick,529|528,10316,8077,8087,0,88,0,0,5,0,0,3
Yorick,441|429,10211,9863,9833,0,50,0,0,5,0,0,0
Yorick,442|430,10211,10231,10251,0,50,0,0,5,0,0,0
Yorick,478|491,11420,4249,4248,0,50,0,0,5,0,0,2
Yorick,479|492,10211,4941,4925,0,50,0,0,5,0,0,2
Yorick,479|491,10211,4414,4436,0,50,0,0,5,0,0,2
Yorick,502|507,11553,3681,3656,0,51,0,0,5,0,0,2
Yorick,449|463,11553,4450,4425,0,50,0,0,5,0,0,0
Yorick,428|460,10211,4618,4592,0,50,0,0,5,0,0,0
Yorick,427|461,9735,2949,2963,0,50,244,0,19,6,0,0
Yorick,440|519,10211,9976,9994,0,94,0,345,7,3,0,0
Yorick,439|523,10211,11000,10970,0,61,0,0,5,0,0,0
Yorick,440|523,10211,10946,10952,0,59,0,1,5,0,0,0
Yorick,434|529,10211,10424,10446,0,50,0,0,5,0,0,0
Yorick,433|530,10211,9010,9002,0,58,0,0,5,0,0,0
Yorick,430|531,10211,10934,10932,0,75,0,1,5,0,0,0
Yorick,431|548,10211,10853,10829,0,50,0,0,5,0,0,0
Yorick,413|548,10211,5998,6002,0,64,0,0,5,0,0,0
Yorick,405|539,10211,8128,8099,0,75,0,0,5,0,0,0
Yorick,398|501,10211,9786,9812,0,50,0,1,5,0,0,0
Yorick,399|511,10211,6571,6552,0,50,0,0,5,0,0,0
Yorick,397|521,10211,8559,8541,0,105,0,1,5,0,0,0
Yorick,406|525,10211,8433,8439,0,166,0,0,5,0,0,0
Yorick,397|509,10211,7901,7917,0,53,0,0,5,0,0,0
Yorick,400|514,10211,7769,7763,0,50,0,0,5,0,0,0
Yorick,398|500,10211,9758,9736,0,63,0,0,5,0,0,0
Yorick,398|508,10211,9580,9578,0,50,0,0,5,0,0,0
Yorick,396|517,10211,8957,8966,0,101,0,1,5,0,0,0
Yorick,411|548,10211,9682,9656,0,76,0,1,5,0,0,0
Yorick,400|532,10211,10217,10203,0,73,0,1,5,0,0,0
Yorick,399|527,10211,6328,6326,0,50,0,0,5,0,0,0
Yorick,407|547,10211,10228,10249,0,157,0,1,5,0,0,0
Yorick,402|517,10211,7560,7552,0,106,0,0,5,0,0,0
Yorick,405|537,10211,8400,8384,0,56,0,1,5,0,0,0
Yorick,406|539,10211,9675,9700,0,96,0,1,5,0,0,0
Yorick,400|528,10211,9857,9852,0,50,0,0,5,0,0,0
Yorick,416|559,10211,10140,10136,0,59,0,1,5,0,0,0
Yorick,400|527,10211,5042,5032,0,78,0,0,5,0,0,0
Yorick,396|534,10211,8832,8837,0,125,0,0,5,0,0,0
Yorick,395|515,10211,9779,9776,0,151,0,1,5,0,0,0
Yorick,401|533,10211,8326,8348,0,68,0,0,5,0,0,0
Yorick,392|508,10211,9537,9585,0,115,166,1,5,0,0,0
Yorick,398|539,10211,9892,9878,0,65,0,1,5,0,0,0
Yorick,397|540,10211,10395,10427,0,57,0,0,13,0,0,0
Yorick,404|551,10211,8446,8440,0,179,0,0,5,0,0,0
Yorick,418|555,10211,10085,10125,0,186,0,0,5,0,0,0
Yorick,390|515,10211,8882,8843,0,166,0,0,5,0,0,0
Yorick,390|508,10211,8258,8274,0,80,0,0,5,0,0,0
Yorick,393|518,10211,10174,10180,0,114,0,0,5,0,0,0
Yorick,392|526,10211,9363,9395,0,99,0,0,5,0,0,0
Yorick,390|526,10211,9893,9877,0,50,0,0,78,0,0,0
Yorick,460|521,10211,11000,10974,0,50,0,1,5,0,0,2
Yorick,461|521,10211,10005,9999,0,50,0,16,5,0,0,2
Yorick,462|526,10211,9122,9141,0,50,0,0,5,0,0,2
Yorick,463|524,10211,10580,10554,0,50,0,0,5,0,0,2
Yorick,462|524,10211,9010,9050,0,75,0,0,5,0,0,2
Yorick,464|532,10211,10369,10393,0,50,0,0,5,0,0,2
Yorick,418|480,10211,8765,8807,0,50,0,7,5,0,0,0
Yorick,420|474,10211,9907,9891,0,50,0,0,5,0,0,0
Yorick,423|477,10211,9743,9725,0,50,0,0,5,0,0,0
Yorick,420|475,10211,8016,8024,0,50,0,0,5,0,0,0
Yorick,421|478,10211,10250,10232,0,50,0,0,5,0,0,0
Yorick,418|476,10211,10061,10073,0,224,0,0,5,0,0,0
Yorick,417|476,10211,10229,10253,0,50,0,0,5,0,0,0
Yorick,416|480,10211,10118,10130,0,167,0,0,5,0,0,0
Yorick,415|481,10211,8897,8909,0,55,0,0,5,0,0,0
Yorick,414|475,10211,8695,8681,0,254,0,0,5,0,0,0
Yorick,453|534,10211,10631,10644,0,129,0,0,5,0,0,2
Yorick,455|533,10211,9553,9633,0,148,0,150,5,0,0,2
Дагир,406|562,5307,8583,3939,0,352,358,1066,0,96,0,0
Дагир,389|506,6605,6583,4454,0,346,641,992,9,150,0,0
Дагир,412|503,9966,7749,5338,0,402,114,1013,0,22,0,0
Дагир,412|511,9966,8752,5286,0,443,79,1017,0,28,0,0
Дагир,419|515,9966,13390,3207,0,345,218,477,0,98,0,0
Дагир,413|504,9966,7879,4659,0,293,249,1001,0,59,0,0
Дагир,420|560,9966,8780,4054,0,366,97,947,0,121,0,0
Дагир,425|577,9189,10193,5294,0,455,57,628,0,69,0,0
Дагир,423|577,6269,6143,3585,0,1181,920,1028,0,113,0,0
Дагир,426|537,10273,8099,3489,0,464,400,1175,0,136,0,0
Дагир,424|540,10290,8543,7386,0,421,83,941,0,28,0,0
Дагир,420|543,10429,8224,6910,0,253,73,808,0,25,0,0
Дагир,415|548,10228,9433,8151,0,421,80,368,0,14,0,0
Дагир,412|544,9818,9988,7053,0,327,71,520,0,25,0,0
Дагир,411|544,10114,7453,8142,0,395,77,673,0,28,0,0
Дагир,407|538,10069,9251,7936,0,276,73,559,0,26,0,0
Дагир,407|534,10495,9870,6082,0,320,206,626,0,39,0,0
Дагир,427|535,10178,9529,7147,0,440,66,713,0,22,1,0
Дагир,404|541,9723,9964,7783,0,112,53,399,0,19,0,0
Дагир,410|559,8256,9250,5773,0,131,252,793,0,105,1,5
Дагир,408|548,10004,7460,8403,0,216,117,675,1,39,0,0
Дагир,413|528,9938,8974,8950,0,328,88,338,0,23,0,0
Дагир,418|554,10068,9894,7283,0,340,117,593,0,24,0,0
Дагир,405|531,10237,8308,6929,0,187,55,832,0,30,0,0
Дагир,470|601,9847,11169,7167,0,417,304,224,0,131,0,3
Дагир,420|535,10252,10198,5605,0,288,115,649,0,26,0,0
Дагир,421|543,10253,10024,4736,0,167,95,766,0,20,0,0
Дагир,430|493,9116,6326,779,0,182,346,749,97,0,0,0
Дагир,428|496,10083,8099,1357,0,289,379,1238,0,142,0,0
Дагир,426|495,10083,6395,1817,0,670,676,1112,0,207,0,0
Дагир,430|501,9850,8610,3157,0,318,285,1015,0,124,0,0
Дагир,427|505,9717,8973,1470,0,474,259,1166,0,172,0,0
Дагир,408|562,3270,2180,2505,0,367,301,91,0,0,0,0
Дагир,415|565,1872,1270,1594,0,0,0,0,0,0,0,0
Дагир,463|604,3418,3087,2771,0,244,190,0,0,64,0,0
монарх алексей,452|588,12154,16073,6039,0,50,0,0,0,0,0,0
монарх алексей,431|572,12154,15176,6696,0,50,0,0,0,0,0,0
монарх алексей,419|569,12154,14540,7092,0,50,0,0,0,0,0,0
Моя бабуля,461|530,11639,4303,4303,0,159,0,0,0,0,0,1
Моя бабуля,418|517,10495,10845,10843,0,80,0,0,0,0,1,0
Моя бабуля,416|520,10495,11078,11053,0,51,0,0,0,0,1,0
Моя бабуля,394|507,10187,10641,10688,0,0,0,0,0,0,1,0
Моя бабуля,393|526,10122,10401,10405,0,108,0,0,0,0,1,0
Моя бабуля,392|503,10113,10798,10834,0,100,0,0,5,1,1,0
Сергейя,480|584,9994,6103,2088,0,143,0,1920,0,70,1,0
Сергейя,398|540,8408,5856,3260,0,81,0,1911,0,0,0,0
Сергейя,497|597,9599,7392,3377,0,234,0,1587,0,0,1,0
Сергейя,501|597,10057,11070,1157,0,100,0,1384,0,7,0,0
Сергейя,501|602,9502,7158,3224,0,169,0,1701,0,10,0,0
Сергейя,509|600,9970,5662,3820,0,100,0,1790,49,0,0,0
Сергейя,470|591,9779,6730,3184,0,40,0,1566,0,0,1,4
Сергейя,455|603,7161,5549,3495,0,100,0,1097,0,0,0,0
Токмэн,439|437,10954,6149,6100,0,500,0,1000,0,0,0,0
Токмэн,442|436,11558,6055,6055,0,500,113,1000,1,86,0,0
Токмэн,445|434,10779,6059,6000,0,500,0,1000,10,0,0,0
Токмэн,447|428,11558,4932,4904,0,259,823,900,3,148,1,0
Токмэн,448|442,11558,4732,4726,0,600,634,1000,1,132,0,0
Токмэн,455|445,12836,3330,3300,0,400,0,210,5,0,0,0
Токмэн,449|433,11558,6428,6427,0,700,0,1000,0,0,0,0
Токмэн,452|429,12072,3698,3698,0,70,0,500,0,0,1,0
Токмэн,448|446,11678,6850,6569,0,550,0,1500,1,0,0,0
Токмэн,472|516,9902,6540,6540,0,700,0,1000,0,0,0,2
Токмэн,479|517,9038,5733,5734,0,618,0,861,6,0,1,0
Токмэн,480|521,10495,5400,5250,0,600,264,1000,20,135,1,2
Токмэн,478|525,9738,6488,6476,0,934,297,306,9,150,0,0
Токмэн,488|520,11837,2811,2811,0,460,2,360,5,0,0,2
Токмэн,535|525,12325,4791,4790,0,740,0,500,5,0,1,2
Токмэн,466|511,9743,5927,5941,0,485,48,792,9,0,0,0
Токмэн,466|512,9782,7424,7423,0,674,72,422,6,65,0,0
Токмэн,467|513,10375,6355,6355,0,500,101,960,8,50,0,2
Токмэн,472|497,11665,2269,2270,0,880,0,400,4,0,0,2
Токмэн,423|546,10375,7127,7149,0,830,1,744,6,10,0,0
Токмэн,404|549,10301,8301,8257,0,915,0,349,10,0,0,0
Токмэн,418|552,9825,13147,6875,0,700,0,100,10,0,0,0
Токмэн,430|559,9825,6436,6446,0,1000,499,502,11,88,0,0
Токмэн,431|559,9825,6729,6762,0,588,0,997,0,0,0,0
Токмэн,423|564,9966,8240,8192,0,395,0,561,5,0,0,0
Токмэн,418|570,9902,5629,5629,0,500,431,1000,18,76,0,0
Токмэн,422|579,10237,4815,4770,0,600,701,996,10,123,0,0
Токмэн,436|572,9966,8532,8563,0,475,50,598,4,25,0,0
Токмэн,432|573,9966,9368,9357,0,400,117,350,8,20,0,0
Токмэн,434|574,9966,8135,8099,0,500,0,559,5,0,0,0
Токмэн,435|576,9966,9938,9490,0,400,0,300,5,0,0,0
Токмэн,433|583,9889,8031,8031,0,340,0,640,10,0,0,0
Токмэн,439|585,9966,7764,7714,0,500,0,680,11,0,0,0
Токмэн,450|583,9966,7504,7504,0,500,0,1000,9,0,0,0
Токмэн,442|589,10414,6472,6472,0,750,0,1000,0,0,0,0
Токмэн,448|589,9966,7430,7430,0,700,0,1000,5,1,0,0
Токмэн,450|589,9966,7384,7384,0,500,0,1000,9,0,0,0
Токмэн,448|590,9966,8683,8683,0,500,168,500,3,30,0,0
Токмэн,444|591,9902,6885,6843,0,675,0,912,4,0,0,0
Токмэн,456|591,9966,7834,7834,0,560,0,870,9,0,0,0
Токмэн,456|592,9966,8759,8605,0,350,0,650,7,0,0,0
Токмэн,452|593,9966,7279,7279,0,440,0,860,3,0,0,0
Токмэн,460|593,9966,7759,7759,0,700,0,850,7,0,0,0
Токмэн,459|594,9966,8204,8199,0,680,0,750,6,0,0,0
Токмэн,452|596,9966,6627,6602,0,889,0,931,4,0,0,0
Токмэн,472|602,9966,7858,7900,0,433,0,859,7,0,0,0
Токмэн,472|605,10043,7597,7597,0,500,0,720,4,0,0,0
Токмэн,474|601,9966,8414,8414,0,500,0,700,5,0,0,0
Токмэн,481|599,10043,7029,7028,0,536,0,895,7,0,0,0
Токмэн,494|607,10378,6612,6622,0,587,0,1000,9,0,0,0
Токмэн,492|611,10043,7011,6974,0,506,0,914,9,1,0,0
Туз.,451|519,9811,10328,9016,0,455,0,0,26,0,0,4
Туз.,447|521,10525,8903,5082,0,188,375,623,0,0,0,0
Туз.,453|520,12045,3846,3752,0,454,351,0,5,16,0,0
Туз.,434|520,10634,11270,9033,0,100,0,250,0,0,0,0
Туз.,437|516,9996,12335,4847,0,205,0,793,5,0,0,0
Туз.,437|517,9619,11022,8698,0,355,237,126,13,14,0,0
Туз.,435|521,9231,12050,7165,0,288,0,404,12,0,0,0
Туз.,434|523,9997,11026,7529,0,456,226,143,21,15,0,0
Туз.,437|518,10617,12337,6556,0,166,302,237,0,49,0,0
Туз.,428|527,10392,13985,4953,0,191,0,415,16,0,0,0
Туз.,427|516,9328,12309,7273,0,194,0,362,4,0,0,0
Туз.,430|527,9521,10500,10816,0,316,0,0,32,0,0,0
Туз.,429|534,10077,13052,7226,0,94,89,166,2,5,0,1
Туз.,426|531,10077,12741,4325,0,234,26,669,4,37,0,0
Туз.,424|534,10860,13734,6416,0,213,42,111,25,30,0,0
Туз.,423|540,10077,13320,6365,0,448,155,0,30,77,0,0
Туз.,423|503,9630,9015,5844,0,372,183,946,22,0,1,0
Туз.,493|542,10213,8851,10241,0,234,0,83,10,0,0,5
Туз.,410|470,9966,8573,8783,0,1381,115,0,5,0,1,0
Туз.,522|542,10297,8143,1056,0,143,0,1404,5,0,0,5
Туз.,410|463,10610,9388,5900,0,216,0,724,19,0,0,0
Туз.,409|461,10586,9814,4360,0,158,0,1019,9,0,0,0
Туз.,405|464,10586,10250,2935,0,246,0,1302,24,0,0,0
Туз.,408|463,10586,10415,2438,0,205,0,1361,16,0,0,1
Туз.,408|465,10586,9938,2744,0,116,0,1426,8,0,0,1
Туз.,408|466,10586,9439,2951,0,198,0,1334,20,0,0,0
Туз.,407|466,10586,9928,3006,0,219,0,1238,18,0,0,0
Туз.,406|466,10586,9688,3611,0,178,0,1189,20,0,0,0
Туз.,405|466,10586,9621,3936,0,177,0,1104,23,0,0,0
Туз.,404|466,10610,9418,7181,0,227,0,439,22,0,0,0
Туз.,403|464,10586,9423,4034,0,164,0,1170,21,0,0,0
Туз.,403|465,10586,9174,4694,0,175,0,977,18,0,0,0
Туз.,402|465,10610,9164,6025,0,143,0,765,19,0,0,0
Туз.,428|500,10122,9737,0,0,97,0,1753,15,0,0,0
Туз.,404|467,10586,9154,3933,0,127,0,1119,23,0,0,0
Туз.,404|468,10586,9184,3906,0,142,0,1116,20,0,0,0
Туз.,427|479,9942,3911,3832,0,120,0,0,3,0,0,0
Туз.,405|470,10586,9263,4363,0,116,0,1041,13,0,0,0
Туз.,427|476,9966,10286,9931,0,371,86,0,4,0,1,0
Туз.,400|465,10586,10364,1359,0,204,0,1438,26,0,0,0
Туз.,398|464,10586,10530,1295,0,200,0,1429,18,0,0,0
Туз.,425|502,10136,6503,0,0,6,0,1679,1,0,0,0
Туз.,401|466,10610,9970,2482,0,190,0,1327,15,0,1,0
Туз.,401|469,9304,10157,5686,0,81,0,878,5,0,0,0
Туз.,399|470,10586,10494,680,0,205,0,1536,18,0,0,0
Туз.,399|469,10586,11162,470,0,147,0,1603,13,0,0,0
Туз.,398|467,10586,9797,4421,0,210,0,987,18,0,0,0
Туз.,397|467,10586,9550,4430,0,188,0,1038,13,0,0,0
Туз.,396|465,10586,9486,5622,0,195,0,766,15,0,0,0
Туз.,394|464,9636,8210,4851,0,75,0,648,2,0,0,0
Туз.,396|468,11589,8965,1209,0,199,0,1670,14,0,0,0
Туз.,431|498,10815,4431,4383,0,300,1,0,0,0,1,0
Туз.,393|469,9400,10306,1801,0,184,0,1508,0,0,0,0
Туз.,396|470,10586,9642,5156,0,215,19,885,15,0,0,2
Туз.,397|470,10586,9667,3027,0,161,0,1304,10,0,0,0
Туз.,396|472,10586,9875,3290,0,191,0,1207,20,0,0,0
Туз.,398|472,10586,10196,5308,0,201,0,774,20,0,0,0
Туз.,395|465,7596,6288,6507,0,112,162,0,0,0,1,0
Туз.,407|464,10586,8240,2949,0,189,0,1503,13,0,0,0
Туз.,405|463,10586,6956,5294,0,219,0,1312,18,0,0,0
Туз.,406|468,10411,10365,1256,0,178,0,1489,13,0,0,0
Туз.,420|441,10714,3307,2324,0,394,0,2,0,0,0,1
Туз.,443|455,11794,3821,3643,0,273,75,0,12,0,0,0
Туз.,426|473,10076,4014,3719,0,0,0,0,0,0,0,0
Туз.,442|480,11693,3012,2142,0,868,0,0,0,0,0,0